Product,TotalQuantitySold,TotalRevenue,CurrentStock,ReorderLevel,LowStockAlert
  DOORMAT UNION JACK GUNS AND ROSES,167,1071.25,122,50,NO
 3 STRIPEY MICE FELTCRAFT,662,1241.1,455,50,NO
 4 PURPLE FLOCK DINNER CANDLES,200,265.2,368,50,NO
 ANIMAL STICKERS,385,80.85,290,50,NO
 BLACK PIRATE TREASURE CHEST,45,74.25,126,50,NO
 BROWN  PIRATE TREASURE CHEST ,36,59.4,91,50,NO
 Bank Charges,2,30.0,208,50,NO
 CAMPHOR WOOD PORTOBELLO MUSHROOM,43,53.75,40,50,YES
 CHERRY BLOSSOM  DECORATIVE FLASK,308,1068.6000000000001,122,50,NO
 FAIRY CAKE CANDLES,153,202.05,141,50,NO
 FLAMINGO LIGHTS,335,1523.8500000000001,486,50,NO
 HOME SWEET HOME  BLACKBOARD,117,722.3100000000001,234,50,NO
 IVORY PAPER CUP CAKE CASES ,1146,521.1,350,50,NO
 LARGE SKULL WINDMILL,8,16.8,478,50,NO
 NEW BAROQUE BLACK BOXES,6,76.5,107,50,NO
 OVAL WALL MIRROR DIAMANTE ,20,199.0,392,50,NO
 PAINT YOUR OWN CANVAS SET,480,724.8,119,50,NO
 PEACE WOODEN BLOCK LETTERS,133,917.15,379,50,NO
 RED/WHITE DOT MINI CASES,478,3528.18,171,50,NO
 RIDGED GLASS T-LIGHT HOLDER,940,531.8000000000001,150,50,NO
 SET 2 TEA TOWELS I LOVE LONDON ,1055,3022.65,169,50,NO
 SET Of 6 SOLDIER SKITTLES,16,60.0,328,50,NO
 SILVER CHERRY LIGHTS,264,1594.8000000000002,277,50,NO
 SILVER T-LIGHT SETTING,37,240.15,363,50,NO
 STAR  T-LIGHT HOLDER ,20,28.999999999999996,433,50,NO
 VINTAGE DESIGN GIFT TAGS,244,207.4,313,50,NO
 WHITE BAMBOO RIBS LAMPSHADE,210,148.26,405,50,NO
 WHITE CHERRY LIGHTS,1986,11697.300000000001,211,50,NO
10 COLOUR SPACEBOY PEN,6015,5000.429999999999,463,50,NO
11 PC CERAMIC TEA SET POLKADOT,3,14.85,296,50,NO
12 ASS ZINC CHRISTMAS DECORATIONS,429,900.9000000000001,180,50,NO
12 COLOURED PARTY BALLOONS,2116,1309.4,479,50,NO
12 DAISY PEGS IN WOOD BOX,576,950.4,333,50,NO
12 EGG HOUSE PAINTED WOOD,364,3751.4,41,50,YES
12 IVORY ROSE PEG PLACE SETTINGS,1647,1969.83,272,50,NO
12 MESSAGE CARDS WITH ENVELOPES,1396,2231.4,255,50,NO
12 MINI TOADSTOOL PEGS,465,581.25,364,50,NO
12 PENCIL SMALL TUBE WOODLAND,5238,3325.5,68,50,NO
12 PENCILS SMALL TUBE POSY,518,336.7,494,50,NO
12 PENCILS SMALL TUBE RED RETROSPOT,3610,2346.5,78,50,NO
12 PENCILS SMALL TUBE RED SPOTTY,7997,4998.05,189,50,NO
12 PENCILS SMALL TUBE SKULL,6216,3977.2000000000003,495,50,NO
12 PENCILS TALL TUBE POSY,2047,732.91,207,50,NO
12 PENCILS TALL TUBE RED RETROSPOT,1210,1028.5,483,50,NO
12 PENCILS TALL TUBE RED SPOTTY,2239,1878.1899999999998,290,50,NO
12 PENCILS TALL TUBE SKULLS,2651,2248.67,209,50,NO
12 PENCILS TALL TUBE WOODLAND,2634,2164.02,465,50,NO
12 PINK HEN+CHICKS IN BASKET,49,124.95,194,50,NO
12 PINK ROSE PEG PLACE SETTINGS,1260,1486.08,465,50,NO
12 RED ROSE PEG PLACE SETTINGS,767,949.63,70,50,NO
15 PINK FLUFFY CHICKS IN BOX,19,56.050000000000004,383,50,NO
15CM CHRISTMAS GLASS BALL 20 LIGHTS,1314,9669.300000000001,74,50,NO
2 DAISIES HAIR COMB,12,35.400000000000006,263,50,NO
2 PICTURE BOOK EGGS EASTER BUNNY,560,535.0,339,50,NO
2 PICTURE BOOK EGGS EASTER CHICKS,557,531.25,150,50,NO
2 PICTURE BOOK EGGS EASTER DUCKS,548,520.0,326,50,NO
20 DOLLY PEGS RETROSPOT,3221,3769.63,154,50,NO
200 BENDY SKULL STRAWS,601,682.85,40,50,YES
200 RED + WHITE BENDY STRAWS,1226,1482.34,348,50,NO
24 HANGING EASTER EGGS FLORAL TUB,654,2222.1,186,50,NO
3 BIRDS CANVAS SCREEN,1,1.65,293,50,NO
3 BLACK CATS W HEARTS BLANK CARD,55,10.450000000000001,407,50,NO
3 GARDENIA MORRIS BOXED CANDLES,339,1343.07,108,50,NO
3 HEARTS HANGING DECORATION RUSTIC,5492,15454.2,335,50,NO
3 HOOK HANGER MAGIC GARDEN,1056,1853.9999999999998,33,50,YES
3 HOOK PHOTO SHELF ANTIQUE WHITE,1328,9585.64,261,50,NO
3 PIECE JIGSAW TOADSTOOLS,16,26.4,284,50,NO
3 PIECE SPACEBOY COOKIE CUTTER SET,211,443.1,365,50,NO
3 PINK HEN+CHICKS IN BASKET,87,97.35,72,50,NO
3 ROSE MORRIS BOXED CANDLES,174,689.34,405,50,NO
3 STRIPEY MICE FELTCRAFT,4170,7275.5,359,50,NO
3 TIER CAKE TIN GREEN AND CREAM,122,1753.5,111,50,NO
3 TIER CAKE TIN RED AND CREAM,199,2834.25,386,50,NO
3 TIER SWEETHEART GARDEN SHELF,8,287.6,463,50,NO
3 TRADITIONAL COOKIE CUTTERS  SET,204,392.40000000000003,474,50,NO
3 TRADITIONAl BISCUIT CUTTERS  SET,302,598.2,447,50,NO
3 WHITE CHOC MORRIS BOXED CANDLES,233,909.29,283,50,NO
3 WICK CHRISTMAS BRIAR CANDLE ,258,967.5,450,50,NO
36 DOILIES DOLLY GIRL,1039,1391.35,54,50,NO
36 DOILIES SPACEBOY DESIGN ,705,993.4499999999999,225,50,NO
36 DOILIES VINTAGE CHRISTMAS,2592,3585.6,100,50,NO
36 FOIL HEART CAKE CASES,550,1104.0,439,50,NO
36 FOIL STAR CAKE CASES ,437,890.7,69,50,NO
36 PENCILS TUBE POSY,145,181.25,379,50,NO
36 PENCILS TUBE RED RETROSPOT,1055,1294.43,407,50,NO
36 PENCILS TUBE RED SPOTTY,3225,3882.29,21,50,YES
36 PENCILS TUBE SKULLS,2193,2683.49,409,50,NO
36 PENCILS TUBE WOODLAND,1968,2456.96,73,50,NO
3D CHRISTMAS STAMPS STICKERS ,773,945.73,125,50,NO
3D DOG PICTURE PLAYING CARDS,967,2737.4500000000003,279,50,NO
3D HEARTS  HONEYCOMB PAPER GARLAND,562,1625.1000000000001,329,50,NO
3D SHEET OF CAT STICKERS,951,808.3499999999999,496,50,NO
3D SHEET OF DOG STICKERS,918,780.3,210,50,NO
3D SHEET OF SEA WORLD STICKERS,145,123.25,421,50,NO
3D STICKERS CHRISTMAS STAMPS,940,1137.0,237,50,NO
3D STICKERS TRADITIONAL CHRISTMAS ,980,1187.0,63,50,NO
3D STICKERS VINTAGE CHRISTMAS,1060,1268.0,181,50,NO
3D TRADITIONAL CHRISTMAS STICKERS,898,1101.98,221,50,NO
3D VINTAGE CHRISTMAS STICKERS ,959,1157.71,465,50,NO
4 BLUE DINNER CANDLES SILVER FLOCK,132,259.2,289,50,NO
4 BURGUNDY WINE DINNER CANDLES,488,251.44,370,50,NO
4 FESTIVE GREEN DINNER CANDLES,51,23.91,323,50,NO
4 GOLD FLOCK CHRISTMAS BALLS,126,198.0,290,50,NO
4 IVORY DINNER CANDLES GOLD FLOCK,816,1029.72,475,50,NO
4 IVORY DINNER CANDLES SILVER FLOCK,861,1390.71,481,50,NO
4 LAVENDER BOTANICAL DINNER CANDLES,283,983.25,234,50,NO
4 LILY  BOTANICAL DINNER CANDLES,324,1182.0,271,50,NO
4 PEAR BOTANICAL DINNER CANDLES,337,1188.75,209,50,NO
4 PINK DINNER CANDLE SILVER FLOCK,133,155.55,315,50,NO
4 PINK FLOCK CHRISTMAS BALLS,126,198.0,232,50,NO
4 ROSE PINK DINNER CANDLES,402,183.78,227,50,NO
4 SKY BLUE DINNER CANDLES,317,157.21,256,50,NO
4 TRADITIONAL SPINNING TOPS,3196,3964.6,357,50,NO
4 VANILLA BOTANICAL CANDLES,156,585.0,386,50,NO
4 WILDFLOWER BOTANICAL CANDLES,296,1059.0,72,50,NO
5 HOOK BLACKBOARD ORGANISER ,300,2579.64,299,50,NO
5 HOOK HANGER MAGIC TOADSTOOL,1179,1830.15,429,50,NO
5 HOOK HANGER RED MAGIC TOADSTOOL,1469,2248.65,236,50,NO
5 STRAND GLASS NECKLACE AMBER,13,82.55,271,50,NO
5 STRAND GLASS NECKLACE AMETHYST,15,95.25,207,50,NO
5 STRAND GLASS NECKLACE BLACK,9,57.15,399,50,NO
5 STRAND GLASS NECKLACE CRYSTAL,84,490.4,60,50,NO
50CM METAL STRING WITH  7 CLIPS,95,80.75,176,50,NO
6 CHOCOLATE LOVE HEART T-LIGHTS,1599,3153.48,34,50,YES
6 CROCHET STRAWBERRIES,937,1096.39,320,50,NO
6 EGG HOUSE PAINTED WOOD,675,4902.25,84,50,NO
6 HOOK JEWEL STAND LILAC DRESS,1,8.49,364,50,NO
6 HOOK JEWELLERY STAND BLACK DRESS,516,1071.6,346,50,NO
6 RABBIT CHAIN EASTER,52,44.199999999999996,28,50,YES
6 RIBBONS ELEGANT CHRISTMAS ,1525,2415.4500000000003,363,50,NO
6 RIBBONS EMPIRE  ,1085,1759.05,148,50,NO
6 RIBBONS RUSTIC CHARM,7647,12415.95,155,50,NO
6 RIBBONS SHIMMERING PINKS ,746,942.9,491,50,NO
6 ROCKET BALLOONS ,1999,1299.35,82,50,NO
6 SEGMENT COLOURED SNACK BOWL ,18,143.1,158,50,NO
60 CAKE CASES DOLLY GIRL DESIGN,2685,1336.35,100,50,NO
60 CAKE CASES VINTAGE CHRISTMAS,11020,5455.72,411,50,NO
60 GOLD AND SILVER FAIRY CAKE CASES,4199,2005.1299999999999,182,50,NO
60 TEATIME FAIRY CAKE CASES,35656,17436.3,438,50,NO
72 CAKE CASES DOLLY GIRL DESIGN,943,471.84999999999997,308,50,NO
72 CAKE CASES VINTAGE CHRISTMAS,4293,2148.99,398,50,NO
72 ROUND PINK DOILIES,115,166.75,280,50,NO
72 SWEETHEART FAIRY CAKE CASES,21183,10077.92,250,50,NO
75 BLACK FAIRY CAKE CASES,985,479.34999999999997,60,50,NO
75 BLACK PETIT FOUR CASES,477,200.34,47,50,YES
75 GREEN FAIRY CAKE CASES,2039,1012.25,154,50,NO
75 GREEN PETIT FOUR CASES,1063,446.46,220,50,NO
A4 WALL TIDY BLUE OFFICE,126,70.38000000000001,347,50,NO
A4 WALL TIDY RED FLOWERS,2,1.3,287,50,NO
ABSTRACT CIRCLE JOURNAL ,798,1582.2,437,50,NO
ABSTRACT CIRCLES NOTEBOOK,3187,698.55,52,50,NO
ABSTRACT CIRCLES POCKET BOOK,5233,797.65,67,50,NO
ABSTRACT CIRCLES SKETCHBOOK ,476,1257.0,426,50,NO
"ACRYLIC BEAD CHAIN, BLUE",229,87.02,81,50,NO
"ACRYLIC BEAD CHAIN, PINK",114,43.32,235,50,NO
"ACRYLIC BEAD GARLAND,PINK",2,5.9,312,50,NO
ACRYLIC GEOMETRIC LAMP,15,276.25,118,50,NO
"ACRYLIC HANGING JEWEL,BLUE",115,81.11,191,50,NO
"ACRYLIC JEWEL ANGEL,BLUE",137,52.93,379,50,NO
"ACRYLIC JEWEL ANGEL,PINK",214,95.24,233,50,NO
"ACRYLIC JEWEL ICICLE, BLUE",372,156.6,494,50,NO
"ACRYLIC JEWEL ICICLE, PINK",288,109.44,54,50,NO
"ACRYLIC JEWEL SNOWFLAKE, PINK",6,12.6,468,50,NO
"ACRYLIC JEWEL SNOWFLAKE,BLUE",235,91.47,246,50,NO
"ACRYLIC JEWEL SNOWFLAKE,PINK",400,186.72,120,50,NO
ADVENT CALENDAR GINGHAM SACK,960,5616.0,450,50,NO
AFGHAN SLIPPER SOCK PAIR,2317,7388.65,481,50,NO
AGED GLASS SILVER T-LIGHT HOLDER,7406,4559.5,150,50,NO
AIRLINE BAG VINTAGE JET SET BROWN,233,1178.95,276,50,NO
AIRLINE BAG VINTAGE JET SET RED,460,2450.0,24,50,YES
AIRLINE BAG VINTAGE JET SET WHITE,265,1365.65,237,50,NO
AIRLINE BAG VINTAGE TOKYO 78,718,3583.1,274,50,NO
AIRLINE BAG VINTAGE WORLD CHAMPION ,311,1644.25,417,50,NO
"AIRLINE LOUNGE,METAL SIGN",413,867.3000000000001,378,50,NO
ALARM CLOCK BAKELIKE CHOCOLATE,547,2007.33,302,50,NO
ALARM CLOCK BAKELIKE GREEN,1331,4989.81,412,50,NO
ALARM CLOCK BAKELIKE IVORY,885,3273.39,226,50,NO
ALARM CLOCK BAKELIKE ORANGE,703,2634.81,34,50,YES
ALARM CLOCK BAKELIKE PINK,900,3329.64,365,50,NO
ALARM CLOCK BAKELIKE RED ,1620,6011.64,61,50,NO
ALPHABET HEARTS STICKER SHEET,466,396.09999999999997,399,50,NO
ALPHABET STENCIL CRAFT,1905,2196.57,480,50,NO
AMBER BERTIE GLASS BEAD BAG CHARM,1,2.1,198,50,NO
AMBER BERTIE MOBILE PHONE CHARM,17,28.73,82,50,NO
AMBER CHUNKY BEAD BRACELET W STRAP,26,232.7,371,50,NO
AMBER CHUNKY GLASS+BEAD NECKLACE,17,203.14999999999998,250,50,NO
AMBER CRYSTAL DROP EARRINGS,1,2.95,260,50,NO
AMBER DIAMANTE EXPANDABLE RING,14,59.5,71,50,NO
AMBER DROP EARRINGS W LONG BEADS,6,17.700000000000003,115,50,NO
AMBER FINE BEAD NECKLACE W TASSEL,5,29.75,407,50,NO
AMBER GLASS BRACELET HEART CHARMS,9,44.550000000000004,241,50,NO
AMBER GLASS TASSLE BAG CHARM,29,85.55000000000001,426,50,NO
AMBER GLASS/SHELL/PEARL NECKLACE,2,17.9,250,50,NO
AMBER GLASS/SILVER BRACELET,22,190.45,256,50,NO
AMETHYST CHUNKY BEAD BRACELET W STR,30,268.5,162,50,NO
AMETHYST DIAMANTE EXPANDABLE RING,32,136.0,190,50,NO
AMETHYST HOOP EARRING FLORAL LEAF,45,132.75,48,50,YES
ANGEL DECORATION 3 BUTTONS ,3984,1630.08,55,50,NO
ANGEL DECORATION PAINTED ZINC ,1554,923.7,32,50,YES
ANGEL DECORATION STARS ON DRESS,3063,1286.46,179,50,NO
ANGEL DECORATION WITH LACE PADDED,1486,1263.1,346,50,NO
ANGEL ON KNEES METAL POLE 100CM H,6,5.1,206,50,NO
ANIMAL STICKERS,1724,360.84,262,50,NO
ANT COPPER LIME BOUDICCA BRACELET,54,267.3,105,50,NO
ANT COPPER PINK BOUDICCA BRACELET,43,210.4,303,50,NO
ANT COPPER RED BOUDICCA BRACELET,30,148.5,85,50,NO
ANT COPPER TURQ BOUDICCA BRACELET,42,207.9,189,50,NO
ANT SILVER FUSCHIA BOUDICCA RING,28,82.60000000000001,64,50,NO
ANT SILVER LIME GREEN BOUDICCA RING,28,82.60000000000001,81,50,NO
ANT SILVER PURPLE BOUDICCA RING,17,50.150000000000006,460,50,NO
ANT SILVER TURQUOISE BOUDICCA RING,23,67.85000000000001,153,50,NO
ANT WHITE HIGH RISE BIRD BOX,49,304.0,303,50,NO
ANT WHITE IRON BASKET,33,186.35000000000002,47,50,YES
ANT WHITE SWEETHEART TABLE W 3 DRAW,3,320.0,127,50,NO
ANT WHITE WIRE HEART SPIRAL,1380,4788.4,63,50,NO
ANTIQUE ALL GLASS CANDLESTICK,920,1045.48,359,50,NO
ANTIQUE CREAM CUTLERY CUPBOARD,25,318.75,305,50,NO
ANTIQUE CREAM CUTLERY SHELF ,78,663.0,465,50,NO
ANTIQUE EDWARDIAN DRESSER,52,737.4,350,50,NO
ANTIQUE GLASS DRESSING TABLE POT,632,1845.2,147,50,NO
ANTIQUE GLASS HEART DECORATION ,1830,3482.1,367,50,NO
ANTIQUE GLASS PEDESTAL BOWL,305,1143.75,492,50,NO
ANTIQUE GLASS PLACE SETTING,717,841.53,250,50,NO
ANTIQUE GLASS RIDGED HANGING BALL,775,1453.6499999999999,209,50,NO
ANTIQUE LILY FAIRY LIGHTS,2668,12081.0,244,50,NO
ANTIQUE MID BLUE FLOWER EARRINGS,3,12.75,404,50,NO
ANTIQUE OLIVE GREEN FLOWER EARRINGS,11,46.75,396,50,NO
ANTIQUE OPAL WHITE FLOWER EARRINGS,4,17.0,302,50,NO
ANTIQUE RASPBERRY FLOWER EARRINGS,2,8.5,465,50,NO
ANTIQUE SILVER TEA GLASS ENGRAVED,6990,8103.66,140,50,NO
ANTIQUE SILVER TEA GLASS ETCHED,15900,18420.36,135,50,NO
ANTIQUE TALL SWIRLGLASS TRINKET POT,312,1170.0,480,50,NO
APPLE BATH SPONGE,2099,2532.55,252,50,NO
APRON APPLE DELIGHT,227,1053.65,278,50,NO
APRON MODERN VINTAGE COTTON,160,592.0,378,50,NO
AQUA BERTIE GLASS BEAD BAG CHARM,12,25.2,217,50,NO
ARCHED GREY MIRROR,84,540.6,475,50,NO
AREA PATROLLED METAL SIGN,3190,6292.280000000001,430,50,NO
ARMY CAMO BOOKCOVER TAPE,20,8.4,156,50,NO
ARMY CAMO WRAPPING TAPE,2246,157.18,337,50,NO
"ART LIGHTS,FUNK MONKEY",262,704.1,184,50,NO
ASS COL CIRCLE MOBILE ,283,105.89999999999999,244,50,NO
ASS COL LARGE SAND FROG P'WEIGHT,689,653.97,326,50,NO
ASS COL LARGE SAND GECKO P'WEIGHT,809,750.63,253,50,NO
ASS COL SMALL SAND FROG P'WEIGHT,1144,444.48,191,50,NO
ASS COL SMALL SAND GECKO P'WEIGHT,1559,622.74,171,50,NO
ASS COLOUR GLOWING TIARAS,422,333.5,482,50,NO
ASS DES PHONE SPONGE CRAFT STICKER,578,375.7,334,50,NO
ASS FLORAL PRINT MULTI SCREWDRIVER,116,145.0,393,50,NO
ASS FLORAL PRINT SCISSORS,6828,1169.4,179,50,NO
ASS FLORAL PRINT SPIRIT LEVEL ,53,103.35,115,50,NO
ASS FLORAL PRINT TAPE MEASURE,235,289.19,491,50,NO
ASS FLORAL PRINT TORCH,2567,729.9499999999999,252,50,NO
"ASS RETROSPOOF MUGS,SPORTS",143,75.0,199,50,NO
ASS WINDPROOF MARIJUANA LIGHTERS,15,6.3,132,50,NO
ASSORTED BOTTLE TOP  MAGNETS ,300,118.80000000000001,337,50,NO
ASSORTED CAKES FRIDGE MAGNETS,2747,1716.43,461,50,NO
ASSORTED CHEESE FRIDGE MAGNETS,599,383.59000000000003,71,50,NO
ASSORTED CIRCULAR MOBILE,521,102.93,287,50,NO
ASSORTED COLOUR BIRD ORNAMENT,44431,70291.03,314,50,NO
ASSORTED COLOUR JUMBO PEN,247,103.74,405,50,NO
ASSORTED COLOUR LIZARD SUCTION HOOK,491,188.94,406,50,NO
ASSORTED COLOUR METAL CAT ,127,147.35,132,50,NO
ASSORTED COLOUR MINI CASES,1336,9667.68,120,50,NO
ASSORTED COLOUR SET 6 TEASPOONS,227,964.75,132,50,NO
ASSORTED COLOUR SILK COIN PURSE,3551,1667.5900000000001,459,50,NO
ASSORTED COLOUR SILK COSMETIC PURSE,1394,1535.4,100,50,NO
ASSORTED COLOUR SILK GLASSES CASE,1984,1044.8400000000001,206,50,NO
ASSORTED COLOUR SUCTION CUP HOOK,160,30.4,132,50,NO
ASSORTED COLOUR T-LIGHT HOLDER,4097,2704.9700000000003,21,50,YES
ASSORTED COLOURS SILK FAN,19202,12784.880000000001,149,50,NO
ASSORTED CREEPY CRAWLIES,5149,2117.94,239,50,NO
ASSORTED DESIGN FLOWER MUGS,7,5.949999999999999,73,50,NO
ASSORTED DESIGN GEISHA GIRL MUGS,5,6.25,362,50,NO
ASSORTED EASTER DECORATIONS  BELLS,308,330.28000000000003,243,50,NO
ASSORTED EASTER GIFT TAGS,84,71.4,244,50,NO
ASSORTED FARMYARD ANIMALS IN BUCKET,3738,1353.18,404,50,NO
ASSORTED FLORAL SECATEURS,3141,1293.75,422,50,NO
"ASSORTED FLOWER COLOUR ""LEIS""",14369,6888.97,145,50,NO
ASSORTED FRAGRANCE BATH CONFETTI,56,23.52,149,50,NO
ASSORTED ICE CREAM FRIDGE MAGNETS,2811,1751.91,72,50,NO
ASSORTED INCENSE PACK,8033,1438.53,191,50,NO
ASSORTED LAQUERED INCENSE HOLDERS,3641,637.89,237,50,NO
ASSORTED MINI MADRAS NOTEBOOK,770,962.5,179,50,NO
ASSORTED MONKEY SUCTION CUP HOOK,558,211.32000000000002,217,50,NO
ASSORTED SANSKRIT MINI NOTEBOOK,1165,1401.53,435,50,NO
ASSORTED SANTA CHRISTMAS DECORATION,48,40.8,266,50,NO
ASSORTED SHAPED STENCIL FOR HENNA,52,2.08,343,50,NO
ASSORTED SHAPES PHOTO CLIP SILVER ,739,347.87,458,50,NO
ASSORTED TUTTI FRUTTI  FOB NOTEBOOK,1474,1252.8999999999999,222,50,NO
ASSORTED TUTTI FRUTTI BRACELET,600,390.0,203,50,NO
ASSORTED TUTTI FRUTTI HEART BOX,793,991.25,142,50,NO
ASSORTED TUTTI FRUTTI KEYRING,249,211.64999999999998,420,50,NO
ASSORTED TUTTI FRUTTI KEYRING BALL,439,373.15,274,50,NO
ASSORTED TUTTI FRUTTI LARGE PURSE,684,1436.4,313,50,NO
ASSORTED TUTTI FRUTTI MIRROR,833,1036.69,299,50,NO
ASSORTED TUTTI FRUTTI NOTEBOOK,761,1598.1000000000001,344,50,NO
ASSORTED TUTTI FRUTTI PEN,1769,1472.4499999999998,391,50,NO
ASSORTED TUTTI FRUTTI PHOTO FRAME,413,1120.75,117,50,NO
ASSORTED TUTTI FRUTTI ROUND BOX,939,1549.35,217,50,NO
ASSORTED TUTTI FRUTTI SMALL PURSE,1990,2391.7400000000002,489,50,NO
ASSORTED WHITE EMBOSSED CHINA MUGS,674,1307.4,414,50,NO
ASSTD COL BUTTERFLY/CRYSTAL W/CHIME,20,25.0,259,50,NO
ASSTD DESIGN 3D PAPER STICKERS,632,530.7,163,50,NO
ASSTD DESIGN BUBBLE GUM RING,22410,4622.099999999999,116,50,NO
ASSTD DESIGN POP ART SLIM PEN,684,581.4,220,50,NO
ASSTD DESIGN RACING CAR PEN,3070,4738.62,143,50,NO
ASSTD FRUIT+FLOWERS FRIDGE MAGNETS,684,369.96,206,50,NO
ASSTD HEARTS DESIGN MUGS,318,536.1,345,50,NO
ASSTD MULTICOLOUR CIRCLES MUG,167,221.75,483,50,NO
ASSTD RASTA KEY-CHAINS,27,11.34,368,50,NO
Adjustment by Peter on Jun 25 2010 ,3,731.0500000000001,278,50,NO
Adjustment by john on 26/01/2010 16,18,2107.41,167,50,NO
Adjustment by john on 26/01/2010 17,14,1431.1100000000001,271,50,NO
BABUSHKA LIGHTS STRING OF 10,1200,7447.0,462,50,NO
BABY BOOM RIBBONS ,1723,2126.39,439,50,NO
BABY MOUSE RED GINGHAM DRESS,355,1479.25,422,50,NO
BAG 125g SWIRLY MARBLES,5227,2072.94,365,50,NO
BAG 250g SWIRLY MARBLES,11929,8977.45,470,50,NO
BAG 500g SWIRLY MARBLES,1043,1615.35,166,50,NO
BAG FOR CHILDREN VINTAGE BLUE ,96,408.0,167,50,NO
BAG FOR CHILDREN VINTAGE PINK ,96,408.0,371,50,NO
BAG OF SILVER STONES,100,42.0,218,50,NO
BAKING MOULD CHOCOLATE CUP CAKES,12,30.6,327,50,NO
BAKING MOULD CHOCOLATE CUPCAKES,38,96.9,436,50,NO
BAKING MOULD EASTER EGG MILK CHOC,12,35.400000000000006,443,50,NO
BAKING MOULD HEART MILK CHOCOLATE,91,199.65000000000003,147,50,NO
BAKING MOULD HEART WHITE CHOCOLATE,87,189.45000000000002,58,50,NO
BAKING MOULD ROSE MILK CHOCOLATE,81,227.25,357,50,NO
BAKING MOULD ROSE WHITE CHOCOLATE,9,29.25,379,50,NO
BAKING MOULD TOFFEE CUP CHOCOLATE,79,169.05000000000004,148,50,NO
BAKING SET 9 PIECE RETROSPOT ,4249,20117.81,286,50,NO
BAKING SET SPACEBOY DESIGN,2145,10099.47,495,50,NO
BALLERINA HEART DECORATION.,338,468.4,460,50,NO
BALLOON ART MAKE YOUR OWN FLOWERS,455,872.25,492,50,NO
BALLOON PUMP WITH 10 BALLOONS,1779,3205.0499999999997,453,50,NO
BALLOON WATER BOMB PACK OF 35,2486,1006.9200000000001,170,50,NO
BALLOONS  WRITING SET ,919,1506.75,434,50,NO
BANK ACCOUNT  GREETING  CARD ,763,314.7,497,50,NO
BANQUET BIRTHDAY  CARD  ,2344,960.72,317,50,NO
BAROQUE BUTTERFLY EARRINGS CRYSTAL,1,3.75,118,50,NO
BAROQUE BUTTERFLY EARRINGS GREEN,2,7.5,282,50,NO
BAROQUE BUTTERFLY EARRINGS MONTANA,3,11.25,271,50,NO
BAROQUE BUTTERFLY EARRINGS PINK,2,7.5,163,50,NO
BAROQUE BUTTERFLY EARRINGS RED,1,3.75,365,50,NO
BASKET OF FLOWERS SEWING KIT,1003,852.55,131,50,NO
BASKET OF TOADSTOOLS,825,1031.25,79,50,NO
BASKET/8 SCENTED LOVE TOKEN CANDLES,121,453.75,388,50,NO
BATH BUILDING BLOCK WORD,805,4762.150000000001,21,50,YES
BATH DUCK WATERING CAN,832,2016.5200000000002,404,50,NO
BATHROOM METAL SIGN,7195,3724.11,323,50,NO
BATHROOM METAL SIGN ,1398,1911.8999999999999,273,50,NO
BATHROOM SCALES FOOTPRINTS IN SAND,46,159.7,159,50,NO
BATHROOM SCALES RUBBER DUCKS,44,152.2,472,50,NO
"BATHROOM SCALES, FAG BREAK",2,7.5,56,50,NO
"BATHROOM SCALES, TROPICAL BEACH",19,71.25,179,50,NO
BATHROOM SET LOVE HEART DESIGN,516,1219.8,28,50,YES
BEACH HUT DESIGN BLACKBOARD,354,880.5,252,50,NO
BEACH HUT KEY CABINET,339,711.25,118,50,NO
BEACH HUT MIRROR,295,588.15,166,50,NO
BEACH HUT PHOTO FRAME,574,583.1,323,50,NO
BEACH HUT SHELF W 3 DRAWERS,222,584.9,227,50,NO
BEADED CRYSTAL HEART BLUE  LARGE,172,283.8,150,50,NO
BEADED CRYSTAL HEART BLUE ON STICK,235,128.63,423,50,NO
BEADED CRYSTAL HEART BLUE SMALL,319,396.47,171,50,NO
BEADED CRYSTAL HEART GREEN LARGE,59,97.35,73,50,NO
BEADED CRYSTAL HEART GREEN ON STICK,188,89.8,139,50,NO
BEADED CRYSTAL HEART GREEN SMALL,129,158.97,180,50,NO
BEADED CRYSTAL HEART PINK LARGE,187,306.15,427,50,NO
BEADED CRYSTAL HEART PINK ON STICK,373,157.85,135,50,NO
BEADED CRYSTAL HEART PINK SMALL,491,611.47,94,50,NO
BEADED CRYSTAL HEART PINK\ON STICK,15,18.75,132,50,NO
BEADED LOVE HEART JEWELLERY SET,2098,1667.86,475,50,NO
BEADED PEARL HEART WHITE LARGE,606,997.5,439,50,NO
BEADED PEARL HEART WHITE ON STICK,954,658.26,441,50,NO
BEAUTY SPEED EXPRESSO CUPS,462,306.9,123,50,NO
BEECH WOOD P/FRAME,5,36.25,359,50,NO
BEECH WOOD PHOTO FRAME ,271,338.75,273,50,NO
BEIGE PHOTO ALBUM,94,201.29999999999998,246,50,NO
BENDY COLOUR PENCILS,4,1.68,131,50,NO
BERRIES CHUNKY KNITTED THROW ,5,84.75,492,50,NO
BEST DAD CANDLE LETTERS,185,127.00999999999999,118,50,NO
BEWARE OF THE CAT DOORMAT,2,13.5,172,50,NO
BEWARE OF THE CAT METAL SIGN ,5124,7784.76,368,50,NO
BIG DOUGHNUT FRIDGE MAGNETS,4537,3775.33,421,50,NO
BIG PINK POODLE,28,213.7,403,50,NO
BIG POLKADOT MUG,72,125.99999999999999,385,50,NO
BINGO SET,1713,6327.99,357,50,NO
BIRD BOX CHRISTMAS TREE DECORATION,206,175.1,213,50,NO
BIRD DECORATION GREEN  SPOT,574,487.9,329,50,NO
BIRD DECORATION GREEN POLKADOT,96,81.6,182,50,NO
BIRD DECORATION RED RETROSPOT,398,319.58,227,50,NO
BIRD DECORATION RED SPOT,1139,966.5899999999999,464,50,NO
BIRD HOUSE HOT WATER BOTTLE,1297,2793.4500000000003,188,50,NO
BIRD IN TREE MUG ,4643,504.55,180,50,NO
BIRDCAGE DECORATION MAGIC GARDEN,21,53.55,87,50,NO
BIRDCAGE DECORATION TEALIGHT HOLDER,298,367.94,308,50,NO
BIRDHOUSE DECORATION MAGIC GARDEN,1099,1278.75,417,50,NO
BIRDHOUSE GARDEN MARKER ,1129,1411.25,296,50,NO
BIRDS MOBILE VINTAGE DESIGN,398,2308.1000000000004,323,50,NO
BIRTHDAY BANNER TAPE,24,30.0,423,50,NO
BIRTHDAY BANQUET GIFT WRAP,1865,783.3,403,50,NO
"BIRTHDAY CARD, RETRO SPOT",744,303.84000000000003,411,50,NO
BIRTHDAY PARTY CORDON BARRIER TAPE,310,360.14,154,50,NO
BISCUIT TIN VINTAGE GREEN,146,947.1,214,50,NO
BISCUIT TIN VINTAGE RED,214,1396.5,420,50,NO
"BISCUIT TIN, MINT,IVORY, VINTAGE",1,6.75,147,50,NO
"BISCUIT TIN, RED,IVORY, VINTAGE",37,230.55,52,50,NO
BISCUITS SMALL BOWL LIGHT BLUE,227,283.75,195,50,NO
BLACK 3 BEAD DROP EARRINGS,2,5.9,479,50,NO
BLACK 3 TIER GLASS PLATE STAND,10,127.5,462,50,NO
BLACK AND WHITE CAT BOWL,218,440.1,390,50,NO
BLACK AND WHITE DOG BOWL,192,556.1400000000001,489,50,NO
BLACK AND WHITE PAISLEY FLOWER MUG,25685,3019.57,394,50,NO
BLACK ASSORTED DROPLET DECORATION,59,22.419999999999998,41,50,YES
BLACK BAROQUE CARRIAGE CLOCK,20,199.0,257,50,NO
BLACK BAROQUE CUCKOO CLOCK,113,1134.75,177,50,NO
BLACK BAROQUE WALL CLOCK ,24,306.0,57,50,NO
BLACK BIRD GARDEN DESIGN MUG,6044,888.76,249,50,NO
BLACK BOX MIRROR LANTERN,55,268.75,384,50,NO
BLACK CANDELABRA T-LIGHT HOLDER,671,660.0600000000001,70,50,NO
BLACK CHAMPAGNE GLASS,306,500.1,457,50,NO
BLACK CHERRY LIGHTS,223,1367.45,283,50,NO
BLACK CHRISTMAS FLOCK DROPLET ,155,114.07,302,50,NO
BLACK CHRISTMAS TREE 120CM,40,324.72,46,50,YES
BLACK CHRISTMAS TREE 60CM,391,380.65000000000003,245,50,NO
BLACK CHUNKY BEAD BRACELET W STRAP,37,331.15,296,50,NO
BLACK CRYSTAL DROP EARRINGS,2,5.9,305,50,NO
BLACK DIAMANTE EXPANDABLE RING,33,140.25,116,50,NO
BLACK DIAMOND CLUSTER EARRINGS,1,2.55,303,50,NO
BLACK DIAMOND CLUSTER NECKLACE,3,26.849999999999998,386,50,NO
BLACK DINER WALL CLOCK,304,2501.55,467,50,NO
BLACK DROP CRYSTAL NECKLACE,1,9.95,472,50,NO
BLACK DROP EARRINGS W LONG BEADS,1,2.95,336,50,NO
BLACK EAR MUFF HEADPHONES,153,737.01,323,50,NO
BLACK ENAMEL FLOWER RING,43,126.85000000000002,166,50,NO
BLACK ENCHANTED FOREST PLACEMAT,720,1104.0,23,50,YES
BLACK FACE LAMB WITH PANTS,98,365.34,54,50,NO
BLACK FEATHER CHRISTMAS DECORATION,214,40.660000000000004,211,50,NO
BLACK FINE BEAD NECKLACE W TASSEL,10,59.5,68,50,NO
BLACK FLOCK GOLD CANDLE,49,20.580000000000002,36,50,YES
BLACK FLOWER CANDLE PLATE,287,213.70999999999998,191,50,NO
BLACK GEMSTONE BRACELET,44,393.79999999999995,239,50,NO
BLACK GEMSTONE NECKLACE 45CM,12,153.0,177,50,NO
BLACK GLASS BRACELET W HEART CHARMS,3,14.85,496,50,NO
BLACK GLASS TV DOUBLE P/FRAME 15X10,17,72.25,65,50,NO
BLACK GRAND BAROQUE PHOTO FRAME,669,1315.65,392,50,NO
BLACK HEART CARD HOLDER,7538,20117.64,25,50,YES
BLACK KITCHEN SCALES,324,2680.9,118,50,NO
BLACK LOVE BIRD CANDLE,130,162.5,399,50,NO
BLACK LOVE BIRD T-LIGHT HOLDER,229,324.15,252,50,NO
BLACK MEDIUM GLASS CAKE STAND,21,78.75,56,50,NO
BLACK METAL BAROQUE PHOTO FRAME,501,798.75,299,50,NO
BLACK MINI TAPE MEASURE ,671,470.95,368,50,NO
BLACK NEW BAROQUE FLOCK BOX,7,41.65,321,50,NO
BLACK ORANGE SQUEEZER,81,34.02,200,50,NO
BLACK PHOTO ALBUM ,66,143.1,114,50,NO
BLACK PILLAR CANDLE SILVER FLOCK,612,877.8000000000001,118,50,NO
BLACK PIRATE TREASURE CHEST,463,756.75,207,50,NO
BLACK RECORD COVER FRAME,8219,28129.89,135,50,NO
BLACK RETRO BAR STOOL,22,830.9,210,50,NO
BLACK RETRODISC LAMPSHADE,977,1905.15,272,50,NO
"BLACK RND BULLET""KEEP CLEAN"" BIN",1,2.55,488,50,NO
BLACK SIL'T SQU CANDLE PLATE ,24,50.400000000000006,435,50,NO
BLACK SILOUETTE CANDLE PLATE,376,300.88,490,50,NO
BLACK SILOUETTE CANDLE PLATE ,120,227.4,180,50,NO
BLACK SILVER FLOWER T-LIGHT HOLDER,11512,1124.68,275,50,NO
BLACK SMALL GLASS CAKE STAND,503,901.65,342,50,NO
BLACK SQUARE TABLE CLOCK,112,148.8,147,50,NO
BLACK STITCHED WALL CLOCK,32,120.0,37,50,YES
BLACK SWEETHEART BRACELET,76,323.0,300,50,NO
BLACK TEA TOWEL CLASSIC DESIGN,447,558.75,242,50,NO
"BLACK TEA,COFFEE,SUGAR JARS",7,44.449999999999996,73,50,NO
BLACK VINT ART DEC CRYSTAL BRACELET,7,47.25,77,50,NO
BLACK VINT ART DEC CRYSTAL NECKLACE,7,59.5,342,50,NO
BLACK VINTAGE  CRYSTAL EARRINGS,6,22.5,379,50,NO
BLACK VINTAGE EARRINGS,20,75.0,193,50,NO
BLACK WINE GLASS,1982,1915.74,299,50,NO
BLACK+WHITE NECKLACE W TASSEL,23,228.85,133,50,NO
BLACK/BLUE DOTS RUFFLED UMBRELLA,2944,12089.2,307,50,NO
BLACK/BLUE POLKADOT UMBRELLA,525,2931.75,450,50,NO
BLACK/WHITE GLASS/SILVER BRACELET,38,340.1,361,50,NO
BLACKCHRISTMAS TREE 30CM,18,22.5,170,50,NO
BLCK NEW BAROQUE CANDLESTICK CANDLE,180,279.0,469,50,NO
BLING KEY RING STAND,13,16.25,146,50,NO
BLOKEY SILVER TOOL SET,31,153.45000000000002,174,50,NO
BLOND DOLL DOORSTOP,219,360.33000000000004,405,50,NO
BLOSSOM  IMAGES NOTEBOOK SET,206,299.5,493,50,NO
BLOSSOM IMAGES GIFT WRAP SET,190,190.2,292,50,NO
BLOSSOM IMAGES SCRAP BOOK SET,407,593.85,123,50,NO
BLUE  DIAMANTE PEN IN GIFT BOX,266,428.7,436,50,NO
BLUE  SPOTTY  COFFEE MUG,227,443.1,412,50,NO
BLUE  SPOTTY CUP,3123,2542.23,318,50,NO
BLUE  SPOTTY EGG CUP ,922,1097.78,265,50,NO
BLUE  SPOTTY PLATE ,2272,3609.2799999999997,195,50,NO
BLUE  SPOTTY PUDDING BOWL,2672,694.08,58,50,NO
BLUE  TILE HOOK,105,267.75,496,50,NO
BLUE  VOILE LAMPSHADE,12,35.400000000000006,189,50,NO
BLUE & WHITE BREAKFAST TRAY,28,166.6,266,50,NO
BLUE 3 PIECE MINI DOTS CUTLERY SET,3820,13805.16,45,50,YES
BLUE 3 PIECE POLKADOT CUTLERY SET,1072,3878.52,374,50,NO
BLUE 5 PATCH FLOWER CUSHION COVER,385,755.75,325,50,NO
BLUE BABY BOY'S MEMORY BOX,5,34.75,428,50,NO
BLUE BAROQUE FLOCK CANDLE HOLDER,3,17.85,427,50,NO
BLUE BEADS+HAND PHONE CHARM,2,2.5,32,50,YES
BLUE BIRDHOUSE DECORATION,491,327.10999999999996,335,50,NO
BLUE BLOSSOM HAIR CLIP,37,38.85,410,50,NO
BLUE BREAKFAST CUP AND SAUCER ,1994,332.54,332,50,NO
BLUE BUTTERFLY ON SPRING,68,57.8,55,50,NO
BLUE CALCULATOR RULER,550,649.5,192,50,NO
BLUE CAT BISCUIT BARREL PINK HEART,27,152.85,39,50,YES
BLUE CHALET BIRDFEEDER,273,763.75,340,50,NO
BLUE CHARLIE+LOLA PERSONAL DOORSIGN,869,841.31,283,50,NO
BLUE CHECK BAG W HANDLE 34X20CM,37,61.050000000000004,419,50,NO
BLUE CHENILLE SHAGGY CUSHION COVER ,16,31.2,161,50,NO
BLUE CHERRY BLOSSOM CUP & SAUCER,1122,181.5,479,50,NO
BLUE CIRCLES DESIGN MONKEY DOLL,364,438.59999999999997,390,50,NO
BLUE CIRCLES DESIGN TEDDY,49,124.95,490,50,NO
BLUE CLIMBING HYDRANGA ART FLOWER,301,495.15000000000003,162,50,NO
BLUE COAT RACK PARIS FASHION,128,583.2,111,50,NO
BLUE COL METAL FOLDING CHAIR,7,43.85,373,50,NO
BLUE CRUSOE CHECK LAMPSHADE,9,3.7800000000000002,341,50,NO
BLUE CRYSTAL BOOT PHONE CHARM,91,77.35,307,50,NO
BLUE CUSHION COVER WITH FLOWER,225,1163.75,234,50,NO
BLUE DAISY MOBILE,9,33.75,466,50,NO
BLUE DELPHINIUM ARTIFICIAL FLOWER,256,313.6,361,50,NO
BLUE DINER WALL CLOCK,482,3965.85,70,50,NO
BLUE DISCO HANDBAG,249,356.75,172,50,NO
BLUE DRAGONFLY HELICOPTER,67,532.65,205,50,NO
BLUE DRAWER KNOB ACRYLIC EDWARDIAN,381,476.25,82,50,NO
BLUE DROP EARRINGS W BEAD CLUSTER,2,6.7,209,50,NO
BLUE EASTER EGG HUNT START POST,69,134.54999999999998,144,50,NO
BLUE EGG  SPOON,433,181.86,169,50,NO
BLUE FAIRY CAKE CHILD'S APRON,991,1792.6499999999999,333,50,NO
BLUE FAIRY CAKE CHILDRENS APRON,4,7.8,77,50,NO
BLUE FELT EASTER EGG BASKET,979,1568.55,361,50,NO
BLUE FELT HANGING HEART W FLOWER,31,26.349999999999998,324,50,NO
BLUE FLOCK CUSHION COVER ,4,15.0,199,50,NO
BLUE FLOCK GLASS CANDLEHOLDER,1139,477.27,189,50,NO
BLUE FLORIBUNDA EGG WARMER,10,12.5,345,50,NO
BLUE FLOWER DES PURSE,10,12.5,290,50,NO
BLUE FLOWER T-LIGHT HOLDER,236,169.72,73,50,NO
BLUE FLY SWAT,285,185.25,463,50,NO
BLUE FLYING SINGING CANARY,328,1172.4,120,50,NO
BLUE GEISHA GIRL ,39,146.25,283,50,NO
BLUE GIANT GARDEN THERMOMETER,54,321.3,72,50,NO
BLUE GINGHAM ROSE CUSHION COVER,109,648.5500000000001,79,50,NO
BLUE GINGHAM ROSE FLOOR CUSHION ,27,214.65,127,50,NO
BLUE GINGHAM ROSE QUILT ,69,1444.15,24,50,YES
BLUE GLASS CHUNKY CHARM BRACELET,27,241.65,122,50,NO
BLUE GLASS GEMS IN BAG,197,127.13,215,50,NO
BLUE GREEN EMBROIDERY COSMETIC BAG,20,59.00000000000001,281,50,NO
BLUE HANGING GINGHAM EASTER HEN,51,21.42,384,50,NO
BLUE HAPPY BIRTHDAY BUNTING,2806,13792.7,499,50,NO
BLUE HARMONICA IN BOX ,4725,5856.09,391,50,NO
BLUE HEART COMPACT MIRROR,204,375.0,369,50,NO
BLUE HIBISCUS  HAIR CLIP,7,7.35,66,50,NO
BLUE HOLE PUNCH,68,85.0,374,50,NO
BLUE JUICY FRUIT PHOTO FRAME,262,651.9,330,50,NO
BLUE KASHMIRI BOXED MIRROR,33,428.0,443,50,NO
BLUE KASHMIRI COFFEE TABLE ,27,1359.95,327,50,NO
BLUE KASHMIRI OCCASIONAL TABLE,23,1169.5,163,50,NO
BLUE KNITTED EGG COSY,42,81.89999999999999,288,50,NO
BLUE KNITTED HEN ,343,456.51,389,50,NO
BLUE KNITTED KID'S RUCKSACK,3,20.25,143,50,NO
BLUE LEAVES AND BEADS PHONE CHARM,17,21.25,125,50,NO
BLUE METAL WALL SHELF,11,109.44999999999999,177,50,NO
BLUE MURANO TWIST BRACELET,57,240.5,166,50,NO
BLUE MURANO TWIST NECKLACE,16,159.2,164,50,NO
BLUE NETTING STORAGE HANGER,8,15.6,139,50,NO
BLUE NEW BAROQUE CANDLESTICK CANDLE,336,487.2,338,50,NO
BLUE NEW BAROQUE FLOCK CANDLESTICK,62,258.06,294,50,NO
BLUE ORGANDY ROUND LAMPSHADE W BEA,22,18.7,111,50,NO
BLUE OWL DECORATION,96,244.8,77,50,NO
BLUE OWL SOFT TOY,552,1586.0000000000002,458,50,NO
BLUE PADDED SOFT MOBILE,458,1934.0,365,50,NO
BLUE PAINTED KASHMIRI CHAIR,15,441.65000000000003,248,50,NO
BLUE PAINTED KASHMIRI TABLE ,17,990.0,493,50,NO
BLUE PAISLEY JOURNAL ,538,1017.3000000000001,136,50,NO
BLUE PAISLEY NOTEBOOK,3264,825.6,337,50,NO
BLUE PAISLEY POCKET BOOK,4807,795.55,298,50,NO
BLUE PAISLEY SKETCHBOOK,312,821.2,146,50,NO
BLUE PAISLEY TISSUE BOX,263,268.99,412,50,NO
BLUE PAPER PARASOL ,1319,3516.65,415,50,NO
BLUE PARTY BAGS ,2065,3905.1,148,50,NO
BLUE PATCH PENCIL CASE PINK HEART,284,563.19,77,50,NO
BLUE PATCH PURSE PINK HEART,210,346.5,141,50,NO
BLUE PILLAR CANDLE SILVER FLOCK,65,182.15,20,50,YES
BLUE POLKADOT BEAKER ,18,35.099999999999994,258,50,NO
BLUE POLKADOT BOWL,486,580.14,309,50,NO
BLUE POLKADOT COFFEE MUG,80,168.0,115,50,NO
BLUE POLKADOT CUP,547,452.46999999999997,145,50,NO
BLUE POLKADOT EGG CUP ,86,107.5,137,50,NO
BLUE POLKADOT KIDS BAG,231,473.84999999999997,67,50,NO
BLUE POLKADOT LUGGAGE TAG ,14,17.5,108,50,NO
BLUE POLKADOT PASSPORT COVER,9,18.900000000000002,256,50,NO
BLUE POLKADOT PLATE ,378,615.78,392,50,NO
BLUE POLKADOT PUDDING BOWL,2544,425.28000000000003,404,50,NO
BLUE POLKADOT PURSE ,346,186.70000000000002,291,50,NO
BLUE POLKADOT WASHING UP GLOVES,129,270.9,208,50,NO
BLUE POLKADOT WRAP,2125,822.5,211,50,NO
BLUE PORCELAIN B'FLY OIL BURNER,3,8.850000000000001,466,50,NO
BLUE POT PLANT CANDLE ,348,981.8000000000001,88,50,NO
BLUE PUDDING SPOON,384,161.28,297,50,NO
BLUE PULL BACK RACING CAR,952,461.2,368,50,NO
BLUE RETRO BAR STOOL,11,435.45000000000005,266,50,NO
BLUE RIVIERA HANDBAG,326,431.0,470,50,NO
BLUE ROCKING SINGING CANARY,101,378.75,95,50,NO
BLUE ROSE FABRIC MIRROR,556,486.2,173,50,NO
BLUE ROSE PATCH PURSE PINK BUTTERFL,222,366.3,163,50,NO
BLUE ROUND COMPACT MIRROR,19,71.25,454,50,NO
BLUE SAVANNAH PICNIC HAMPER FOR 2,161,851.95,105,50,NO
BLUE SAVANNAH PICNIC HAMPER FOR 4,310,1654.5,204,50,NO
BLUE SCANDINAVIAN PAISLEY WRAP,2225,918.5,304,50,NO
BLUE SCOTTIE DOG W FLOWER PATTERN,88,219.0,481,50,NO
BLUE SHARK HELICOPTER,47,373.65000000000003,239,50,NO
BLUE SHELL+SILVER NECKLACE,12,90.0,88,50,NO
BLUE SPOT CERAMIC DRAWER KNOB,4163,5003.71,66,50,NO
BLUE SPOTS  WRAP,6350,2555.0,113,50,NO
BLUE SPOTTY BEAKER ,108,210.6,257,50,NO
BLUE SPOTTY BOWL,2700,3197.16,465,50,NO
BLUE SPOTTY LUGGAGE TAG ,1056,486.0,472,50,NO
BLUE SPOTTY PASSPORT COVER,222,341.2,223,50,NO
BLUE SPOTTY PURSE ,433,443.3500000000001,419,50,NO
BLUE SQUARE COMPACT MIRROR,320,420.0,237,50,NO
BLUE STAR BLOCK TABLE LAMP,103,303.85,493,50,NO
BLUE STONES ON WIRE FOR CANDLE,391,32.19,451,50,NO
BLUE STRIPE CERAMIC DRAWER KNOB,5043,5978.31,360,50,NO
BLUE STRIPES SHOULDER BAG,2,5.9,58,50,NO
BLUE SWEETHEART BRACELET,114,484.5,119,50,NO
BLUE TABLE RUN FLOWER,3,11.25,308,50,NO
BLUE TALL PORCELAIN T-LIGHT HOLDER,7,17.849999999999998,273,50,NO
BLUE TEA TOWEL CLASSIC DESIGN,1831,2161.07,241,50,NO
BLUE TEATIME PRINT BOWL ,731,900.07,376,50,NO
BLUE TILED SET OF 3 DRAWERS,5,63.75,42,50,YES
BLUE TILED TRAY,265,348.75,269,50,NO
BLUE TINSEL GARLAND ,130,24.7,29,50,YES
BLUE TRAVEL FIRST AID KIT,45,74.25,265,50,NO
BLUE TV TRAY TABLE ,82,337.94,344,50,NO
BLUE VICTORIAN FABRIC HEART BOX,710,228.39,119,50,NO
BLUE VICTORIAN FABRIC OVAL BOX,854,311.75,309,50,NO
BLUE WHITE PLASTIC RINGS LAMPSHADE,1,0.85,199,50,NO
BLUE WHITE SCARF HOT WATER BOTTLE,16,63.2,242,50,NO
BLUE WHITE SPOTS GARDEN PARASOL,271,1394.45,413,50,NO
BLUE WIRE SPIRAL CANDLE HOLDER,41,260.34999999999997,269,50,NO
BLUE YELLOW FLOWER PIGGY BANK,488,937.1999999999999,166,50,NO
BLUE/BROWN DOTS RUFFLED UMBRELLA,539,2167.85,461,50,NO
BLUE/CREAM STRIPE CUSHION COVER ,597,738.65,115,50,NO
BLUE/CREAM STRIPE FRINGE HAMMOCK,304,2307.8,276,50,NO
BLUE/GREEN SHELL NECKLACE W PENDANT,5,29.75,344,50,NO
BLUE/NAT SHELL NECKLACE W PENDANT,6,35.7,23,50,YES
BLUE/PINK NEST STRIPE BOX,1142,111.12,35,50,YES
BLUE/WHITE RIBBED MELAMINE JUG,7,55.650000000000006,299,50,NO
BLUE/YELLOW CERAMIC CANDLE HOLDER,6,9.899999999999999,355,50,NO
BLUE/YELLOW FLOWER DESIGN BIG MUG,8,15.6,266,50,NO
BOHEMIAN COLLAGE STATIONERY SET,405,664.35,277,50,NO
BOMBS AWAY METAL SIGN,1153,2332.7400000000002,495,50,NO
BOOM BOX SPEAKER BOYS,569,2993.55,403,50,NO
BOOM BOX SPEAKER GIRLS,32,190.4,179,50,NO
BOOZE & WOMEN GREETING CARD ,469,195.54,494,50,NO
BOTANICAL LAVENDER BIRTHDAY CARD,612,255.6,359,50,NO
BOTANICAL LAVENDER GIFT WRAP ,675,281.5,171,50,NO
BOTANICAL LILY GIFT WRAP,600,248.0,415,50,NO
BOTANICAL LILY GREETING CARD,542,226.8,197,50,NO
BOTANICAL ROSE GIFT WRAP,2090,839.8,182,50,NO
BOTANICAL ROSE GREETING CARD,1216,503.52,399,50,NO
BOTTLE BAG RETROSPOT ,2174,4230.4,52,50,NO
BOUDOIR SQUARE TISSUE BOX,828,819.0,436,50,NO
BOX OF 24 COCKTAIL PARASOLS,10797,4277.24,464,50,NO
BOX OF 3 PEBBLE CANDLES,1,2.95,198,50,NO
BOX OF 6 ASSORTED COLOUR TEASPOONS,142,603.5,446,50,NO
BOX OF 6 PEBBLE CANDLES,5,17.25,120,50,NO
BOX OF 9 PEBBLE CANDLES,1236,2313.9,287,50,NO
BOX OF VINTAGE ALPHABET BLOCKS,1822,16676.0,342,50,NO
BOX OF VINTAGE JIGSAW BLOCKS ,1313,6287.95,84,50,NO
BOX/12 CHICK & EGG IN BASKET,132,257.4,436,50,NO
BOX/12 MOTHER & CHICK IN BASKET/BOW,96,220.79999999999998,187,50,NO
BOYS ALPHABET IRON ON PATCHES,16993,3280.5299999999997,349,50,NO
BOYS VINTAGE TIN SEASIDE BUCKET,2159,4896.8099999999995,62,50,NO
BREAD BIN DINER STYLE BLACK,8,123.6,63,50,NO
BREAD BIN DINER STYLE IVORY,231,3647.45,304,50,NO
BREAD BIN DINER STYLE MINT,75,1191.25,416,50,NO
BREAD BIN DINER STYLE PINK,66,1022.6999999999999,31,50,YES
BREAD BIN DINER STYLE RED ,174,2733.2999999999997,114,50,NO
"BREAD BIN, DINER STYLE, IVORY",45,682.7499999999999,321,50,NO
"BREAD BIN, DINER STYLE, MINT",13,196.35,405,50,NO
"BREAD BIN, DINER STYLE, PINK",8,127.6,272,50,NO
"BREAD BIN, DINER STYLE, RED ",3,50.849999999999994,261,50,NO
BRIGHT BLUES RIBBONS ,1788,2207.64,54,50,NO
"BROCADE PURSE,SMALL ARCH BUTTON",3279,867.55,234,50,NO
BROCADE RING PURSE ,48166,8847.66,356,50,NO
BROCANTE COAT RACK,261,1945.55,109,50,NO
BROCANTE SHELF WITH HOOKS,17,181.95,283,50,NO
BROWN  PIRATE TREASURE CHEST ,386,622.5,112,50,NO
BROWN ANTIQUE CUBE CANDLE,226,94.92,429,50,NO
BROWN CHECK CAT DOORSTOP ,907,3692.25,477,50,NO
BROWN COZY SQUARE PHOTO ALBUM,205,399.75,109,50,NO
BROWN DOG CANNISTER W BONE,4,23.8,437,50,NO
BROWN FLOWER LIGHTS,109,688.95,134,50,NO
BROWN FURRY HOT WATER BOTTLE,191,665.05,124,50,NO
BROWN KUKUI COCONUT SEED NECKLACE,7,41.65,410,50,NO
BROWN VINTAGE VICTORIAN EARRINGS,12,35.400000000000006,215,50,NO
BUBBLE GUM CHUNKY KNITTED THROW ,5,84.75,333,50,NO
BUBBLE GUM SCARF KNITTING KIT,306,576.3000000000001,133,50,NO
BUDDHA INCENSE HOLDER ASSORTED,2176,1587.24,94,50,NO
BUNNY BUNCH OF FLOWERS,14,5.88,432,50,NO
BUNNY DECORATION MAGIC GARDEN,488,385.68,395,50,NO
BUNNY EGG BOX,824,1025.2,439,50,NO
BUNNY EGG GARLAND,766,321.72,236,50,NO
BUNNY WOODEN PAINTED WITH BIRD ,626,532.0999999999999,296,50,NO
BUNNY WOODEN PAINTED WITH FLOWER ,365,310.25,268,50,NO
BURG FLOCK GOLD CUP/CANDLE ,115,48.3,183,50,NO
BUTTERFLIES  HONEYCOMB GARLAND,1445,2240.25,413,50,NO
BUTTERFLIES STICKERS,1082,919.6999999999999,376,50,NO
BUTTERFLY CROCHET FOOD COVER,498,1675.5,476,50,NO
BUTTERFLY WATER TRANSFER TATTOOS ,267,186.95,427,50,NO
BUTTON BOX ,1169,2219.5499999999997,211,50,NO
BUTTONS AND STRIPES NOTEBOOK ,80,300.0,246,50,NO
BUTTONS DESIGN JEWELLERY BOX,71,266.25,196,50,NO
Bank Charges,18,270.0,118,50,NO
CABIN BAG VINTAGE PAISLEY,48,1347.6,55,50,NO
CABIN BAG VINTAGE RETROSPOT,117,3204.15,485,50,NO
CACTI T-LIGHT CANDLES,10389,4177.14,115,50,NO
CAKE PLATE LOVEBIRD PINK,244,1157.4,171,50,NO
CAKE PLATE LOVEBIRD WHITE,404,1957.8,170,50,NO
CAKE SHOP  STICKER SHEET,979,817.59,209,50,NO
CAKE STAND 3 TIER MAGIC GARDEN,779,9471.449999999999,243,50,NO
CAKE STAND LACE WHITE,1112,4402.5,56,50,NO
CAKE STAND LOVEBIRD 2 TIER PINK,760,5374.6,287,50,NO
CAKE STAND LOVEBIRD 2 TIER WHITE,499,4750.45,388,50,NO
CAKE STAND VICTORIAN FILIGREE LARGE,260,1541.2,202,50,NO
CAKE STAND VICTORIAN FILIGREE MED,218,1038.6,32,50,YES
CAKE STAND VICTORIAN FILIGREE SMALL,155,515.25,298,50,NO
CAKE STAND WHITE TWO TIER LACE,706,5812.3,236,50,NO
"CAKE TIN, 3 TIER MINT/IVORY",13,176.75,374,50,NO
"CAKE TIN, 3 TIER RED/IVORY",28,383.4,380,50,NO
"CAKE TIN, ROUND, VINTAGE MINT,IVORY",27,190.65,305,50,NO
"CAKE TIN, ROUND, VINTAGE RED,CREAM",59,421.05,292,50,NO
CAKES AND BOWS GIFT  TAPE,216,139.20000000000002,388,50,NO
CAKES AND RABBITS DESIGN FLANNEL ,330,256.38,81,50,NO
"CAKESTAND, 3 TIER, LOVEHEART",46,405.5,103,50,NO
CALENDAR FAMILY FAVORITES,20,59.0,387,50,NO
CALENDAR FAMILY FAVOURITES,532,1441.4,236,50,NO
CALENDAR IN SEASON DESIGN,469,1351.5500000000002,361,50,NO
CALENDAR PAPER CUT DESIGN,1461,4137.950000000001,416,50,NO
CAMOFLAGE CUSHION COVER,11,18.15,206,50,NO
CAMOFLAGE DESIGN TEDDY,1584,3358.8,38,50,YES
CAMOUFLAGE BACKPACK ON WHEELS,2,19.9,196,50,NO
CAMOUFLAGE DESIGN TEDDY,593,1274.5500000000002,119,50,NO
CAMOUFLAGE EAR MUFF HEADPHONES,72,395.28,415,50,NO
CAMOUFLAGE LED TORCH,3603,5985.39,464,50,NO
CAMPHOR WOOD PORTOBELLO MUSHROOM,364,254.66,252,50,NO
"CANDLE IN JAR COLLAGE , VANILLA",65,165.75,422,50,NO
CANDLE PLATE LACE WHITE,348,822.6,95,50,NO
CANDLE RING W/CLEAR BEADS,13,5.46,284,50,NO
CANDLEHOLDER PINK HANGING HEART,2147,5981.97,474,50,NO
CANDY BUTTON PHOTO ALBUM,295,631.25,303,50,NO
CANDY HEART HANGING DECORATION,188,235.0,225,50,NO
CANDY PINK FRENCH BOUDOIR CLOCK,16,159.2,242,50,NO
CANDY POP CHUNKY KNITTED THROW ,15,254.25,403,50,NO
CANDY SHOP  STICKER SHEET,867,733.8299999999999,71,50,NO
CANDY SPOT APRON,82,381.3,358,50,NO
CANDY SPOT BREAD BASKETS,337,487.35,386,50,NO
CANDY SPOT BUNNY,74,211.10000000000002,163,50,NO
CANDY SPOT CUSHION COVER,73,205.75000000000003,392,50,NO
CANDY SPOT EGG WARMER HARE,593,465.25,88,50,NO
CANDY SPOT EGG WARMER RABBIT,108,88.68,118,50,NO
CANDY SPOT HAND BAG,85,178.5,415,50,NO
CANDY SPOT HEART DECORATION,351,298.34999999999997,44,50,YES
CANDY SPOT TEA COSY,347,494.65000000000003,455,50,NO
CANDY STRIPE ROSE C/COVER ,50,297.5,398,50,NO
CANDY STRIPE ROSE FLOOR CUSHION,6,47.7,488,50,NO
CANDY STRIPE ROSE QUILT,1,45.95,72,50,NO
CANNABIS LEAF BEAD CURTAIN,12,10.2,170,50,NO
CAPIZ CHANDELIER,4,119.8,163,50,NO
CARAVAN SQUARE TISSUE BOX,639,649.35,76,50,NO
CARD BILLBOARD FONT,288,116.64,58,50,NO
CARD BIRTHDAY COWBOY,1766,707.16,128,50,NO
CARD CAT AND TREE ,972,403.92,200,50,NO
CARD CHRISTMAS VILLAGE,2724,1131.12,61,50,NO
CARD CIRCUS PARADE,2040,839.52,205,50,NO
CARD DOG AND BALL ,1176,472.32,442,50,NO
CARD DOLLY GIRL ,2810,1106.76,417,50,NO
CARD GINGHAM ROSE ,84,35.28,242,50,NO
CARD HOLDER GINGHAM HEART,1976,4909.2,141,50,NO
CARD I LOVE LONDON ,2460,962.64,152,50,NO
CARD MOTORBIKE SANTA,2942,1195.32,182,50,NO
CARD PARTY GAMES ,593,244.74,234,50,NO
CARD PSYCHEDELIC APPLES,828,343.44,240,50,NO
CARD SUKI BIRTHDAY,732,298.8,254,50,NO
CARD WEDDING DAY,1140,465.84000000000003,350,50,NO
"CARD, BILLBOARD FONT",1266,514.44,165,50,NO
"CARD, GINGHAM ROSE ",492,206.64,258,50,NO
CARDHOLDER GINGHAM CHRISTMAS TREE,914,2233.5,95,50,NO
CARDHOLDER GINGHAM HEART,102,216.9,28,50,YES
CARDHOLDER GINGHAM STAR,953,2386.95,93,50,NO
CARDHOLDER HOLLY WREATH METAL,1325,4908.27,461,50,NO
CARNATION SQUARE HANDY TIN,42,52.5,420,50,NO
CARNIVAL BRACELET,94,1188.25,272,50,NO
CAROUSEL CHILDRENS APRON,11,18.15,249,50,NO
CAROUSEL CHILDRENS OVERALL,38,79.8,26,50,YES
CAROUSEL DES CHILD'S APRON,87,143.54999999999998,193,50,NO
CAROUSEL DES CHILD'S OVERALL,156,327.6,160,50,NO
CAROUSEL DESIGN BABY BIB,75,93.75,187,50,NO
CAROUSEL DESIGN WASHBAG,229,446.54999999999995,189,50,NO
CAROUSEL PLACEMATS ,2,7.5,412,50,NO
CAROUSEL PONIES BABY BIB,82,102.5,453,50,NO
CARRIAGE,120,6110.0,302,50,NO
CARROT CHARLIE+LOLA COASTER SET,374,988.7,141,50,NO
CARTOON  PENCIL SHARPENERS,765,122.4,213,50,NO
CAST IRON HOOK GARDEN FORK,978,2238.38,24,50,YES
CAST IRON HOOK GARDEN TROWEL,965,2212.43,48,50,YES
CAT BOWL ,862,2057.7,184,50,NO
CAT BOWL VINTAGE CREAM,106,332.5,441,50,NO
"CAT BOWL, ENAMEL , CREAM COLOUR",12,39.0,358,50,NO
"CAT FOOD CONTAINER , VINTAGE",10,63.5,155,50,NO
CAT W SUNGLASSES BLANK CARD,4,0.76,384,50,NO
CD WALL TIDY BLUE OFFICE,117,43.38,340,50,NO
CD WALL TIDY RED FLOWERS,140,53.040000000000006,361,50,NO
CERAMIC BIRDHOUSE BLACK ROSE  LARGE,162,805.6500000000001,164,50,NO
CERAMIC BIRDHOUSE BUTTERFLY LARGE,165,772.95,346,50,NO
CERAMIC BIRDHOUSE BUTTERFLY SMALL,678,1527.05,236,50,NO
CERAMIC BIRDHOUSE CRESTED TIT LARGE,285,1437.75,320,50,NO
CERAMIC BIRDHOUSE CRESTED TIT SMALL,620,1473.65,151,50,NO
CERAMIC BIRDHOUSE FINCH BLUE  LARGE,75,393.6,311,50,NO
CERAMIC BIRDHOUSE FINCH BLUE ROOF,641,1535.6000000000001,89,50,NO
CERAMIC BIRDHOUSE RED ROOF LARGE,163,729.85,271,50,NO
CERAMIC BIRDHOUSE RED ROOF SMALL,539,1222.8500000000001,434,50,NO
CERAMIC BOWL WITH LOVE HEART DESIGN,157,448.75000000000006,294,50,NO
CERAMIC BOWL WITH STRAWBERRY DESIGN,1636,4461.400000000001,464,50,NO
CERAMIC CAKE BOWL + HANGING CAKES,1690,4619.5,383,50,NO
CERAMIC CAKE DESIGN SPOTTED MUG,3065,4376.7699999999995,201,50,NO
CERAMIC CAKE DESIGN SPOTTED PLATE,1964,2813.7999999999997,186,50,NO
CERAMIC CAKE STAND + HANGING CAKES,1747,15426.6,110,50,NO
CERAMIC CAKE TEAPOT WITH CHERRY,1,4.95,221,50,NO
CERAMIC CHERRY CAKE MONEY BANK,2722,3950.2,365,50,NO
CERAMIC HEART CAKE MONEY BANK,120,159.6,38,50,YES
CERAMIC HEART FAIRY CAKE MONEY BANK,2990,4237.099999999999,58,50,NO
CERAMIC LOVE HEART MONEY BANK,321,436.65,145,50,NO
CERAMIC LOVE HEARTS DESIGN MUG,503,749.47,470,50,NO
CERAMIC PIRATE CHEST MONEY BANK,947,1351.55,192,50,NO
CERAMIC PLATE LOVE HEART DESIGN,596,619.84,160,50,NO
CERAMIC PLATE STRAWBERRY DESIGN,2341,2860.0099999999998,261,50,NO
CERAMIC STRAWBERRY CAKE MONEY BANK,4915,6862.75,239,50,NO
CERAMIC STRAWBERRY DESIGN MUG,901,1250.33,145,50,NO
CERAMIC STRAWBERRY MONEY BOX,581,1459.95,77,50,NO
CERAMIC STRAWBERRY TRINKET TRAY,267,659.25,167,50,NO
CERAMIC STRWBERRY DESIGN MUG,2269,3130.25,495,50,NO
CERISE+GOLD CHRISTMAS STOCKING DEC,188,71.44,475,50,NO
CERISE+GOLD CHRISTMAS TREE DEC,36,13.68,336,50,NO
CHALKBOARD KITCHEN ORGANISER,162,3148.9,402,50,NO
CHAMPAGNE TRAY BLANK CARD,2,0.38,380,50,NO
CHARLIE & LOLA WASTEPAPER BIN BLUE,840,1389.0,442,50,NO
CHARLIE & LOLA WASTEPAPER BIN FLORA,769,1422.75,20,50,YES
CHARLIE + LOLA BISCUITS TINS,733,2963.15,406,50,NO
CHARLIE + LOLA RED HOT WATER BOTTLE,2211,4612.35,480,50,NO
CHARLIE AND LOLA CHARLOTTE BAG,2181,2798.05,367,50,NO
CHARLIE AND LOLA FIGURES TINS,517,2045.6299999999999,209,50,NO
CHARLIE AND LOLA TABLE TINS,382,1544.9,210,50,NO
CHARLIE LOLA BLUE HOT WATER BOTTLE ,456,1405.2,388,50,NO
CHARLIE+LOLA MY ROOM DOOR SIGN,482,291.65999999999997,428,50,NO
CHARLIE+LOLA PINK HOT WATER BOTTLE,1876,3765.1000000000004,331,50,NO
CHARLIE+LOLA RED HOT WATER BOTTLE ,559,1799.19,436,50,NO
"CHARLIE+LOLA""EXTREMELY BUSY"" SIGN",596,371.34000000000003,441,50,NO
"CHARLOTTE BAG , PINK/WHITE SPOTS",4216,3360.0,136,50,NO
"CHARLOTTE BAG , SUKI DESIGN",4072,3233.7,153,50,NO
CHARLOTTE BAG DOLLY GIRL DESIGN,3046,2420.1,77,50,NO
CHARLOTTE BAG PINK POLKADOT,1229,1039.45,63,50,NO
CHARLOTTE BAG PINK WITH WHITE SPOTS,3952,3151.2,192,50,NO
CHARLOTTE BAG SUKI DESIGN,6735,5371.15,179,50,NO
CHERRY BLOSSOM  DECORATIVE FLASK,417,1534.95,192,50,NO
CHERRY BLOSSOM BATHROOM CABINET,192,950.4,336,50,NO
CHERRY BLOSSOM CANVAS ART PICTURE,13,103.35000000000001,322,50,NO
CHERRY BLOSSOM DECORATIVE FLASK,598,2153.2200000000003,168,50,NO
CHERRY BLOSSOM LUGGAGE TAG,1894,385.22,99,50,NO
CHERRY BLOSSOM PASSPORT COVER,56,117.60000000000001,393,50,NO
CHERRY BLOSSOM PHOTO FRAME ,10,46.5,232,50,NO
CHERRY BLOSSOM PURSE,20,59.00000000000001,222,50,NO
CHERRY BLOSSOM TABLE CLOCK ,212,469.4,271,50,NO
CHERRY CROCHET FOOD COVER,740,2106.6,248,50,NO
CHERRY DESIGN PAPERLANTERNS,1064,2000.4399999999998,183,50,NO
CHEST 7 DRAWER MA CAMPAGNE,16,375.2,246,50,NO
CHEST NATURAL WOOD 20 DRAWERS,8,910.0,166,50,NO
CHEST OF DRAWERS GINGHAM HEART ,82,1353.8999999999999,39,50,YES
CHICK GREY HOT WATER BOTTLE,2678,8759.1,460,50,NO
CHILDREN'S APRON DOLLY GIRL ,639,1279.4,421,50,NO
CHILDREN'S CIRCUS PARADE MUG,124,204.6,66,50,NO
CHILDREN'S SPACEBOY MUG,107,176.55,252,50,NO
CHILDRENS APRON APPLE DESIGN,290,520.5,324,50,NO
CHILDRENS APRON APPLES DESIGN,511,981.4499999999999,33,50,YES
CHILDRENS APRON DOLLY GIRL ,103,216.3,162,50,NO
CHILDRENS APRON SPACEBOY DESIGN,1978,3676.5,434,50,NO
CHILDRENS CIRCUS PARADE MUG,36,59.400000000000006,20,50,YES
CHILDRENS DOLLY GIRL MUG,129,212.85,392,50,NO
CHILDRENS GARDEN GLOVES BLUE,1156,1438.16,73,50,NO
CHILDRENS GARDEN GLOVES PINK,1296,1608.6,393,50,NO
CHILDRENS SPACEBOY MUG,72,118.80000000000001,278,50,NO
CHILDS APRON SPACEBOY DESIGN,2247,4174.35,163,50,NO
CHILDS BREAKFAST SET CIRCUS PARADE,1039,8384.78,490,50,NO
CHILDS BREAKFAST SET DOLLY GIRL ,970,9013.5,460,50,NO
CHILDS BREAKFAST SET SPACEBOY ,928,8646.35,478,50,NO
CHILDS GARDEN BRUSH BLUE,980,1870.98,31,50,YES
CHILDS GARDEN BRUSH PINK,962,1839.18,349,50,NO
CHILDS GARDEN FORK BLUE ,1264,1057.24,243,50,NO
CHILDS GARDEN FORK PINK,1280,1067.72,291,50,NO
CHILDS GARDEN RAKE BLUE,617,1144.68,475,50,NO
CHILDS GARDEN RAKE PINK,593,1091.28,377,50,NO
CHILDS GARDEN SPADE BLUE,772,1462.68,479,50,NO
CHILDS GARDEN SPADE PINK,759,1432.38,427,50,NO
CHILDS GARDEN TROWEL BLUE ,1480,1240.84,175,50,NO
CHILDS GARDEN TROWEL PINK,1599,1338.87,392,50,NO
CHILLI LIGHTS,6012,26262.68,27,50,YES
CHINESE DRAGON PAPER LANTERNS,10023,3193.74,141,50,NO
CHOC TRUFFLE GOLD TRINKET POT ,1410,2204.1,367,50,NO
CHOCOLATE 1 WICK MORRIS BOX CANDLE,242,969.98,183,50,NO
CHOCOLATE 3 WICK MORRIS BOX CANDLE,368,1464.12,109,50,NO
CHOCOLATE BOX RIBBONS ,2245,2724.17,155,50,NO
CHOCOLATE CALCULATOR,2266,3618.9,205,50,NO
CHOCOLATE HOT WATER BOTTLE,5150,23852.4,335,50,NO
CHOCOLATE ICE CREAM CANDLE,2,3.9,197,50,NO
CHOCOLATE THIS WAY METAL SIGN,5911,11135.720000000001,47,50,YES
CHRISTMAS CARD SCREEN PRINT ,936,304.8,239,50,NO
CHRISTMAS CARD SINGING ANGEL,1313,446.58,376,50,NO
CHRISTMAS CARD STACK OF PRESENTS,1153,365.58,60,50,NO
CHRISTMAS CRAFT HEART DECORATIONS,420,834.0,247,50,NO
CHRISTMAS CRAFT HEART STOCKING ,1260,2566.0,211,50,NO
CHRISTMAS CRAFT LITTLE FRIENDS,1002,2032.7,430,50,NO
CHRISTMAS CRAFT TREE TOP ANGEL,689,1385.4,466,50,NO
CHRISTMAS CRAFT WHITE FAIRY ,1115,1544.75,164,50,NO
CHRISTMAS DECOUPAGE CANDLE,563,460.09,220,50,NO
"CHRISTMAS GARLAND STARS,TREES",715,1691.25,436,50,NO
CHRISTMAS GINGHAM HEART,6001,4894.93,231,50,NO
CHRISTMAS GINGHAM STAR,3319,2746.27,480,50,NO
CHRISTMAS GINGHAM TREE,2783,2328.1099999999997,239,50,NO
CHRISTMAS HANGING HEART WITH BELL,1526,1880.1399999999999,259,50,NO
CHRISTMAS HANGING STAR WITH BELL,1116,1340.28,432,50,NO
CHRISTMAS HANGING TREE WITH BELL,1030,1232.78,416,50,NO
CHRISTMAS LIGHTS 10 REINDEER,996,8129.400000000001,65,50,NO
CHRISTMAS LIGHTS 10 SANTAS ,643,5169.7,54,50,NO
CHRISTMAS LIGHTS 10 VINTAGE BAUBLES,1181,5381.150000000001,272,50,NO
CHRISTMAS METAL POSTCARD WITH BELLS,1511,1724.5900000000001,409,50,NO
CHRISTMAS METAL TAGS ASSORTED ,4680,3772.08,101,50,NO
CHRISTMAS MUSICAL ZINC HEART ,1677,1322.49,390,50,NO
CHRISTMAS MUSICAL ZINC STAR,1088,859.28,275,50,NO
CHRISTMAS MUSICAL ZINC TREE,756,595.8,216,50,NO
CHRISTMAS PUDDING TRINKET POT ,1915,2680.75,322,50,NO
CHRISTMAS RETROSPOT ANGEL WOOD,2815,2299.15,428,50,NO
CHRISTMAS RETROSPOT HEART WOOD,4206,3375.42,469,50,NO
CHRISTMAS RETROSPOT STAR WOOD,3124,2549.3199999999997,29,50,YES
CHRISTMAS RETROSPOT TREE WOOD,2719,2205.07,331,50,NO
CHRISTMAS STAR WISH LIST CHALKBOARD,2816,2318.72,305,50,NO
CHRISTMAS TOILET ROLL,3489,4133.06,261,50,NO
CHRISTMAS TREE DECORATION WITH BELL,1563,656.4599999999999,270,50,NO
CHRISTMAS TREE HEART DECORATION,1575,661.5,384,50,NO
CHRISTMAS TREE PAINTED ZINC ,1049,681.85,24,50,YES
CHRISTMAS TREE STAR DECORATION,1543,648.06,138,50,NO
CHRISTMAS TREE T-LIGHT HOLDER,374,542.3,308,50,NO
CHRYSANTHEMUM  JOURNAL,484,878.7,393,50,NO
CHRYSANTHEMUM NOTEBOOK,3437,871.05,84,50,NO
CHRYSANTHEMUM POCKET BOOK ,5675,813.35,165,50,NO
CHRYSANTHEMUM SKETCHBOOK ,317,759.95,243,50,NO
CHUNKY CRACKED GLAZE NECKLACE IVORY,6,64.5,258,50,NO
CHUNKY SILVER NECKLACE PASTEL FLOWE,52,517.4,196,50,NO
CINAMMON & ORANGE WREATH,918,2572.5,286,50,NO
CINAMMON SET OF 9 T-LIGHTS,1150,977.5,360,50,NO
CINNAMON SCENTED VOTIVE CANDLE,903,248.42999999999998,301,50,NO
CIRCLE OF FRIENDS CANDLE HOLDER,294,341.7,82,50,NO
CIRCUS PARADE CHILDRENS EGG CUP ,136,170.0,236,50,NO
CIRCUS PARADE LUNCH BOX ,2544,4762.8,361,50,NO
CIRCUS PARADE LUNCHBOX ,1,1.95,334,50,NO
CITRONELLA CANDLE FLOWERPOT,1885,3068.25,302,50,NO
CITRONELLA CANDLE GARDEN POT,2279,2359.87,196,50,NO
CITRUS GARLAND FELT FLOWERS ,120,234.0,480,50,NO
CLAM SHELL LARGE,742,557.7,436,50,NO
CLAM SHELL SMALL ,120,242.16000000000003,117,50,NO
CLASSIC DIAMANTE EARRINGS JET,1,2.95,124,50,NO
CLASSIC DIAMANTE NECKLACE JET,3,22.5,118,50,NO
CLASSIC FRENCH STYLE BASKET BROWN,48,324.0,404,50,NO
CLASSIC FRENCH STYLE BASKET GREEN ,147,979.45,424,50,NO
CLASSIC FRENCH STYLE BASKET NATURAL,177,1169.15,330,50,NO
CLASSIC METAL BIRDCAGE PLANT HOLDER,789,7918.55,25,50,YES
CLASSIC WHITE FRAME,974,2849.3,495,50,NO
CLASSICAL ROSE CANDLESTAND,346,331.7,484,50,NO
CLASSICAL ROSE DISH,283,528.85,216,50,NO
CLASSICAL ROSE SMALL VASE,457,837.75,370,50,NO
CLASSICAL ROSE TABLE LAMP,8,47.6,152,50,NO
CLASSICAL ROSE URN,94,372.3,377,50,NO
CLEAR ACRYLIC FACETED BANGLE,57,158.55,278,50,NO
CLEAR COLOUR GLASS GEMS IN BAG,518,344.53999999999996,456,50,NO
CLEAR CRYSTAL STAR PHONE CHARM,153,130.04999999999998,42,50,YES
CLEAR DRAWER KNOB ACRYLIC EDWARDIAN,1056,1321.44,72,50,NO
CLEAR LOVE BIRD T-LIGHT HOLDER,64,170.4,184,50,NO
CLEAR MILKSHAKE GLASS,423,823.5,221,50,NO
CLEAR STATIONERY BOX SET ,76,64.6,477,50,NO
CLOTHES PEGS RETROSPOT PACK 24 ,5446,6477.38,102,50,NO
COCKLE SHELL DISH,136,284.1,164,50,NO
COFFEE MUG APPLES DESIGN,2546,6071.1,104,50,NO
COFFEE MUG BLUE PAISLEY DESIGN,1632,3304.3500000000004,97,50,NO
COFFEE MUG CAT + BIRD DESIGN,2717,6562.05,476,50,NO
COFFEE MUG DOG + BALL DESIGN,2557,6188.25,385,50,NO
COFFEE MUG PEARS  DESIGN,2521,5086.110000000001,20,50,YES
COFFEE MUG PINK PAISLEY DESIGN,1570,3061.56,70,50,NO
COFFEE SCENT PILLAR CANDLE,241,228.95,192,50,NO
COGNAC AUX OEUFS METAL 1 HOOK,31,38.75,224,50,NO
COLOUR GLASS T-LIGHT HOLDER HANGING,23944,14193.2,279,50,NO
COLOUR GLASS. STAR T-LIGHT HOLDER,8831,24965.75,465,50,NO
COLOURFUL FISHING GNOME,284,838.6,468,50,NO
COLOURFUL FLOWER FRUIT BOWL,4,27.8,388,50,NO
COLOURFUL STANDING GNOME,706,1115.7,307,50,NO
COLOURING PENCILS BROWN TUBE,3561,3804.85,53,50,NO
COLUMBIAN  CUBE CANDLE ,222,61.980000000000004,367,50,NO
COLUMBIAN CANDLE RECTANGLE,689,538.9499999999999,114,50,NO
COLUMBIAN CANDLE ROUND,1094,460.53999999999996,91,50,NO
COLUMBIAN CANDLE ROUND ,290,302.74,58,50,NO
COLUMBIAN CUBE CANDLE,532,429.0,173,50,NO
CONCH SHELL,1252,535.8,269,50,NO
CONDIMENT TRAY 4 BOWLS AND 4 SPOONS,27,259.89,181,50,NO
CONGRATULATIONS BUNTING,135,735.75,457,50,NO
COOK WITH WINE METAL SIGN ,9599,17023.41,137,50,NO
COOKING SET RETROSPOT,652,6207.08,278,50,NO
COPPER AND BRASS BAG CHARM,6,29.700000000000003,398,50,NO
COPPER/OLIVE GREEN FLOWER NECKLACE,19,113.05000000000001,325,50,NO
CORONA MEXICAN TRAY,1348,4786.2,287,50,NO
COSMETIC BAG VINTAGE ROSE PAISLEY,984,1980.4,468,50,NO
COSY HOUR CIGAR BOX MATCHES ,2248,2805.44,73,50,NO
COSY HOUR GIANT TUBE MATCHES,1988,4961.4,255,50,NO
COSY SLIPPER SHOES LARGE GREEN,517,1505.9500000000003,408,50,NO
COSY SLIPPER SHOES LARGE RED,164,483.80000000000007,497,50,NO
COSY SLIPPER SHOES SMALL  RED ,360,1042.8000000000002,241,50,NO
COSY SLIPPER SHOES SMALL GREEN,238,697.3000000000001,270,50,NO
COTE D'AZURE NECKLACE,30,148.5,332,50,NO
COUNTRY COTTAGE  DOORSTOP GREEN,259,1036.75,420,50,NO
COW  SOCK PUPPET,54,159.3,131,50,NO
COWBOYS AND INDIANS BIRTHDAY CARD ,4982,1995.24,274,50,NO
CRACKED GLAZE EARRINGS RED,1,2.55,322,50,NO
CRACKED GLAZE NECKLACE BROWN,3,20.85,426,50,NO
CRACKED GLAZE NECKLACE RED,1,6.95,226,50,NO
CRAZY DAISY HEART DECORATION,1125,719.85,248,50,NO
CREAM AND PINK FLOWERS PONY ,17,63.75,360,50,NO
CREAM C/COVER W YELLOW/GREEN FLOWER,10,69.5,417,50,NO
CREAM CLIMBING HYDRANGA ART FLOWER,115,152.85,85,50,NO
CREAM CUPID HEARTS COAT HANGER,5016,14864.52,94,50,NO
CREAM CUSHION COVER WITH FLOWERS,103,355.85,454,50,NO
CREAM DELPHINIUM ARTIFICIAL FLOWER,145,206.95000000000002,122,50,NO
CREAM FELT EASTER EGG BASKET,1258,2028.9,441,50,NO
CREAM HEART CARD HOLDER,9912,29888.02,211,50,NO
CREAM KNITTED HEN,288,365.76,271,50,NO
CREAM SLICE FLANNEL CHOCOLATE SPOT ,515,1480.8500000000001,245,50,NO
CREAM SLICE FLANNEL PINK SPOT ,1462,4034.5000000000005,313,50,NO
CREAM SWEETHEART DOUBLE SHELF,3,50.85,325,50,NO
CREAM SWEETHEART EGG HOLDER,354,1685.1000000000001,117,50,NO
CREAM SWEETHEART LETTER RACK,1518,6788.62,357,50,NO
CREAM SWEETHEART MAGAZINE RACK,275,4455.25,305,50,NO
CREAM SWEETHEART MINI CHEST,1281,15186.31,354,50,NO
CREAM SWEETHEART SHELF + HOOKS,922,6097.56,366,50,NO
CREAM SWEETHEART TRAYS,582,6734.5,454,50,NO
CREAM SWEETHEART WALL CABINET,471,7398.3099999999995,466,50,NO
CREAM WALL PLANTER HEART SHAPED,170,915.5,327,50,NO
CROCHET BEAR RED/BLUE  KEYRING,26,42.9,268,50,NO
CROCHET BEAR WITH BLUE STRIPES,98,249.9,185,50,NO
CROCHET DOG KEYRING,23,37.95,491,50,NO
CROCHET LILAC/RED BEAR KEYRING,11,18.15,354,50,NO
CROCHET POODLE KEYRING,21,34.65,49,50,YES
CROCHET ROSE DES CLOTHES HANGER,20,59.0,266,50,NO
CROCHET ROSE PURSE WITH SUEDE BACK,93,274.35,125,50,NO
CROCHET WHITE RABBIT KEYRING ,33,54.45,70,50,NO
CROSS STITCH ALPHABET CUSHION COVER,216,1285.2,100,50,NO
CRYSTAL CZECH CROSS PHONE CHARM,25,21.25,152,50,NO
CRYSTAL DIAMANTE EXPANDABLE RING,19,80.75,304,50,NO
CRYSTAL DIAMANTE STAR BROOCH,9,44.55,407,50,NO
CRYSTAL DRAGONFLY PHONE CHARM,3,2.55,157,50,NO
CRYSTAL FROG PHONE CHARM,105,89.25,203,50,NO
CRYSTAL HOOP EARRING FLORAL LEAF,24,70.80000000000001,420,50,NO
CRYSTAL KEY+LOCK PHONE CHARM,99,84.14999999999999,349,50,NO
CRYSTAL LARGE JEWELLED PHOTO FRAME,22,56.099999999999994,292,50,NO
CRYSTAL PAIR HEART HAIR SLIDES,17,63.75,359,50,NO
CRYSTAL SEA HORSE PHONE CHARM,186,158.1,491,50,NO
CRYSTAL SMALL JEWELLED PHOTOFRAME,1,1.65,88,50,NO
CRYSTAL STILETTO PHONE CHARM,273,232.04999999999998,53,50,NO
CRYSTAL STUD EARRINGS ASSORTED COL ,469,276.14,281,50,NO
CRYSTAL STUD EARRINGS CLEAR DISPLAY,252,95.75999999999999,72,50,NO
CUBIC MUG BLUE POLKA DOT,1249,1093.95,469,50,NO
CUBIC MUG FLOCK BLUE ON BROWN,1116,958.8,224,50,NO
CUBIC MUG FLOCK PINK ON BROWN,9,22.950000000000003,145,50,NO
CUBIC MUG PINK POLKA DOT,104,265.2,254,50,NO
CUBIC MUG PINK POLKADOT,56,142.8,62,50,NO
CUBIC MUG TEATIME CAKES,6,15.3,259,50,NO
CUPBOARD 3 DRAWER MA CAMPAGNE,42,592.6999999999999,478,50,NO
CUPCAKE LACE PAPER SET 6,1369,2482.35,390,50,NO
CUPID DESIGN SCENTED CANDLES,465,611.85,130,50,NO
CUPID SCENTED CANDLE IN GLASS,50,82.5,268,50,NO
CURIOUS  IMAGES NOTEBOOK SET,243,384.75,170,50,NO
CURIOUS IMAGES GIFT WRAP SET,204,219.6,202,50,NO
CURIOUS IMAGES SCRAP BOOK SET,340,528.6,355,50,NO
CUSHION COVER PINK UNION FLAG,101,643.35,114,50,NO
CUSHION COVER PINK UNION JACK,60,357.0,478,50,NO
CUT GLASS HEXAGON T-LIGHT HOLDER,496,941.14,393,50,NO
CUT GLASS T-LIGHT HOLDER OCTAGON,940,1637.46,419,50,NO
CUTE BIRD CEATURE SCREEN,6,9.899999999999999,27,50,YES
CUTE CATS TAPE,221,143.65,407,50,NO
CUTE RABBIT CEATURE SCREEN ,4,6.6,379,50,NO
DADDY MOUSE RED GINGHAM BOW TIE,1,5.45,407,50,NO
DAIRY MAID  PUDDING BOWL,1296,1860.0,203,50,NO
DAIRY MAID  SMALL  MILK JUG,215,451.5,300,50,NO
DAIRY MAID BUTTER DISH,1193,1758.25,214,50,NO
DAIRY MAID CERAMIC BUTTER DISH,105,437.25,371,50,NO
DAIRY MAID CERAMIC TOASTRACK,56,165.20000000000002,214,50,NO
DAIRY MAID LARGE MILK JUG,533,2522.85,174,50,NO
DAIRY MAID STRIPE MUG,531,1508.8500000000001,112,50,NO
DAIRY MAID SUGAR JAM BOWL,1372,1358.3999999999999,179,50,NO
DAIRY MAID TOASTRACK,106,305.50000000000006,453,50,NO
DAIRY MAID TRADITIONAL TEAPOT ,659,3756.25,80,50,NO
DAISIES  HONEYCOMB GARLAND ,1059,1646.55,141,50,NO
DAISY ERASERS IN BAG,1014,219.34,70,50,NO
DAISY FOLKART HEART DECORATION,293,366.25,422,50,NO
DAISY GARDEN MARKER,757,944.35,296,50,NO
DAISY HAIR BAND,21,34.65,24,50,YES
DAISY HAIR COMB,8,20.4,485,50,NO
DAISY JOURNAL ,341,545.5500000000001,111,50,NO
DAISY NOTEBOOK ,3447,647.55,189,50,NO
DAISY RING,11,13.75,336,50,NO
DAISY SKETCHBOOK ,175,420.65,41,50,YES
DANISH ROSE BEDSIDE CABINET,18,679.1,424,50,NO
DANISH ROSE DECORATIVE PLATE,100,210.0,345,50,NO
DANISH ROSE DELUXE COASTER,371,315.34999999999997,20,50,YES
DANISH ROSE FOLDING CHAIR,8,319.6,152,50,NO
DANISH ROSE PHOTO FRAME,269,664.35,252,50,NO
DANISH ROSE ROUND SEWING BOX,101,429.25,31,50,YES
DANISH ROSE TRINKET TRAYS,58,345.1,365,50,NO
DANISH ROSE UMBRELLA STAND,31,481.65,65,50,NO
DARK BIRD HOUSE TREE DECORATION,182,134.06,53,50,NO
DARK CHOCOLATE SCENTCANDLE,291,219.75,452,50,NO
DARK PINK FLOCK GLASS CANDLEHOLDER,547,231.99,97,50,NO
DECORATION  BUTTERFLY  MAGIC GARDEN,571,460.39,237,50,NO
DECORATION  PINK CHICK MAGIC GARDEN,391,328.19,320,50,NO
"DECORATION , HANGING METAL CHICKEN",601,586.25,430,50,NO
"DECORATION , HANGING METAL RABBIT",813,851.25,92,50,NO
"DECORATION , WOBBLY CHICKEN, METAL ",536,687.0,301,50,NO
"DECORATION , WOBBLY RABBIT , METAL ",794,1112.7,268,50,NO
"DECORATION HEN ON NEST, HANGING",1810,2673.9,66,50,NO
DECORATION WHITE CHICK MAGIC GARDEN,662,550.22,140,50,NO
"DECORATION, HANGING HEART+MIRROR ",2608,1688.0,233,50,NO
DECORATIVE CATS BATHROOM BOTTLE,438,526.98,258,50,NO
DECORATIVE FLORE BATHROOM BOTTLE,228,285.0,75,50,NO
DECORATIVE HANGING SHELVING UNIT,8,439.6,369,50,NO
DECORATIVE NET CANOPY CREAM,68,541.6,126,50,NO
DECORATIVE NET CANOPY LEOPARD,73,248.75,338,50,NO
DECORATIVE PLANT POT WITH FRIEZE,29,230.55,67,50,NO
DECORATIVE ROSE BATHROOM BOTTLE,356,440.44,80,50,NO
"DECOUPAGE,GREETING CARD,",1068,443.52,356,50,NO
DEEP BLUE GLASS GEMS IN BAG,316,208.12,45,50,YES
DELUXE SEWING KIT ,1086,6185.700000000001,311,50,NO
DENIM PATCH PENCIL CASE BUTTERFLY,247,483.33,276,50,NO
DENIM PATCH PURSE PINK BUTTERFLY,195,321.75,27,50,YES
DIAMANTE BOW BROOCH BLACK COLOUR,81,514.35,132,50,NO
DIAMANTE BOW BROOCH GREEN COLOUR,26,165.1,374,50,NO
DIAMANTE BOW BROOCH RED COLOUR,38,241.3,272,50,NO
DIAMANTE BOW BROOCH WHITE COLOUR,1,6.35,199,50,NO
DIAMANTE HAIR GRIP PACK/2 BLACK DIA,8,13.2,226,50,NO
DIAMANTE HAIR GRIP PACK/2 CRYSTAL,12,19.8,322,50,NO
DIAMANTE HAIR GRIP PACK/2 LT ROSE,12,19.8,146,50,NO
DIAMANTE HAIR GRIP PACK/2 MONTANA,17,28.05,75,50,NO
DIAMANTE HAIR GRIP PACK/2 PERIDOT,20,33.0,233,50,NO
DIAMANTE HAIR GRIP PACK/2 RUBY,14,23.099999999999998,33,50,YES
"DIAMANTE HEART SHAPED WALL MIRROR, ",516,3529.76,493,50,NO
DIAMANTE NECKLACE,6,45.0,47,50,YES
DIAMANTE NECKLACE BLACK ,1,7.5,490,50,NO
DIAMANTE NECKLACE PURPLE,3,22.5,97,50,NO
DIAMANTE RING ASSORTED IN BOX.,792,1349.52,235,50,NO
DIAMOND LAS VEGAS NECKLACE 45CM,4,23.8,405,50,NO
DINOSAUR BIRTHDAY CARD,1618,668.76,384,50,NO
DINOSAUR HEIGHT CHART STICKER SET,381,966.7500000000001,173,50,NO
DINOSAUR KEYRINGS ASSORTED,7910,1644.8999999999999,33,50,YES
DINOSAUR LUNCH BOX WITH CUTLERY,1100,2643.0,206,50,NO
DINOSAUR LUNCHBOX WITH CUTLERY,544,1327.8,331,50,NO
DINOSAUR PARTY BAG + STICKER SET,1528,2385.2,390,50,NO
DINOSAURS  WRITING SET ,1051,1697.19,26,50,YES
DINOSAURS WATER TRANSFER TATTOOS ,1782,1469.8999999999999,22,50,YES
DISCO BALL CHRISTMAS DECORATION,8710,982.6,130,50,NO
DISCO BALL ROTATOR BATTERY OPERATED,310,1316.5,426,50,NO
DISTRESSED CANDLE STICK WHITE,13,77.35,257,50,NO
DO NOT TOUCH MY STUFF DOOR HANGER ,1577,997.85,382,50,NO
DOCTOR'S BAG SOFT TOY,364,3157.7999999999997,258,50,NO
"DOG BOWL , CHASING BALL DESIGN",695,2537.13,293,50,NO
DOG BOWL CHASING BALL DESIGN,362,1343.94,313,50,NO
DOG BOWL VINTAGE CREAM,90,370.5,246,50,NO
"DOG BOWL, ENAMEL , CREAM COLOUR",8,34.0,390,50,NO
"DOG FOOD CONTAINER , VINTAGE",10,85.0,34,50,YES
DOG TOY WITH PINK CROCHET SKIRT,279,1041.93,211,50,NO
DOGGY RUBBER,471,98.91,492,50,NO
DOLLY GIRL CHILDRENS EGG CUP,105,131.25,138,50,NO
DOLLY GIRL LUNCH BOX,6271,11282.85,47,50,YES
DOLLY HONEYCOMB GARLAND,367,574.35,221,50,NO
DOLLY MIXTURE CHILDREN'S UMBRELLA,316,1018.0,58,50,NO
DOLPHIN WINDMILL,61,129.32,460,50,NO
DOOR HANGER  MUM + DADS ROOM,821,921.65,292,50,NO
DOOR MAT 3 SMILEY CATS,1773,9861.69,250,50,NO
DOOR MAT AIRMAIL ,427,2988.53,105,50,NO
DOOR MAT BIRD ON THE WIRE,562,3337.8,493,50,NO
DOOR MAT BLACK FLOCK ,1220,6922.9,145,50,NO
DOOR MAT BLUE FLOCK,1,6.75,319,50,NO
DOOR MAT CAMOUFLAGE,38,152.0,44,50,YES
DOOR MAT ENGLISH ROSE ,1445,9343.43,164,50,NO
DOOR MAT FAIRY CAKE,1640,10347.72,32,50,YES
DOOR MAT FANCY FONT HOME SWEET HOME,1117,7415.39,231,50,NO
DOOR MAT FRIENDSHIP ,431,2934.31,44,50,YES
DOOR MAT GREEN PAISLEY ,253,1409.11,87,50,NO
DOOR MAT HEARTS,1654,9715.06,413,50,NO
DOOR MAT KISS MY.......,13,95.15,86,50,NO
DOOR MAT MULTICOLOUR STRIPE,1037,6270.6900000000005,252,50,NO
DOOR MAT NEIGHBOURHOOD WITCH ,79,565.89,128,50,NO
DOOR MAT NEW ENGLAND,1953,12520.95,165,50,NO
DOOR MAT RED SPOT,2426,15093.48,130,50,NO
DOOR MAT RESPECTABLE HOUSE,358,2479.86,247,50,NO
DOOR MAT SPOTTY HOME SWEET HOME,1733,10121.69,130,50,NO
DOOR MAT SWEET HOME,28,131.25,489,50,NO
DOOR MAT TOPIARY,1020,6407.06,53,50,NO
DOOR MAT UNION FLAG,3733,24216.23,130,50,NO
DOOR MAT UNION JACK GUNS AND ROSES,725,4547.29,283,50,NO
DOOR MAT WELCOME PUPPIES,1414,7835.1,443,50,NO
DOORMAT 3 SMILEY CATS,1221,7116.2300000000005,388,50,NO
DOORMAT AIRMAIL ,1238,7181.86,255,50,NO
DOORMAT BIRD ON THE WIRE,223,1100.15,102,50,NO
DOORMAT BLACK FLOCK ,1050,5975.56,61,50,NO
DOORMAT CHRISTMAS VILLAGE,269,1975.23,444,50,NO
DOORMAT ENGLISH ROSE ,1228,7149.6,120,50,NO
DOORMAT FAIRY CAKE,1356,8128.0199999999995,25,50,YES
DOORMAT FANCY FONT HOME SWEET HOME,1839,11273.83,199,50,NO
DOORMAT FRIENDSHIP ,795,4099.43,301,50,NO
DOORMAT HEARTS,2622,15859.64,339,50,NO
DOORMAT HOME SWEET HOME BLUE ,907,5781.13,245,50,NO
DOORMAT I LOVE LONDON,510,3027.04,462,50,NO
DOORMAT KISS MY.......,22,106.58,459,50,NO
DOORMAT MERRY CHRISTMAS RED ,392,2847.1,334,50,NO
DOORMAT MULTICOLOUR STRIPE,859,4527.75,384,50,NO
DOORMAT NEIGHBOURHOOD WITCH ,793,4087.4900000000002,473,50,NO
DOORMAT NEW ENGLAND,1524,9221.74,248,50,NO
DOORMAT PEACE ON EARTH BLUE,190,1423.22,396,50,NO
DOORMAT RED RETROSPOT,1084,7734.6,308,50,NO
DOORMAT RED SPOT,1035,7050.21,456,50,NO
DOORMAT RESPECTABLE HOUSE,1157,6588.35,169,50,NO
DOORMAT SPOTTY HOME SWEET HOME,1077,7601.03,296,50,NO
DOORMAT TOPIARY,1184,6816.44,217,50,NO
DOORMAT UNION FLAG,2609,17007.33,89,50,NO
DOORMAT UNION JACK GUNS AND ROSES,938,5237.98,131,50,NO
DOORMAT WELCOME PUPPIES,1333,7749.67,23,50,YES
DOORMAT WELCOME SUNRISE,376,2349.52,369,50,NO
DOORMAT WELCOME TO OUR HOME,559,3652.23,350,50,NO
DOORSTOP FOOTBALL DESIGN,426,1285.98,465,50,NO
DOORSTOP RACING CAR DESIGN,258,655.98,337,50,NO
DOORSTOP RETROSPOT HEART,1220,4499.04,369,50,NO
DOORSTOP RUSSIAN DOLL GINGHAM,38,142.5,114,50,NO
DOORSTOP RUSSIAN DOLL RETROSPOT,100,363.48,171,50,NO
DOT MATRIX CANVAS ART PICTURE,35,147.05,330,50,NO
DOTS IRONING BOARD COVER,12,23.4,156,50,NO
DOTTY PLACEMATS ,52,175.8,266,50,NO
DOVE DECORATION PAINTED ZINC ,2212,1380.2,406,50,NO
DRAGONS BLOOD INCENSE,550,105.5,262,50,NO
DRAWER KNOB ACRYLIC EDWARDIAN CLEAR,24,30.0,50,50,NO
DRAWER KNOB ACRYLIC EDWARDIAN GREEN,24,30.0,59,50,NO
DRAWER KNOB ACRYLIC EDWARDIAN PINK,24,30.0,248,50,NO
DRAWERKNOB ACRYLIC EDWARDIAN PURPLE,24,30.0,55,50,NO
DROP DIAMANTE EARRINGS BLACK DIAMON,8,23.6,427,50,NO
DROP DIAMANTE EARRINGS CRYSTAL,4,11.8,242,50,NO
DROP DIAMANTE EARRINGS GREEN,2,5.9,25,50,YES
DROP DIAMANTE EARRINGS PURPLE,14,41.300000000000004,341,50,NO
DROP EARRINGS W FLOWER & LEAF,1,2.55,487,50,NO
DUCK SOCK PUPPET,4,11.8,239,50,NO
DUSTY PINK CHRISTMAS TREE 30CM,10,12.5,94,50,NO
DUSTY PINK CHRISTMAS TREE 60CM,1,2.95,23,50,YES
Discount,196,397.89,354,50,NO
EASTER BUNNIES ON A STICK,1536,783.96,153,50,NO
EASTER BUNNY GARLAND OF FLOWERS,825,346.5,137,50,NO
EASTER BUNNY HANGING GARLAND,100,125.0,388,50,NO
EASTER BUNNY WITH BASKET ON BACK,99,64.35000000000001,113,50,NO
EASTER BUNNY WREATH,48,223.6,454,50,NO
EASTER CRAFT 4 CHICKS ,1181,2074.95,81,50,NO
EASTER CRAFT IVY WREATH WITH CHICK,1342,2340.9,460,50,NO
EASTER DECORATION EGG BUNNY ,629,600.73,213,50,NO
EASTER DECORATION HANGING BUNNY,616,395.6,354,50,NO
EASTER DECORATION NATURAL CHICK,1273,799.45,222,50,NO
EASTER DECORATION SITTING BUNNY,509,410.81,411,50,NO
EASTER TIN BUCKET,1000,2424.0,45,50,YES
EASTER TIN BUNNY BOUQUET,52,85.80000000000001,454,50,NO
EASTER TIN CHICKS PINK DAISY,22,36.3,192,50,NO
EASTER TIN KEEPSAKE,8,13.2,319,50,NO
EASTER TREE YELLOW BIRDS,315,1549.65,152,50,NO
EAU DE NIL DINER WALL CLOCK,244,2033.2,345,50,NO
EAU DE NIL LOVE BIRD CANDLE,61,76.25,429,50,NO
EAU DE NILE HEART SHAPE PHOTO FRAME,222,366.3,137,50,NO
EAU DE NILE JEWELLED PHOTOFRAME,213,488.25,343,50,NO
EAU DE NILE JEWELLED T-LIGHT HOLDER,96,81.6,294,50,NO
ECONOMY HOLIDAY PURSE,867,328.85,231,50,NO
ECONOMY LUGGAGE TAG,194,242.5,244,50,NO
ECONOMY PASSPORT COVER ,199,417.90000000000003,39,50,YES
EDWARDIAN 2 DRAWER WALL CABINET ,52,755.8,132,50,NO
EDWARDIAN PARASOL BLACK,6663,31183.850000000002,159,50,NO
EDWARDIAN PARASOL NATURAL,7201,34044.75,66,50,NO
EDWARDIAN PARASOL PINK,1722,7881.1,20,50,YES
EDWARDIAN PARASOL RED,4501,20066.95,109,50,NO
EDWARDIAN TOILET ROLL UNIT ,161,838.35,161,50,NO
EGG CUP NATURAL CHICKEN,560,674.16,339,50,NO
EIGHT PIECE CREEPY CRAWLIE SET,809,1006.69,57,50,NO
EIGHT PIECE DINOSAUR SET,1606,1966.46,312,50,NO
EIGHT PIECE SNAKE  SET,751,897.71,401,50,NO
ELEPHANT CARNIVAL POUFFE,95,1314.6499999999999,158,50,NO
ELEPHANT CLIP W SUCTION CUP,18,7.56,375,50,NO
ELEPHANT TOY WITH BLUE T-SHIRT,160,595.68,352,50,NO
"ELEPHANT, BIRTHDAY CARD, ",4860,1956.24,278,50,NO
ELVIS WALLHANGING / CURTAIN,249,311.25,180,50,NO
EMBOSSED FLOWER TRELLIS PHOTO FRAME,5,12.75,409,50,NO
EMBOSSED GLASS TEALIGHT HOLDER,1933,2359.25,197,50,NO
EMBOSSED HEART 3 DRAWER SHELF,159,2012.85,29,50,YES
EMBROIDERED REINDEER DECORATION,18,28.0,280,50,NO
EMERGENCY FIRST AID TIN ,1700,2106.76,426,50,NO
EMPIRE BIRTHDAY CARD,3729,1483.38,157,50,NO
EMPIRE DESIGN ROSETTE,282,352.5,191,50,NO
EMPIRE GIFT WRAP,4875,1977.5,405,50,NO
EMPIRE TEDDY,1,6.95,32,50,YES
EMPIRE TISSUE BOX,1108,1240.64,187,50,NO
EMPIRE UNION JACK TV DINNER TRAY,422,1988.1000000000001,149,50,NO
ENAMEL BLUE RIM BISCUIT BIN,184,877.2,103,50,NO
ENAMEL BLUE RIM COFFEE CONTAINER,161,293.1,340,50,NO
ENAMEL BLUE RIM OVAL TRAY SET/2,48,407.52,338,50,NO
ENAMEL BLUE RIM TEA CONTAINER,73,153.3,120,50,NO
ENAMEL BREAD BIN CREAM,614,7432.5,348,50,NO
ENAMEL CAT BOWL CREAM,52,157.8,292,50,NO
ENAMEL COLANDER CREAM,266,1305.5,284,50,NO
ENAMEL COLLANDER CREAM,115,527.25,478,50,NO
ENAMEL DOG BOWL CREAM,76,300.48,418,50,NO
ENAMEL FIRE BUCKET CREAM,218,1507.3,427,50,NO
ENAMEL FLOWER JUG CREAM,1072,6192.900000000001,57,50,NO
ENAMEL MEASURING JUG CREAM,1002,4108.5,438,50,NO
ENAMEL PINK COFFEE CONTAINER,515,736.98,113,50,NO
ENAMEL PINK SUGAR CONTAINER,391,581.58,114,50,NO
ENAMEL PINK TEA CONTAINER,649,923.7,324,50,NO
ENAMEL WASH BOWL CREAM,535,1890.25,88,50,NO
ENAMEL WATERING CAN CREAM,757,3334.19,337,50,NO
ENCHANTED BIRD COATHANGER 5 HOOK,1453,5976.6900000000005,463,50,NO
ENCHANTED BIRD PLANT CAGE,252,868.2,255,50,NO
ENCHANTED GARDEN WROUGHT IRON TABLE,5,74.75,453,50,NO
ENGLISH ROSE DESIGN PEG BAG,2262,4478.78,353,50,NO
ENGLISH ROSE DESIGN QUILTED THROW,306,4391.1,392,50,NO
ENGLISH ROSE DESIGN SHOPPING BAG,1,2.55,395,50,NO
ENGLISH ROSE EDWARDIAN PARASOL,505,1515.0,478,50,NO
ENGLISH ROSE GARDEN SECATEURS,639,974.85,156,50,NO
ENGLISH ROSE HOT WATER BOTTLE,707,2876.0,437,50,NO
ENGLISH ROSE IRONING BOARD COVER,104,390.0,95,50,NO
ENGLISH ROSE METAL WASTE BIN,116,342.20000000000005,54,50,NO
ENGLISH ROSE MUG IN GIFT BOX,143,232.89,20,50,YES
ENGLISH ROSE NOTEBOOK A6 SIZE,177,115.05,315,50,NO
ENGLISH ROSE NOTEBOOK A7 SIZE,1841,773.22,339,50,NO
ENGLISH ROSE PHOTO FRAME ,14,65.10000000000001,425,50,NO
ENGLISH ROSE PLACEMATS,107,382.05,79,50,NO
ENGLISH ROSE SCENTED HANGING FLOWER,21,89.25,339,50,NO
ENGLISH ROSE SCENTED HANGING HEART,45,191.25,368,50,NO
ENGLISH ROSE SCISSORS,4372,871.4,347,50,NO
ENGLISH ROSE SET/3 GARDEN TOOLS,3,23.85,286,50,NO
ENGLISH ROSE SMALL SCENTED FLOWER,96,81.6,380,50,NO
ENGLISH ROSE SPIRIT LEVEL ,44,85.8,248,50,NO
ENGLISH ROSE TABLE CLOCK,136,307.2,289,50,NO
ENGLISH ROSE TABLE CLOTH,207,2096.55,335,50,NO
ENGLISH ROSE TAPE MEASURE,256,315.44,305,50,NO
ENGLISH ROSE TEA FOR ONE GIFT BOX,1,6.75,310,50,NO
ENGLISH ROSE TEA SET IN GIFT BOX,49,207.69,232,50,NO
ENGLISH ROSE TORCH,526,193.1,184,50,NO
ENVELOPE 50 BLOSSOM IMAGES,912,589.4399999999999,24,50,YES
ENVELOPE 50 CURIOUS IMAGES,887,568.1899999999999,358,50,NO
ENVELOPE 50 ROMANTIC IMAGES,918,594.54,398,50,NO
ESSENTIAL BALM 3.5g TIN IN ENVELOPE,5504,637.92,97,50,NO
ETCHED GLASS BIRD TREE DECORATION,806,1007.5,429,50,NO
ETCHED GLASS COASTER,690,862.5,81,50,NO
ETCHED GLASS DROPLET DECORATION,1905,851.23,151,50,NO
ETCHED GLASS STAR TREE DECORATION,885,1106.25,108,50,NO
EUCALYPTUS & PINECONE  WREATH,445,1208.55,256,50,NO
F FAIRY POTPOURRI CUSHIONS LAVENDER,170,137.54,61,50,NO
F FAIRY POTPOURRI CUSHIONS SUMMER,1,1.69,108,50,NO
F.FAIRY S/3 CANDLE/GLASS,110,226.5,421,50,NO
"F.FAIRY S/3 CANDLE/GLASS, ROSE",232,476.4,315,50,NO
"F.FAIRY S/3 CANDLE/GLASS,LAVENDER",193,380.35,347,50,NO
"F.FAIRY S/3 CANDLE/GLASS,LILY/VALLY",177,349.15000000000003,314,50,NO
"F.FAIRY S/3 SML CANDLE, LAVENDER",1,5.95,123,50,NO
"F.FAIRY S/3 SML CANDLE, ROSE",1,5.95,33,50,YES
"F.FAIRY S/3 SML CANDLE,LILY/VALLEY",1,5.95,307,50,NO
"F.FAIRY,CANDLE IN GLASS,LAVENDER",3,12.75,198,50,NO
"F.FAIRY,CANDLE IN GLASS,LILY/VALLEY",1,4.25,144,50,NO
FAIRY CAKE BIRTHDAY CANDLE SET,1092,3864.6,441,50,NO
FAIRY CAKE CANDLES,3841,5230.61,372,50,NO
FAIRY CAKE CERAMIC BUTTER DISH,192,523.2,42,50,YES
FAIRY CAKE DESIGN UMBRELLA,744,2722.8,82,50,NO
FAIRY CAKE FLANNEL ASSORTED COLOUR,2534,6214.65,162,50,NO
FAIRY CAKE GREETINGS CARD,809,335.46,172,50,NO
FAIRY CAKE NOTEBOOK A5 SIZE,720,612.0,164,50,NO
FAIRY CAKE PLACEMATS,100,355.8,244,50,NO
FAIRY CAKE PLACEMATS ,75,262.05,469,50,NO
FAIRY CAKE WICKER PICNIC BASKET ,33,420.75,481,50,NO
FAIRY CAKES  WALL THERMOMETER,28,71.39999999999999,328,50,NO
FAIRY CAKES GIFT BAG,117,49.14,123,50,NO
FAIRY CAKES NOTEBOOK A6 SIZE,1315,821.63,123,50,NO
FAIRY CAKES NOTEBOOK A7 SIZE,1198,503.15999999999997,454,50,NO
FAIRY CAKES PHOTO FRAME,83,103.75,58,50,NO
FAIRY CAKES RECTANGLUAR BOXES,38,226.1,454,50,NO
FAIRY CAKES ROUND NESTING BOXES,52,293.8,217,50,NO
FAIRY CAKES TABLE CLOCK,19,170.04999999999998,153,50,NO
FAIRY CAKES TILE COASTER,125,156.25,86,50,NO
FAIRY DESIGN MUGS,1,1.25,410,50,NO
FAIRY DREAMS INCENSE ,1391,278.36,198,50,NO
FAIRY SOAP SOAP HOLDER,1620,2596.68,475,50,NO
FAIRY TALE COTTAGE NIGHTLIGHT,2721,4852.349999999999,61,50,NO
FAMILY ALBUM WHITE PICTURE FRAME,1063,8607.1,467,50,NO
FAMILY PHOTO FRAME CORNICE,312,3011.6,34,50,YES
FAN BLACK FRAME ,111,32.19,130,50,NO
"FANCY FONT BIRTHDAY CARD, ",6038,2415.7200000000003,176,50,NO
FANCY FONT HOME SWEET HOME DOORMAT,622,3822.5,308,50,NO
FANCY FONTS BIRTHDAY WRAP,8975,3579.5,497,50,NO
FANNY'S REST STOPMETAL SIGN,1917,3870.7200000000003,250,50,NO
FAUX FUR CHOCOLATE THROW,24,478.79999999999995,430,50,NO
FAWN AND MUSHROOM GREETING CARD,992,416.64,439,50,NO
FAWN BLUE HOT WATER BOTTLE,4893,13398.35,176,50,NO
"FEATHER DUSTER, COAL BLACK",170,212.5,57,50,NO
"FEATHER DUSTER, LIGHT PINK",10,12.5,460,50,NO
FEATHER HEART LIGHTS,1,2.95,116,50,NO
"FEATHER PEN,COAL BLACK",1465,1201.57,430,50,NO
"FEATHER PEN,HOT PINK",2499,2049.27,458,50,NO
"FEATHER PEN,LIGHT PINK",1326,1083.4199999999998,308,50,NO
FELT EGG COSY BLUE RABBIT ,782,625.6999999999999,273,50,NO
FELT EGG COSY CHICKEN,819,696.15,215,50,NO
FELT EGG COSY LADYBIRD ,467,359.51,105,50,NO
FELT EGG COSY WHITE RABBIT ,1240,971.06,341,50,NO
FELT FARM ANIMAL CHICKEN,592,708.08,29,50,YES
FELT FARM ANIMAL HEN,94,117.5,24,50,YES
FELT FARM ANIMAL RABBIT,391,456.83,142,50,NO
FELT FARM ANIMAL SHEEP,39,48.75,349,50,NO
FELT FARM ANIMAL WHITE BUNNY ,424,358.84,372,50,NO
FELT TOADSTOOL  SMALL,485,412.25,137,50,NO
FELT TOADSTOOL LARGE,712,890.0,313,50,NO
FELTCRAFT 6 FLOWER FRIENDS,6457,13035.2,416,50,NO
FELTCRAFT BUTTERFLY HEARTS,6761,9313.85,178,50,NO
FELTCRAFT CHRISTMAS FAIRY,1546,6402.5,322,50,NO
FELTCRAFT CUSHION BUTTERFLY,2848,9901.2,247,50,NO
FELTCRAFT CUSHION OWL,2225,8057.91,384,50,NO
FELTCRAFT CUSHION RABBIT,2563,9182.85,235,50,NO
FELTCRAFT DOLL EMILY,2418,6624.960000000001,455,50,NO
FELTCRAFT DOLL MARIA,1172,3199.6600000000003,203,50,NO
FELTCRAFT DOLL MOLLY,2774,7687.9400000000005,34,50,YES
FELTCRAFT DOLL ROSIE,3168,8735.54,176,50,NO
FELTCRAFT HAIRBAND PINK AND BLUE,1209,1008.93,155,50,NO
FELTCRAFT HAIRBAND PINK AND PURPLE,1877,1497.1699999999998,280,50,NO
FELTCRAFT HAIRBAND RED AND BLUE,1010,839.78,176,50,NO
"FELTCRAFT HAIRBAND S/2, PINK/PURPLE",96,81.6,66,50,NO
"FELTCRAFT HAIRBAND, S/2, RED/BLUE",204,154.68,343,50,NO
FELTCRAFT HAIRBANDS PINK + WHITE ,72,61.199999999999996,351,50,NO
FELTCRAFT HAIRBANDS PINK AND WHITE ,1045,869.53,192,50,NO
FELTCRAFT PRINCESS CHARLOTTE DOLL,1285,4715.07,149,50,NO
FELTCRAFT PRINCESS LOLA DOLL,1178,4313.82,430,50,NO
FELTCRAFT PRINCESS OLIVIA DOLL,741,2744.19,114,50,NO
FENG SHUI PILLAR CANDLE,3061,581.5899999999999,134,50,NO
FILIGREE DIAMANTE CHAIN,4,51.0,262,50,NO
FILIGREE DIAMANTE EARRINGS,13,55.25,439,50,NO
FILIGREE WALL MIRROR  ANTIQUE WHITE,92,848.8,311,50,NO
FILIGRIS HEART WITH BUTTERFLY,6874,8346.26,301,50,NO
FINE SILVER NECKLACE W PASTEL FLOWE,22,165.0,318,50,NO
FINE WICKER HEART ,2300,2792.92,302,50,NO
FIRE POLISHED GLASS BRACELET BLACK,13,48.75,88,50,NO
FIRE POLISHED GLASS BRACELET GREEN,8,30.0,167,50,NO
FIRE POLISHED GLASS BRACELET MONTAN,7,26.25,30,50,YES
FIRE POLISHED GLASS BRACELET RED,1,3.75,273,50,NO
FIRE POLISHED GLASS NECKL BRONZE,9,53.55,349,50,NO
FIRE POLISHED GLASS NECKL GOLD,5,29.75,379,50,NO
FIRE POLISHED GLASS NECKL GREEN,17,101.15,57,50,NO
FIRE POLISHED GLASS NECKL SILVER,7,41.65,153,50,NO
FIRST AID TIN,2306,7356.5,219,50,NO
FIRST CLASS HOLIDAY PURSE ,686,353.30000000000007,42,50,YES
FIRST CLASS LUGGAGE TAG ,234,287.94,322,50,NO
FIRST CLASS PASSPORT COVER ,386,726.14,365,50,NO
FIVE CATS HANGING DECORATION,279,820.6500000000001,321,50,NO
FIVE HEART HANGING DECORATION,1099,3220.4500000000003,382,50,NO
FLAG OF ST GEORGE ,358,590.7,415,50,NO
FLAG OF ST GEORGE CAR FLAG,953,379.26,237,50,NO
FLAG OF ST GEORGE CHAIR,36,173.4,160,50,NO
FLAMES SUNGLASSES PINK LENSES,24,46.8,123,50,NO
FLAMINGO LIGHTS,527,2416.85,465,50,NO
FLAT GLASS  BAUBLE WHITE FLOCK ,36,51.0,229,50,NO
FLAT PALM T-LIGHT HOLDER,133,156.65,492,50,NO
FLOOR CUSHION ELEPHANT CARNIVAL,53,474.34999999999997,130,50,NO
FLOOR LAMP SHADE WOOD BASE,82,631.84,123,50,NO
FLORAL BATHROOM SET,2295,968.01,335,50,NO
FLORAL BLUE MONSTER,78,315.0,190,50,NO
FLORAL DINOSAUR GREEN,26,110.5,479,50,NO
FLORAL ELEPHANT SOFT TOY,879,3434.25,375,50,NO
FLORAL FOLK STATIONERY SET,698,1264.7,343,50,NO
FLORAL PINK MONSTER,76,273.48,152,50,NO
FLORAL SOFT CAR TOY,91,341.25,395,50,NO
FLOWER BLUE CLOCK W/SUCKER,80,68.0,312,50,NO
FLOWER BROOCH 4 ASSORTED COLOURS,5,24.75,347,50,NO
FLOWER BURST SILVER RING CRYSTAL,86,297.5,146,50,NO
FLOWER BURST SILVER RING GREEN,15,56.25,125,50,NO
FLOWER BURST SILVER RING MIDN'T BLU,25,93.75,111,50,NO
FLOWER BURST SILVER RING OPAL,36,135.0,306,50,NO
FLOWER BURST SILVER RING ROSE,18,67.5,397,50,NO
FLOWER DES BLUE HANDBAG/ORANG HANDL,3,11.25,412,50,NO
FLOWER FAIRY INCENSE BOUQUET,1194,555.9,70,50,NO
FLOWER FAIRY INCENSE LAVENDER,4541,892.91,48,50,YES
FLOWER FAIRY INCENSE LILY,709,333.61,481,50,NO
FLOWER FAIRY INCENSE ROSE,3124,661.23,315,50,NO
"FLOWER FAIRY MUG+COASTER,LAVENDER",11,41.25,316,50,NO
"FLOWER FAIRY MUG+COASTER,ROSE",6,22.5,233,50,NO
FLOWER FAIRY OIL BURNER SET ROSE,588,750.0,286,50,NO
FLOWER FAIRY OIL BURNER SET SUMMER,533,693.25,426,50,NO
FLOWER FAIRY POTPOURRI CUSHION LILY,292,201.24,276,50,NO
FLOWER FAIRY SET 3 CANDLES LAVENDER,302,660.9,321,50,NO
FLOWER FAIRY SET OF 3 LILY CANDLES,206,417.7,120,50,NO
FLOWER FAIRY SUMMER BOUQUET SACHET,355,149.1,424,50,NO
"FLOWER FAIRY,5 SUMMER B'DRAW LINERS",151,385.05,365,50,NO
FLOWER GARLAND NECKLACE RED,15,119.25,129,50,NO
"FLOWER GLASS GARLAND NECKL.36""BLACK",24,190.8,439,50,NO
"FLOWER GLASS GARLAND NECKL.36""BLUE",16,127.2,201,50,NO
"FLOWER GLASS GARLAND NECKL.36""GREEN",13,103.35000000000001,490,50,NO
"FLOWER GLASS GARLD NECKL36""AMETHYST",11,87.45,332,50,NO
"FLOWER GLASS GARLD NECKL36""TURQUOIS",9,71.55000000000001,20,50,YES
FLOWER PENCIL/RUBBER+5 MINI PENCILS,493,207.06,338,50,NO
FLOWER PURPLE CLOCK W/SUCKER,12,10.2,457,50,NO
FLOWER VINE RAFFIA FOOD COVER,689,2468.55,74,50,NO
FLOWER WINDMILL,219,255.51000000000002,390,50,NO
FLOWERS  STICKERS,909,611.61,443,50,NO
FLOWERS AND BIRDS WALL PLAQUE,2,15.9,418,50,NO
FLOWERS TILE COASTER,111,138.75,168,50,NO
FLOWERS TILE HOOK,432,131.51999999999998,450,50,NO
FLOWERS WALL THERMOMETER,75,130.05,476,50,NO
FLUTED ANTIQUE CANDLE HOLDER,747,625.5899999999999,328,50,NO
FLYING PIG WATERING CAN,264,685.2,156,50,NO
FLYING SAUCER TABLE LIGHT IN WHITE,191,563.45,221,50,NO
FOLDING CAMPING SCISSOR W/KNIF & S,14,1.68,455,50,NO
FOLDING SHIRT TIDY,1,4.65,332,50,NO
FOLDING SHOE TIDY,45,123.15,136,50,NO
FOLDING UMBRELLA  CHOC/WHITE  SPOT,524,2023.8,173,50,NO
FOLDING UMBRELLA  CREAM/MULTI  SPOT,372,1193.4,444,50,NO
FOLDING UMBRELLA  PINK/WHITE  SPOT,578,1493.1000000000001,310,50,NO
FOLDING UMBRELLA  WHITE/RED  SPOT,259,922.05,82,50,NO
"FOLDING UMBRELLA , BLACK/BLUE  SPOT",768,3015.6,263,50,NO
"FOLDING UMBRELLA , RED/WHITE SPOT",900,2799.0,44,50,YES
FOLDING UMBRELLA BLACKBLUE POLKADOT,64,316.8,109,50,NO
FOLDING UMBRELLA CHOCOLATE POLKADOT,31,153.45000000000002,94,50,NO
FOLDING UMBRELLA CREAM POLKADOT,41,202.95000000000002,313,50,NO
FOLDING UMBRELLA PINKWHITE POLKADOT,34,168.3,405,50,NO
FOLDING UMBRELLA RED/WHITE POLKADOT,84,415.8,410,50,NO
FOLDING UMBRELLA WHITE/RED POLKADOT,15,74.25,229,50,NO
"FOLK ART GREETING CARD,pack/12",49,144.55,494,50,NO
FOLK ART METAL HEART T-LIGHT HOLDER,580,220.4,437,50,NO
FOLK ART METAL STAR T-LIGHT HOLDER,429,168.66,366,50,NO
FOLK FELT HANGING MULTICOL GARLAND,956,1141.8,36,50,YES
FOLKART BAUBLE CHRISTMAS DECORATION,1339,671.51,147,50,NO
FOLKART CHRISTMAS TREE T-LIGHT HOLD,217,82.46,446,50,NO
FOLKART CLIP ON STARS,384,241.92000000000002,462,50,NO
FOLKART CROWN TABLE DECORATIONS,450,376.74,383,50,NO
FOLKART HEART CHRISTMAS DECORATIONS,1,1.25,270,50,NO
FOLKART HEART NAPKIN RINGS,195,534.45,198,50,NO
FOLKART STAR CHRISTMAS DECORATIONS,333,416.25,201,50,NO
FOLKART ZINC CLIP ON ANGEL WINGS,101,38.379999999999995,171,50,NO
FOLKART ZINC HEART CHRISTMAS DEC,8013,6137.13,44,50,YES
FOLKART ZINC STAR CHRISTMAS DEC,1100,935.0,474,50,NO
FOOD CONTAINER SET 3 LOVE HEART ,3137,5596.65,199,50,NO
FOOD/DRINK SPONGE STICKERS,922,193.62,217,50,NO
FOOD/DRINK SPUNGE STICKERS,759,158.19,363,50,NO
FORKED CACTUS CANDLE,223,449.05,180,50,NO
FOUR HOOK  WHITE LOVEBIRDS,2351,4629.24,196,50,NO
FOUR PICTURE WHITE GLASS FRAME,23,86.25,304,50,NO
FOUR RABBIT EASTER DECORATIONS,998,191.5,82,50,NO
FRAPPUCINO SCARF KNITTING KIT,229,389.95000000000005,169,50,NO
FREESTYLE CANVAS ART PICTURE,93,176.85,173,50,NO
FRENCH BATHROOM SIGN BLUE METAL,1356,2179.8,175,50,NO
FRENCH BLUE METAL DOOR SIGN 0,26,32.5,389,50,NO
FRENCH BLUE METAL DOOR SIGN 1,92,115.0,488,50,NO
FRENCH BLUE METAL DOOR SIGN 2,68,85.0,68,50,NO
FRENCH BLUE METAL DOOR SIGN 3,53,66.25,474,50,NO
FRENCH BLUE METAL DOOR SIGN 4,50,62.5,356,50,NO
FRENCH BLUE METAL DOOR SIGN 5,54,67.5,103,50,NO
FRENCH BLUE METAL DOOR SIGN 6,26,32.5,380,50,NO
FRENCH BLUE METAL DOOR SIGN 7,40,50.0,196,50,NO
FRENCH BLUE METAL DOOR SIGN 8,25,31.25,167,50,NO
FRENCH BLUE METAL DOOR SIGN 9,30,37.5,137,50,NO
FRENCH BLUE METAL DOOR SIGN No,52,65.0,361,50,NO
"FRENCH BLUE METAL DOOR SIGN, 0",460,575.0,495,50,NO
"FRENCH BLUE METAL DOOR SIGN, 1",560,700.0,82,50,NO
"FRENCH BLUE METAL DOOR SIGN, 2",493,616.25,208,50,NO
"FRENCH BLUE METAL DOOR SIGN, 3",486,607.5,379,50,NO
"FRENCH BLUE METAL DOOR SIGN, 4",459,573.75,68,50,NO
"FRENCH BLUE METAL DOOR SIGN, 5",465,581.25,346,50,NO
"FRENCH BLUE METAL DOOR SIGN, 6",420,525.0,276,50,NO
"FRENCH BLUE METAL DOOR SIGN, 7",438,547.5,243,50,NO
"FRENCH BLUE METAL DOOR SIGN, 8",447,558.75,160,50,NO
"FRENCH BLUE METAL DOOR SIGN, 9",442,552.5,497,50,NO
"FRENCH BLUE METAL DOOR SIGN, No",337,421.25,234,50,NO
"FRENCH BOTTLE , LAVENDER",422,677.1,454,50,NO
"FRENCH BOTTLE, BRASSERIE DES ARTIST",282,446.09999999999997,398,50,NO
FRENCH CHATEAU LARGE FRUIT BOWL ,259,602.25,459,50,NO
FRENCH CHATEAU LARGE PLATTER ,121,385.95,230,50,NO
FRENCH CHATEAU OVAL PLATTER,196,502.2,337,50,NO
FRENCH CHATEAU SMALL FRUITBOWL,405,595.0500000000001,51,50,NO
FRENCH EMROIDR LAVENDER SCENT HEART,320,672.0,177,50,NO
FRENCH ENAMEL CANDLEHOLDER,305,581.87,304,50,NO
FRENCH ENAMEL POT W LID,296,862.4000000000001,324,50,NO
FRENCH ENAMEL SOAP DISH WITH LID,48,100.8,448,50,NO
FRENCH ENAMEL UTENSIL HOLDER,288,1041.6,496,50,NO
FRENCH ENAMEL WATER BASIN,247,887.85,305,50,NO
FRENCH FLORAL CUSHION COVER ,373,817.1499999999999,163,50,NO
FRENCH GARDEN SIGN BLUE METAL,536,651.76,443,50,NO
FRENCH KITCHEN SIGN BLUE METAL,973,1179.77,38,50,YES
FRENCH LATTICE CUSHION COVER ,73,114.55000000000001,37,50,YES
FRENCH LAUNDRY SIGN BLUE METAL,727,1180.35,276,50,NO
FRENCH LAVENDER SCENT HEART,7,14.7,97,50,NO
FRENCH PAISLEY CUSHION COVER,54,108.9,390,50,NO
FRENCH PAISLEY CUSHION COVER ,61,179.95000000000002,194,50,NO
FRENCH STYLE EMBOSSED HEART CABINET,23,504.84999999999997,213,50,NO
FRENCH STYLE WALL DRESSER,15,1740.0,495,50,NO
FRENCH STYLE WIRE DOOR CABINET ,1,29.95,132,50,NO
FRENCH TOILET SIGN BLUE METAL,1013,1229.77,133,50,NO
FRENCH WC SIGN BLUE METAL,2584,3011.12,241,50,NO
FRESHWATER PEARL BRACELET GOLD,24,61.199999999999996,185,50,NO
FRESHWATER PEARL BRACELET IVORY,35,89.25,454,50,NO
FRESHWATER PEARL BRACELET PINK,15,38.25,338,50,NO
FRIDGE MAGNETS LA VIE EN ROSE,264,208.79999999999998,151,50,NO
FRIDGE MAGNETS LES ENFANTS ASSORTED,300,239.39999999999998,404,50,NO
FRIDGE MAGNETS US DINER ASSORTED,522,396.9,283,50,NO
FROG CANDLE,867,643.37,432,50,NO
FROG KING WATERING CAN,178,441.1000000000001,74,50,NO
FROG SOCK PUPPET,155,445.25000000000006,378,50,NO
FROSTED BOX 9 WHITE T-LIGHT CANDLES,3699,1470.42,150,50,NO
FROSTED GLASS WITH SILVER SURROUND,9,14.85,307,50,NO
FROSTED WHITE BASE ,213,114.89999999999999,285,50,NO
FRUIT SALAD BAG CHARM,28,47.32,477,50,NO
FRUIT TREE AND BIRDS WALL PLAQUE,237,588.15,486,50,NO
FRYING PAN BLUE POLKADOT,34,144.5,385,50,NO
FRYING PAN BLUE POLKADOT ,266,1058.5,181,50,NO
FRYING PAN BLUE RETROSPOT,3,12.75,399,50,NO
FRYING PAN PINK POLKADOT,242,965.5,106,50,NO
FRYING PAN PINK POLKADOT ,600,2483.0,74,50,NO
FRYING PAN PINK RETROSPOT,6,25.5,495,50,NO
FRYING PAN RED POLKADOT ,1152,4442.96,307,50,NO
FRYING PAN RED RETROSPOT,154,618.5,197,50,NO
FRYING PAN UNION FLAG,1719,6787.75,410,50,NO
FULL ENGLISH BREAKFAST PLATE,1553,5551.59,368,50,NO
FUNKY DIVA PEN,2017,1701.9699999999998,27,50,YES
FUNKY FLOWER COFFEE POT,1,3.75,340,50,NO
FUNKY FLOWER PICNIC BAG FOR 4,4,67.8,332,50,NO
FUNKY GIRL ADDRESS BOOK,271,128.21,266,50,NO
FUNKY GIRLZ ASST MAGNETIC MEMO PAD,357,232.04999999999998,342,50,NO
FUNKY GIRLZ MAGNETIC TO DO LIST ,8,5.2,491,50,NO
FUNKY MONKEY CUSHION COVER,131,111.35,490,50,NO
FUNKY MONKEY GIFT BAG MEDIUM,1273,297.06,462,50,NO
FUNKY MONKEY GIFT BAG SMALL,1274,121.86,274,50,NO
FUNKY MONKEY MUG,710,697.9,347,50,NO
FUNKY WASHING UP GLOVES ASSORTED,1829,3806.4600000000005,73,50,NO
FUSCHIA FLOWER PURSE WITH BEADS,47,70.03,268,50,NO
FUSCHIA RETRO BAR STOOL,30,1134.5,258,50,NO
FUSCHIA TABLE RUN FLOWER ,2,7.5,248,50,NO
FUSCHIA VOILE POINTY SHOE DEC,7,13.649999999999999,86,50,NO
FUSCHIA/GREEN STRIPE WOOLLY BLANKET,77,497.15,70,50,NO
GAOLERS KEYS DECORATIVE GARDEN ,1776,5690.96,116,50,NO
GARDEN METAL SIGN ,2285,3463.05,111,50,NO
GARDEN PATH JOURNAL,710,1192.2,283,50,NO
GARDEN PATH NOTEBOOK ,3584,873.6,437,50,NO
GARDEN PATH POCKET BOOK,5419,1214.95,310,50,NO
GARDEN PATH SKETCHBOOK,368,946.4,115,50,NO
GARDENERS KNEELING PAD,5363,6329.83,107,50,NO
GARDENIA 1 WICK MORRIS BOXED CANDLE,409,1674.8899999999999,97,50,NO
GARDENIA 3 WICK MORRIS BOXED CANDLE,362,1473.38,307,50,NO
"GARLAND , WOODEN  "" HAPPY EASTER""",103,128.75,139,50,NO
GARLAND WITH HEARTS AND BELLS,404,1999.8000000000002,321,50,NO
GARLAND WITH STARS AND BELLS,249,1232.5500000000002,419,50,NO
GARLAND WOODEN HAPPY EASTER,1943,2209.03,471,50,NO
"GARLAND, MAGIC GARDEN 1.8M",610,1146.3,184,50,NO
GEISHA GIRL CHOPSTICKS SET/5,117,228.15,201,50,NO
GENTLEMAN SHIRT REPAIR KIT ,977,793.01,488,50,NO
GERANIUM FOLKART HEART DECORATION,47,58.75,417,50,NO
GERANIUM SQUARE HANDY TIN,41,51.25,242,50,NO
GIANT BLACK SUNGLASSES,84,163.79999999999998,330,50,NO
GIANT MEDINA STAMPED METAL BOWL ,226,2144.2999999999997,451,50,NO
GIANT PINK HEART MEMO HOLDER,112,442.40000000000003,485,50,NO
GIANT SEVENTEEN DRAWER SIDEBOARD,8,1240.0,26,50,YES
GIFT BAG BIRTHDAY,423,274.95,349,50,NO
GIFT BAG PSYCHEDELIC APPLES,514,334.1,282,50,NO
GIN & TONIC DIET GREETING CARD ,3896,1588.08,180,50,NO
GIN + TONIC DIET METAL SIGN,8408,16319.300000000001,170,50,NO
GIN AND TONIC MUG,3390,3935.4,104,50,NO
GINGERBREAD MAN COOKIE CUTTER,1004,1200.28,166,50,NO
GINGHAM BABUSHKA DOORSTOP,69,252.99,131,50,NO
GINGHAM HEART  DOORSTOP RED,1252,4872.88,400,50,NO
GINGHAM HEART DECORATION,296,863.6000000000001,422,50,NO
GINGHAM HEART WREATH,224,644.8000000000001,55,50,NO
GINGHAM OVEN GLOVE RED HEART ,223,836.25,304,50,NO
GINGHAM ROSE WRAP,1740,698.8,207,50,NO
GIRLS ALPHABET IRON ON PATCHES ,22177,4311.57,101,50,NO
GIRLS VINTAGE TIN SEASIDE BUCKET,2098,4855.62,21,50,YES
GIRLY PINK TOOL SET,280,1302.0,404,50,NO
GLAMOROUS  MUG,3789,3654.77,322,50,NO
GLASS  BEURRE DISH,1261,4823.030000000001,216,50,NO
GLASS AND BEADS BRACELET IVORY,7,26.25,423,50,NO
GLASS AND PAINTED BEADS BRACELET OL,4,15.0,30,50,YES
GLASS AND PAINTED BEADS BRACELET TO,12,45.0,253,50,NO
GLASS BEAD HOOP EARRINGS AMETHYST,8,23.6,405,50,NO
GLASS BEAD HOOP EARRINGS BLACK,2,5.9,214,50,NO
GLASS BEAD HOOP EARRINGS GREEN,4,11.8,490,50,NO
GLASS BEAD HOOP EARRINGS MONTANA,7,20.650000000000002,138,50,NO
GLASS BEAD HOOP NECKLACE AMETHYST,7,59.5,415,50,NO
GLASS BEAD HOOP NECKLACE BLACK,6,51.0,39,50,YES
GLASS BEAD HOOP NECKLACE GREEN,4,34.0,280,50,NO
GLASS BEAD HOOP NECKLACE MONTANA,5,42.5,312,50,NO
GLASS BELL JAR LARGE,2,17.0,441,50,NO
GLASS BELL JAR SMALL,4,15.8,275,50,NO
GLASS BONBON JAR PARFUME AUX FLEURE,568,684.73,241,50,NO
GLASS BONBON JAR. D'AMANDES,101,126.25,412,50,NO
GLASS BONBON JAR. SUPERFINES,90,112.5,245,50,NO
GLASS CAKE COVER AND PLATE,327,5242.65,72,50,NO
GLASS CAKE STAND,110,1591.7,447,50,NO
GLASS CAKE STAND MIRRORED BASE,68,972.6,374,50,NO
GLASS CHALICE BLUE  LARGE ,108,245.25,361,50,NO
GLASS CHALICE BLUE SMALL ,258,411.3,383,50,NO
GLASS CHALICE GREEN  LARGE ,172,417.0,299,50,NO
GLASS CHALICE GREEN  SMALL ,327,510.75,100,50,NO
GLASS CHICKEN BUTTER DISH,283,438.15,221,50,NO
GLASS CLOCHE LARGE,112,911.1999999999999,177,50,NO
GLASS CLOCHE SMALL,203,761.53,139,50,NO
GLASS ETCHED T-LIGHT HOLDER LARGE,1203,2397.3,78,50,NO
GLASS ETCHED T-LIGHT HOLDER MEDIUM,867,1625.85,234,50,NO
GLASS HEART T-LIGHT HOLDER ,3116,2323.73,147,50,NO
GLASS HONEYPOT WASP CATCHER,2849,5073.15,243,50,NO
GLASS JAR DAISY FRESH COTTON WOOL,999,2738.25,228,50,NO
GLASS JAR DIGESTIVE BISCUITS,1380,4144.28,389,50,NO
GLASS JAR ENGLISH CONFECTIONERY,1416,3846.0000000000005,134,50,NO
GLASS JAR KINGS CHOICE,1032,3177.68,228,50,NO
GLASS JAR MARMALADE ,282,810.3000000000001,33,50,YES
GLASS JAR PEACOCK BATH SALTS,326,956.9000000000001,28,50,YES
"GLASS JAR, ENGLISH CONFECTIONERY",2,5.9,59,50,NO
"GLASS JAR, KINGS CHOICE SOAP",42,123.9,469,50,NO
GLASS SPHERE CANDLE STAND LARGE ,299,562.45,256,50,NO
GLASS SPHERE CANDLE STAND MEDIUM,234,670.5,300,50,NO
GLASS STAR FROSTED T-LIGHT HOLDER,703,3317.4500000000003,378,50,NO
GLASS WINE GLASS DECORATIONS,30,37.5,220,50,NO
GLITTER BUTTERFLY CLIPS,3252,7569.0,265,50,NO
GLITTER CHRISTMAS HEART ,1602,1342.98,297,50,NO
GLITTER CHRISTMAS STAR ,1366,1161.1,254,50,NO
GLITTER CHRISTMAS TREE,842,715.6999999999999,23,50,YES
GLITTER CHRISTMAS TREE WITH BELLS,332,647.4,173,50,NO
GLITTER HANGING BUTTERFLY STRING,3456,6864.0,461,50,NO
GLITTER HEART GARLAND WITH BELLS ,482,1768.62,48,50,YES
GLITTER SNOW PEAR TREE DECORATION,1774,1249.78,128,50,NO
GLITTER STAR GARLAND WITH BELLS ,430,1590.9,117,50,NO
GLOW IN DARK DOLPHINS,383,77.91,234,50,NO
GOLD  CHERRY LIGHTS,300,1817.0,312,50,NO
GOLD 2 STRAND NECKLACE-LEAF CHARMS,3,22.5,94,50,NO
GOLD APERITIF GLASS,85,175.04000000000002,345,50,NO
GOLD CHRISTMAS STOCKING DECORATION,1,1.95,165,50,NO
GOLD COSMETIC BAG PINK STAR,44,92.4,147,50,NO
GOLD COSMETICS BAG WITH BUTTERFLY,19,39.900000000000006,360,50,NO
GOLD DIAMANTE STAR BROOCH,4,19.8,61,50,NO
GOLD EAR MUFF HEADPHONES,51,237.51,375,50,NO
GOLD FABRIC MIRROR,320,171.28,60,50,NO
GOLD FISHING GNOME,51,194.45000000000002,441,50,NO
GOLD FLOWER CUSHION COVER ,16,108.0,53,50,NO
GOLD JEWELERY BOX,20,92.0,36,50,YES
GOLD M PEARL  ORBIT NECKLACE,9,89.55,184,50,NO
GOLD M.O.P ORBIT BRACELET,9,44.550000000000004,172,50,NO
GOLD M.O.P ORBIT DROP EARRINGS,8,34.0,397,50,NO
GOLD MINI TAPE MEASURE ,644,448.4,95,50,NO
GOLD MUG BONE CHINA TREE OF LIFE,478,899.3,106,50,NO
GOLD PHOTO FRAME,225,322.5,136,50,NO
GOLD PRINT PAPER BAG,414,84.17999999999999,381,50,NO
GOLD SCROLL GLASS T-LIGHT HOLDER,98,205.8,361,50,NO
GOLD STANDING GNOME,160,620.0,488,50,NO
GOLD TEDDY BEAR,67,191.25,46,50,YES
GOLD WASHBAG,1781,380.99,332,50,NO
GOLD WINE GLASS,360,1229.04,306,50,NO
GOLD WINE GOBLET,88,386.8,153,50,NO
GOLD/AMBER DROP EARRINGS W LEAF,28,82.60000000000001,238,50,NO
GOLD/M.O.P PENDANT ORBIT NECKLACE,13,110.5,187,50,NO
GOLDIE LOOKING MIRROR,10,49.5,117,50,NO
GOTHIC CARRIAGE LANTERN,8,47.6,287,50,NO
GRAND CHOCOLATECANDLE,13881,18658.65,256,50,NO
GRASS HOPPER WOODEN WALL CLOCK ,85,265.75,328,50,NO
GREEN  DIAMANTE PEN IN GIFT BOX,243,403.65000000000003,474,50,NO
GREEN  SPOTTY PLATE ,1284,2077.7999999999997,413,50,NO
GREEN 3 PIECE MINI DOTS CUTLERY SET,1886,6762.54,192,50,NO
GREEN 3 PIECE POLKADOT CUTLERY SET,758,2738.82,420,50,NO
GREEN 3 TIER GLASS PLATE STAND,74,509.9,429,50,NO
GREEN BIRDHOUSE DECORATION,497,332.21,488,50,NO
GREEN BITTY LIGHT CHAIN,23,106.95,495,50,NO
GREEN BLUE FLOWER PIGGY BANK,241,472.65,209,50,NO
GREEN CAT FLORAL CUSHION COVER ,278,382.5,141,50,NO
GREEN CHENILLE SHAGGY C/COVER,1,1.95,65,50,NO
GREEN CHENILLE SHAGGY RUG,43,126.85,83,50,NO
GREEN CHERRY LIGHTS,524,3100.2000000000003,149,50,NO
GREEN CHRISTMAS TREE CARD HOLDER,838,3441.5,329,50,NO
GREEN CHRISTMAS TREE STRING 20LIGHT,421,1941.15,382,50,NO
GREEN CRYSTAL DROP EARRINGS,6,17.700000000000003,212,50,NO
GREEN DRAWER KNOB ACRYLIC EDWARDIAN,340,426.44,326,50,NO
GREEN DROP EARRINGS W BEAD CLUSTER,2,6.7,200,50,NO
GREEN EASTER EGG HUNT START POST,70,136.5,311,50,NO
GREEN ENAMEL FLOWER HAIR TIE,2,5.9,390,50,NO
GREEN ENAMEL FLOWER RING,37,109.15000000000002,301,50,NO
GREEN ENAMEL+GLASS HAIR COMB,144,264.6,48,50,YES
GREEN FERN JOURNAL ,575,1047.75,168,50,NO
GREEN FERN NOTEBOOK,3375,768.75,286,50,NO
GREEN FERN POCKET BOOK,5616,763.1999999999999,315,50,NO
GREEN FERN SKETCHBOOK ,321,811.75,30,50,YES
GREEN FLORAL FELTCRAFT SHOULDER BAG,37,138.75,183,50,NO
GREEN GEISHA GIRL ,39,146.25,132,50,NO
GREEN GIANT GARDEN THERMOMETER,55,327.25,206,50,NO
GREEN GINGHAM FLOWER JEWELLERY BOX,1412,2281.7999999999997,314,50,NO
GREEN GLASS TASSLE BAG CHARM,33,97.35000000000001,251,50,NO
GREEN GOOSE FEATHER CHRISTMAS TREE ,78,314.1,246,50,NO
GREEN GOOSE FEATHER TREE 60CM,125,267.75,329,50,NO
GREEN HEART COMPACT MIRROR,126,172.5,117,50,NO
GREEN HEART OF GLASS BRACELET,11,65.45,74,50,NO
GREEN JUICY FRUIT PHOTO FRAME,335,821.85,130,50,NO
GREEN KASHMIRI BOXED MIRROR,23,276.0,171,50,NO
GREEN KASHMIRI OCCASIONAL TABLE,9,419.85,265,50,NO
GREEN LEAVES AND BEADS PHONE CHARM,14,17.5,425,50,NO
GREEN METAL SWINGING BUNNY,602,508.58,88,50,NO
GREEN MINI TAPE MEASURE ,1585,1270.55,331,50,NO
GREEN MURANO TWIST BRACELET,30,127.5,308,50,NO
GREEN MURANO TWIST NECKLACE,7,69.64999999999999,269,50,NO
GREEN PAIR HEART HAIR SLIDES,2,7.5,55,50,NO
GREEN PENDANT TRIPLE SHELL NECKLACE,3,14.850000000000001,258,50,NO
GREEN PEONY CUSHION COVER,236,315.4,167,50,NO
GREEN PEONY DES C/COVER,10,46.5,486,50,NO
GREEN PICNIC BARBECUE BUCKET,78,531.3,246,50,NO
GREEN POLKADOT BOWL,261,326.25,263,50,NO
GREEN POLKADOT CUP,111,94.35,356,50,NO
GREEN POLKADOT PLATE ,149,251.81,465,50,NO
GREEN POP ART MAO CUSHION COVER ,280,53.2,384,50,NO
GREEN REGENCY TEACUP AND SAUCER,2304,6352.8,220,50,NO
GREEN ROSE CUSHION COVER,245,496.25,173,50,NO
GREEN ROSE QUILT ,10,453.5,469,50,NO
GREEN ROSE WASHBAG,726,1672.5,92,50,NO
GREEN ROUND COMPACT MIRROR,101,138.75,220,50,NO
GREEN SPOTTY BOWL,1497,1816.53,315,50,NO
GREEN SPOTTY CUP,2029,1662.25,36,50,YES
GREEN SQUARE COMPACT MIRROR,246,322.5,148,50,NO
GREEN STONE/CRYSTAL EARRINGS,2,5.9,236,50,NO
GREEN SWEETHEART BRACELET,96,408.0,80,50,NO
GREEN VINTAGE EARRINGS ,24,90.0,446,50,NO
GREEN WIRE GOBLET CANDLEHOLDER,7,55.65,123,50,NO
GREEN WIRE STANDING CANDLE HOLDER,21,78.75,61,50,NO
GREEN WITH METAL BAG CHARM,26,128.7,44,50,YES
GREEN/BLUE CERAMIC CANDLE HOLDER,8,13.2,58,50,NO
GREEN/BLUE FLOWER DESIGN BIG MUG,3,5.85,310,50,NO
"GREETING CARD, BLACKPOOL ROCK",12,2.28,150,50,NO
"GREETING CARD, OVERCROWDED POOL.",180,34.199999999999996,248,50,NO
"GREETING CARD, RITA",312,59.279999999999994,127,50,NO
"GREETING CARD, STICKY GORDON",74,14.059999999999999,191,50,NO
"GREETING CARD, THE BLACK CAT",60,25.2,454,50,NO
"GREETING CARD, TWO SISTERS.",108,20.52,497,50,NO
"GREETING CARD,SQUARE, DOUGHNUTS",78,32.76,121,50,NO
GREY ACRYLIC FACETED BANGLE,52,143.8,373,50,NO
GREY FLORAL FELTCRAFT SHOULDER BAG,849,3118.59,31,50,YES
GREY HEART HOT WATER BOTTLE,2725,9742.17,294,50,NO
GROOVY CACTUS INFLATABLE,12,10.2,120,50,NO
GROW A FLYTRAP OR SUNFLOWER IN TIN,1326,1602.78,63,50,NO
GROW YOUR OWN BASIL IN ENAMEL MUG,1594,3299.4,462,50,NO
GROW YOUR OWN FLOWERS SET OF 3,575,3547.41,324,50,NO
GROW YOUR OWN HERBS SET OF 3,507,3824.4900000000002,464,50,NO
GROW YOUR OWN PLANT IN A CAN ,8438,10324.06,36,50,YES
GUMBALL COAT RACK,4114,9343.68,349,50,NO
"GUMBALL COATHOOK., BLACK & WHITE ",20,25.0,76,50,NO
GUMBALL MAGAZINE RACK,255,1869.75,330,50,NO
GUMBALL MONOCHROME COAT RACK,770,878.14,322,50,NO
HAIRCLIPS FORTIES FABRIC ASSORTED,1647,1070.55,31,50,YES
HALL CABINET WITH 3 DRAWERS,116,3913.6899999999996,337,50,NO
HAND OPEN SHAPE BLACK,16,55.84,99,50,NO
HAND OPEN SHAPE DECO.WHITE,744,2142.2400000000002,235,50,NO
HAND OPEN SHAPE GOLD,487,1371.47,358,50,NO
HAND OPEN SHAPE PINK,2,6.98,283,50,NO
HAND OVER THE CHOCOLATE   SIGN ,8224,15565.340000000002,498,50,NO
HAND TOWEL PALE BLUE W FLOWERS,21,124.95,168,50,NO
HAND TOWEL PINK FLOWER AND DAISY,11,65.45,100,50,NO
HAND WARMER BABUSHKA DESIGN,2466,5034.6,234,50,NO
HAND WARMER BIRD DESIGN,6438,12949.800000000001,393,50,NO
HAND WARMER OWL DESIGN,6481,13139.1,483,50,NO
HAND WARMER RED POLKA DOT,2592,4876.2,217,50,NO
HAND WARMER RED RETROSPOT,4021,8204.1,219,50,NO
HAND WARMER SCOTTY DOG DESIGN,6408,12943.800000000001,44,50,YES
HAND WARMER UNION JACK,4564,9194.400000000001,485,50,NO
HANGING BAUBLE T-LIGHT HOLDER LARGE,206,588.5,108,50,NO
HANGING BAUBLE T-LIGHT HOLDER SMALL,388,870.6,287,50,NO
HANGING BUTTERFLY  EGG,1108,901.24,162,50,NO
HANGING CHICK  YELLOW DECORATION,8,11.6,78,50,NO
HANGING CHICK CREAM DECORATION,3,4.35,429,50,NO
HANGING CHICK GREEN DECORATION,1,1.45,384,50,NO
HANGING FAIRY CAKE DECORATION,1281,2296.5,45,50,YES
"HANGING FLOWERS+MIRROR,BLUE",527,200.26000000000002,66,50,NO
"HANGING FLOWERS+MIRROR,CLEAR",235,117.05,307,50,NO
"HANGING FLOWERS+MIRROR,PINK",324,136.44,285,50,NO
HANGING GLASS ETCHED TEALIGHT,1212,1927.8,35,50,YES
HANGING HEART BASKET,134,242.04000000000002,218,50,NO
HANGING HEART JAR T-LIGHT HOLDER,8177,9572.59,420,50,NO
HANGING HEART MIRROR DECORATION ,740,481.0,426,50,NO
HANGING HEART ZINC T-LIGHT HOLDER,17235,13229.73,301,50,NO
HANGING JAM JAR T-LIGHT HOLDER,19183,14973.31,488,50,NO
HANGING MEDINA LANTERN LARGE,704,2201.25,105,50,NO
HANGING MEDINA LANTERN SMALL,877,2230.75,269,50,NO
HANGING METAL BIRD BATH,338,2613.9,410,50,NO
HANGING METAL HEART LANTERN,4272,6844.8,289,50,NO
HANGING METAL STAR LANTERN,2475,4006.9500000000003,354,50,NO
HANGING PHOTO CLIP ROPE LADDER,963,1492.95,136,50,NO
HANGING RIDGE GLASS T-LIGHT HOLDER,1266,1963.8600000000001,26,50,YES
HANGING SPRING FLOWER EGG LARGE,813,653.61,156,50,NO
HANGING SPRING FLOWER EGG SMALL,517,336.05,390,50,NO
HANGING SPRING FLOWER HEART SMALL,3,1.9500000000000002,195,50,NO
HANGING WOOD AND FELT BUTTERFLY ,520,216.96,347,50,NO
HANGING WOOD AND FELT FLOWER,279,115.74000000000001,334,50,NO
HANGING WOOD AND FELT HEART,449,187.14,234,50,NO
HAPPY ANNIVERSARY CANDLE LETTERS,175,69.18,496,50,NO
HAPPY BIRTHDAY CARD STRIPEY TEDDY,15,2.8499999999999996,101,50,NO
HAPPY BIRTHDAY CARD TEDDY/CAKE,5,0.95,242,50,NO
HAPPY BIRTHDAY GINGER CAT CARD,2,0.38,497,50,NO
HAPPY EASTER HANGING DECORATION,421,1544.19,391,50,NO
HAPPY STENCIL CRAFT,3122,3564.3,442,50,NO
HAWAIIAN GRASS SKIRT ,345,558.36,421,50,NO
HEADS AND TAILS SPORTING FUN,1493,1838.89,462,50,NO
HEART BUTTONS JEWELLERY BOX,32,244.8,122,50,NO
HEART CALCULATOR,1132,1393.15,292,50,NO
HEART DECORATION PAINTED ZINC ,6062,3678.7,33,50,YES
HEART DECORATION RUSTIC HANGING ,1274,750.6600000000001,178,50,NO
HEART DECORATION WITH PEARLS ,3919,3293.71,171,50,NO
HEART EAR MUFF HEADPHONES,130,658.26,127,50,NO
HEART FILIGREE DOVE  SMALL,11132,13404.28,207,50,NO
HEART FILIGREE DOVE LARGE,5570,9008.1,320,50,NO
HEART GARLAND RUSTIC PADDED,828,2385.0,117,50,NO
HEART IVORY TRELLIS LARGE,6508,10471.8,150,50,NO
HEART IVORY TRELLIS SMALL,9216,11296.56,312,50,NO
HEART MEASURING SPOONS LARGE,84,138.6,190,50,NO
HEART MEASURING SPOONS SMALL,12,10.2,443,50,NO
HEART OF WICKER LARGE,8246,23551.18,493,50,NO
HEART OF WICKER SMALL,10391,16765.91,202,50,NO
HEART SHAPE BUTTON FRAME ,100,150.0,490,50,NO
HEART SHAPE WIRELESS DOORBELL,385,769.14,383,50,NO
HEART SHAPED MIRROR,1923,3041.07,58,50,NO
HEART STRING MEMO HOLDER HANGING,344,1014.8000000000001,34,50,YES
HEART T-LIGHT HOLDER,1955,982.15,395,50,NO
HEART T-LIGHT HOLDER ,582,841.4999999999999,23,50,YES
HEART WOODEN CHRISTMAS DECORATION,2827,2353.0299999999997,368,50,NO
HEARTS  STICKERS,1250,1059.3799999999999,489,50,NO
HEARTS GIFT TAPE,348,225.0,428,50,NO
HEARTS PENCIL/RUBBER+5 MINI PENCILS,169,70.98,416,50,NO
HEARTS WRAPPING TAPE ,624,224.16000000000003,229,50,NO
HEAVENS SCENT FRAGRANCE OILS ASSTD,1139,278.46999999999997,180,50,NO
HELLO SAILOR BATHROOM SET,1481,622.55,35,50,YES
HELLO SAILOR BLUE SOAP HOLDER,288,460.8,445,50,NO
HEN & 2 CHICKS IN BASKET,59,50.15,127,50,NO
HEN HOUSE DECORATION,1479,2242.95,401,50,NO
HEN HOUSE W CHICK IN NEST,111,46.620000000000005,469,50,NO
HEN HOUSE W CHICK STANDING,38,15.96,330,50,NO
HEN HOUSE W FAMILY IN BARN & NEST,26,22.099999999999998,246,50,NO
HEN PARTY BANNER TAPE,12,15.0,189,50,NO
HEN PARTY CORDON BARRIER TAPE,28,35.0,53,50,NO
HERB MARKER BASIL,81,52.650000000000006,433,50,NO
HERB MARKER CHIVES ,68,44.2,270,50,NO
HERB MARKER MINT,68,44.2,266,50,NO
HERB MARKER PARSLEY,82,53.300000000000004,288,50,NO
HERB MARKER ROSEMARY,82,53.300000000000004,160,50,NO
HERB MARKER THYME,80,52.0,293,50,NO
HEXAGONAL CRYSTAL PERFUME BOTTLE,1,1.95,435,50,NO
HI TEC ALPINE HAND WARMER,379,511.83,115,50,NO
HILDA CANDY SPOT RABBIT,122,457.5,246,50,NO
HIPPY CHIC DECORATIVE PARASOL,51,650.25,398,50,NO
HOLIDAY FUN LUDO,835,3118.29,58,50,NO
HOLLY TOP CHRISTMAS STOCKING,588,540.12,321,50,NO
HOLLYHOCK SQUARE HANDY TIN,1,1.25,48,50,YES
HOME BUILDING BLOCK WORD,4784,28028.3,465,50,NO
HOME GARLAND PAINTED ZINC ,775,1259.55,496,50,NO
HOME SMALL WOOD LETTERS,725,3588.75,337,50,NO
HOME SWEET HOME  BLACKBOARD,3,19.049999999999997,264,50,NO
HOME SWEET HOME METAL SIGN ,4182,11206.02,255,50,NO
HOME SWEET HOME MUG,8614,8823.5,204,50,NO
HOMEMADE JAM SCENTED CANDLES,2496,3499.2,291,50,NO
"HOOK, 1 HANGER ,MAGIC GARDEN",3233,2649.29,459,50,NO
"HOOK, 3 HANGER ,MAGIC GARDEN",1919,3533.2499999999995,255,50,NO
"HOOK, 5 HANGER , MAGIC TOADSTOOL",2902,4560.3,258,50,NO
"HOOK, 5 HANGER ,MAGIC TOADSTOOL RED",3081,4718.849999999999,396,50,NO
HOT BATHS METAL SIGN,5529,10486.68,285,50,NO
HOT BATHS SOAP HOLDER,1053,1698.93,433,50,NO
HOT WATER BOTTLE BABUSHKA ,2532,11289.0,428,50,NO
HOT WATER BOTTLE BABUSHKA LARGE,128,580.8,378,50,NO
HOT WATER BOTTLE I AM SO POORLY,1847,8382.15,359,50,NO
HOT WATER BOTTLE TEA AND SYMPATHY,5554,20727.800000000003,408,50,NO
HOUSE SHAPE PENCIL SHARPENER,291,61.11,84,50,NO
HOUSE WRECKING METAL SIGN ,690,1057.5,497,50,NO
HYACINTH BULB T-LIGHT CANDLES,3058,1218.12,196,50,NO
I CAN ONLY PLEASE ONE PERSON MUG,4855,5787.17,22,50,YES
I'M ON HOLIDAY METAL SIGN,2776,5700.6,448,50,NO
ICE CREAM DESIGN GARDEN PARASOL,220,1069.0,161,50,NO
"ICON ALARM CLOCK,FUSCHIA  PIN UP",23,58.65,395,50,NO
ICON PLACEMAT POP ART ELVIS,73,30.660000000000004,177,50,NO
IF YOU CAN'T STAND THE HEAT MUG,414,510.66,343,50,NO
ILLUSTRATED CAT BOWL ,385,982.5899999999999,165,50,NO
INCENSE BAZAAR CANNABIS,228,84.84,465,50,NO
INFLATABLE POLITICAL GLOBE ,7796,6057.72,312,50,NO
INLAID WOOD INCENSE HOLDER,3641,813.0899999999999,172,50,NO
IVORY DINER WALL CLOCK,238,1982.2,451,50,NO
IVORY EMBROIDERED QUILT ,24,887.4,212,50,NO
IVORY ENCHANTED FOREST PLACEMAT,1390,2181.5,456,50,NO
IVORY FELT EASTER RABBIT GARLAND,66,168.29999999999998,482,50,NO
IVORY GIANT GARDEN THERMOMETER,158,904.1,92,50,NO
IVORY GOLD METAL BAG CHARM,14,69.3,418,50,NO
IVORY HANGING BIRD PLANTER ,245,613.9499999999999,324,50,NO
IVORY HANGING DECORATION  BIRD,1138,964.18,396,50,NO
IVORY HANGING DECORATION  BUTTERFLY,1733,1466.81,363,50,NO
IVORY HANGING DECORATION  CHICKEN,287,243.95,471,50,NO
IVORY HANGING DECORATION  EGG,408,343.68,159,50,NO
IVORY HANGING DECORATION  HEART,6663,5435.79,206,50,NO
IVORY HANGING DECORATION  RABBIT,25,21.25,312,50,NO
IVORY KITCHEN SCALES,1223,10090.35,80,50,NO
IVORY KNITTED MUG COSY ,442,685.3,446,50,NO
IVORY LOVE BIRD CANDLE,439,537.35,399,50,NO
IVORY PAPER CUP CAKE CASES ,2117,1080.8899999999999,217,50,NO
IVORY PILLAR CANDLE GOLD FLOCK,945,1502.55,314,50,NO
IVORY PILLAR CANDLE SILVER FLOCK,762,1585.5000000000002,459,50,NO
IVORY ROSE LAMPSHADE ,39,44.25,338,50,NO
IVORY SCULPTED RND CANDLE ,48,40.8,321,50,NO
IVORY SHELL HEART EARRINGS,3,7.649999999999999,363,50,NO
IVORY SHELL HEART NECKLACE,26,162.5,30,50,YES
IVORY STRING CURTAIN WITH POLE ,375,887.25,81,50,NO
IVORY WALL CLOCK,60,459.0,352,50,NO
IVY HEART WREATH,486,3152.5,245,50,NO
JACOBS LADDER SMALL,2064,123.84,172,50,NO
JADE CRYSTAL+GLASS BRACELET,33,163.35000000000002,218,50,NO
JADE DROP EARRINGS W FILIGREE,35,173.25,71,50,NO
JADE GREEN ENAMEL HAIR COMB,36,70.2,279,50,NO
JADE GREEN PAIR ENAMEL HAIR SLIDES,1,3.75,78,50,NO
JAM JAR WITH BLUE LID,2,1.7,91,50,NO
JAM JAR WITH GREEN LID,648,500.88,167,50,NO
JAM JAR WITH PINK LID,714,550.74,368,50,NO
JAM MAKING SET PRINTED,1561,2244.25,82,50,NO
JAM MAKING SET WITH JARS,549,2180.25,329,50,NO
JAPANESE CROCHETED ANIMAL,5092,2045.04,392,50,NO
JARDIN DE FEMME SCENTED CANDLE,656,392.0,262,50,NO
JARDIN ETCHED GLASS BUTTER DISH,68,471.4,385,50,NO
JARDIN ETCHED GLASS CANDLEHLDR LONG,61,301.95,349,50,NO
JARDIN ETCHED GLASS FRUITBOWL,61,655.75,126,50,NO
JARDIN ETCHED GLASS GINGER JAR,50,397.5,245,50,NO
JARDIN ETCHED GLASS LARGE BELL JAR,54,645.3,332,50,NO
JARDIN ETCHED GLASS SMALL BELL JAR,72,416.40000000000003,237,50,NO
JASMINE TEA INCENSE IN TIN,264,286.8,444,50,NO
JASMINE VOTIVE CANDLE,2630,641.74,260,50,NO
JAZZ HEARTS ADDRESS BOOK,3077,923.7,278,50,NO
JAZZ HEARTS MAGNETIC MEMO PAD,7058,850.9000000000001,395,50,NO
JAZZ HEARTS MEMO PAD,10945,1305.49,281,50,NO
JAZZ HEARTS PURSE NOTEBOOK,1731,1257.75,24,50,YES
JAZZ HEARTS SPIRAL NOTEPAD,47,39.949999999999996,280,50,NO
JELLY BABIES YELLOW SMALL BOWL,358,420.14,73,50,NO
JET BLACK LAS VEGAS BRACELET ROUND,16,60.0,66,50,NO
JET BLACK LAS VEGAS NECKLACE 45CM,14,83.3,234,50,NO
"JEWELLED DECORATION,BLUE",150,57.0,196,50,NO
"JEWELLED DECORATION,PINK",2,5.9,28,50,YES
JIGSAW RABBIT AND BIRDHOUSE,344,567.6,118,50,NO
JIGSAW TOADSTOOLS 3 PIECE,380,614.1999999999999,39,50,YES
JIGSAW TREE WITH BIRDHOUSE,1109,1560.05,397,50,NO
JIGSAW TREE WITH WATERING CAN,441,374.84999999999997,260,50,NO
JINGLE BELLS TREE DECORATION,245,364.5,80,50,NO
JOY LARGE WOOD LETTERS,398,2457.1,398,50,NO
JOY WOODEN BLOCK LETTERS,561,2787.75,438,50,NO
JUMBO  BAG BAROQUE BLACK WHITE,16580,29349.0,197,50,NO
JUMBO BAG CHARLIE AND LOLA TOYS,2519,4616.55,357,50,NO
JUMBO BAG DOLLY GIRL DESIGN,2291,4239.45,81,50,NO
JUMBO BAG OWLS,9352,16718.4,164,50,NO
JUMBO BAG PINK POLKADOT,3766,6671.7,235,50,NO
JUMBO BAG PINK VINTAGE PAISLEY,14526,25422.7,22,50,YES
JUMBO BAG PINK WITH WHITE SPOTS,13766,24450.6,179,50,NO
JUMBO BAG RED RETROSPOT,29519,51644.25,246,50,NO
JUMBO BAG RED WHITE SPOTTY ,13879,24323.85,288,50,NO
JUMBO BAG SCANDINAVIAN PAISLEY,13882,24214.9,139,50,NO
JUMBO BAG SPACEBOY DESIGN,8307,14761.65,400,50,NO
JUMBO BAG STRAWBERRY,19275,33926.25,108,50,NO
JUMBO BAG TOYS ,7269,12839.45,348,50,NO
JUMBO BAG WOODLAND ANIMALS,7721,13951.95,87,50,NO
JUMBO SHOPPER VINTAGE RED PAISLEY,14137,25542.15,417,50,NO
JUMBO STORAGE BAG SKULLS,6833,12332.35,376,50,NO
JUMBO STORAGE BAG SUKI,14712,26443.4,117,50,NO
JUNGLE POPSICLES ICE LOLLY HOLDERS,1349,1640.65,286,50,NO
KASBAH LANTERN WITH GLASS ,56,250.8,124,50,NO
KASHMIR FOLKART HEART DISHES,3,5.07,459,50,NO
KASHMIR FOLKART TUMBLERS,2486,4827.82,342,50,NO
KEEP OUT BOYS DOOR HANGER ,2175,1451.6699999999998,142,50,NO
KEEP OUT GIRLS DOOR HANGER ,763,485.22999999999996,495,50,NO
KENSINGTON COFFEE SET,310,2746.5,48,50,YES
KEY CABINET MA CAMPAGNE,465,3333.39,156,50,NO
"KEY FOB , BACK DOOR ",4383,2765.31,214,50,NO
"KEY FOB , FRONT  DOOR ",3401,2127.01,428,50,NO
"KEY FOB , GARAGE DESIGN",4016,2526.76,245,50,NO
"KEY FOB , SHED",5081,3219.01,351,50,NO
KID'S CHALKBOARD/EASEL,5,14.75,189,50,NO
KIDS RAIN MAC BLUE,2038,1645.8999999999999,28,50,YES
KIDS RAIN MAC PINK,1983,1594.35,482,50,NO
KINGS CHOICE BISCUIT TIN,1565,6779.49,59,50,NO
KINGS CHOICE CIGAR BOX MATCHES ,3438,4128.78,44,50,YES
KINGS CHOICE GIANT TUBE MATCHES,1910,4453.8,280,50,NO
KINGS CHOICE MUG,4708,5234.36,414,50,NO
KINGS CHOICE SMALL TUBE MATCHES,117,193.04999999999998,462,50,NO
KINGS CHOICE TEA CADDY ,1854,5198.1,245,50,NO
KISS REINDEER SCANDINAVIAN STOCKING,5,12.749999999999998,491,50,NO
KITCHEN FLOWER POTS WALL PLAQUE,458,694.7,143,50,NO
KITCHEN METAL SIGN,3472,1811.14,482,50,NO
KITTENS DESIGN FLANNEL,1306,633.2199999999999,57,50,NO
KITTY PENCIL ERASERS,1129,237.09,347,50,NO
KNITTED MUG COSY IVORY COLOUR ,546,821.7,270,50,NO
KNITTED POM POM HOT WATER BOTTLE,5,18.75,408,50,NO
KNITTED RABBIT DOLL ,17,28.049999999999997,195,50,NO
KNITTED RAINBOW HOT WATER BOTTLE,20,75.0,109,50,NO
KNITTED UNION FLAG HOT WATER BOTTLE,3572,12616.68,421,50,NO
L BLUE C/COVER W PINK/YELLOW FLOWER,6,41.7,473,50,NO
LA PALMIERA METAL SIGN CALENDAR,760,246.0,56,50,NO
LA PALMIERA TILE COASTER,61,76.25,335,50,NO
LA PALMIERA TILE HOOK,905,155.22,195,50,NO
LA PALMIERA WALL THERMOMETER,438,641.75,480,50,NO
LA STREGA CANVAS PICTURE ,73,122.55000000000001,303,50,NO
LADIES & GENTLEMEN METAL SIGN,4320,10508.4,472,50,NO
LADLE LOVE HEART PINK,935,372.54,480,50,NO
LADLE LOVE HEART RED ,1351,529.98,100,50,NO
LADS ONLY TISSUE BOX,1625,1783.57,133,50,NO
LADYBIRD + BEE RAFFIA FOOD COVER,889,3256.95,59,50,NO
LANTERN CREAM GAZEBO ,302,1419.3,320,50,NO
LARGE  TALL CAMPHOR WOOD TOADSTOOL ,143,572.9499999999999,243,50,NO
LARGE BLUE ORIENTAL FOLDING STOOL,136,317.0,337,50,NO
LARGE BLUE PROVENCAL CERAMIC BALL,72,136.44,368,50,NO
LARGE CAKE STAND  HANGING STRAWBERY,1536,13639.47,134,50,NO
LARGE CAKE STAND HANGING HEARTS,485,4194.07,205,50,NO
LARGE CAKE TOWEL PINK SPOTS,485,3192.15,342,50,NO
"LARGE CAKE TOWEL, CHOCOLATE SPOTS",223,1500.45,75,50,NO
LARGE CAMPHOR WOOD FIELD MUSHROOM ,72,266.4,59,50,NO
LARGE CHINESE STYLE SCISSOR,1058,831.7,373,50,NO
LARGE CHUNKY GLASS ROMAN BOWL,293,1097.75,59,50,NO
LARGE CIRCULAR MIRROR MOBILE,6757,6081.45,366,50,NO
LARGE CRYSTAL DIAMANTE HAIRSLIDE,40,58.800000000000004,480,50,NO
LARGE ENGLISH ARBORETUM,113,1195.15,256,50,NO
LARGE FIBRE OPTIC CHRISTMAS TREE,15,19.08,308,50,NO
LARGE GLASS ROSE SCENTED CANDLE ,2,15.9,281,50,NO
LARGE GLASS SUNDAE DISH CLEAR,996,258.2,235,50,NO
LARGE GREEN PEONY FOLDING STOOL,131,314.34999999999997,166,50,NO
LARGE HANGING GLASS+ZINC LANTERN,560,896.0,355,50,NO
LARGE HANGING IVORY & RED WOOD BIRD,2467,1551.71,187,50,NO
LARGE HEART FLOWERS HOOK   ,568,680.36,111,50,NO
LARGE HEART MEASURING SPOONS,2929,4695.45,372,50,NO
LARGE MEDINA STAMPED METAL BOWL ,391,1885.05,78,50,NO
LARGE PINK GLASS SUNDAE DISH,54,137.7,78,50,NO
LARGE PINK PEONY FOLDING STOOL,136,309.15,323,50,NO
LARGE POPCORN HOLDER ,5237,8282.25,188,50,NO
LARGE PURPLE BABUSHKA NOTEBOOK  ,1186,1377.6200000000001,288,50,NO
LARGE RED BABUSHKA NOTEBOOK ,1531,1763.27,382,50,NO
LARGE RED RETROSPOT WINDMILL,660,1296.0,64,50,NO
LARGE RED SPOT WINDMILL,2894,5390.4,364,50,NO
LARGE ROUND CUTGLASS CANDLESTICK,148,960.6,200,50,NO
LARGE ROUND WICKER PLATTER ,238,1416.1000000000001,189,50,NO
LARGE SKULL WINDMILL,207,422.70000000000005,375,50,NO
LARGE STRAWBERRY CHOCOLATE CANDLE,56,94.7,210,50,NO
LARGE STRIPES CHOCOLATE GIFT BAG,831,785.15,174,50,NO
LARGE TAHITI BEACH BAG,211,1177.45,441,50,NO
LARGE TORTILLA DESIGN RED BOWL,286,543.3,207,50,NO
LARGE TRIFLE DESIGN L BLUE BOWL,229,405.15,26,50,YES
LARGE WHITE HONEYCOMB PAPER BELL  ,850,1607.0600000000002,152,50,NO
LARGE WHITE/PINK ROSE ART FLOWER,287,325.07,254,50,NO
LARGE YELLOW BABUSHKA NOTEBOOK ,582,695.58,64,50,NO
LARGE ZINC GLASS CANDLEHOLDER,37,77.7,333,50,NO
LARGE ZINC/GLASS CANDLEHOLDER,23,48.3,268,50,NO
LASER CUT MULTI STRAND NECKLACE,4,47.8,50,50,NO
LAUNDRY 15C METAL SIGN,2596,3225.52,42,50,YES
LAVENDER INCENSE 40 CONES IN TIN,106,113.3,445,50,NO
LAVENDER INCENSE IN TIN,1909,1165.49,413,50,NO
LAVENDER SCENT CAKE CANDLE,1277,295.45,179,50,NO
LAVENDER SCENTED FABRIC HEART,4330,5328.9,382,50,NO
LAVENDER SCENTED SET/9 T-LIGHTS,1018,810.6999999999999,456,50,NO
LAZER CUT NECKLACE W PASTEL BEADS,1,8.95,177,50,NO
LEOPARD PRINT HOT WATER BOTTLE,46,153.3,58,50,NO
LETS GO SHOPPING COTTON TOTE BAG,433,950.25,434,50,NO
"LETTER ""A"" BLING KEY RING",64,80.0,101,50,NO
"LETTER ""B"" BLING KEY RING",35,43.75,375,50,NO
"LETTER ""C"" BLING KEY RING",63,78.75,277,50,NO
"LETTER ""D"" BLING KEY RING",26,32.5,225,50,NO
"LETTER ""E"" BLING KEY RING",54,67.5,96,50,NO
"LETTER ""F"" BLING KEY RING",16,20.0,496,50,NO
"LETTER ""G"" BLING KEY RING",35,43.75,31,50,YES
"LETTER ""H"" BLING KEY RING",28,35.0,314,50,NO
"LETTER ""I"" BLING KEY RING",19,23.75,469,50,NO
"LETTER ""J"" BLING KEY RING",60,75.0,243,50,NO
"LETTER ""K"" BLING KEY RING",63,78.75,32,50,YES
"LETTER ""L"" BLING KEY RING",63,78.75,65,50,NO
"LETTER ""M"" BLING KEY RING",53,66.25,174,50,NO
"LETTER ""N"" BLING KEY RING",31,38.75,132,50,NO
"LETTER ""O"" BLING KEY RING",19,23.75,252,50,NO
"LETTER ""P"" BLING KEY RING",30,37.5,36,50,YES
"LETTER ""R"" BLING KEY RING",37,46.25,379,50,NO
"LETTER ""S"" BLING KEY RING",74,92.5,242,50,NO
"LETTER ""T"" BLING KEY RING",31,38.75,373,50,NO
"LETTER ""U"" BLING KEY RING",1,1.25,207,50,NO
"LETTER ""V"" BLING KEY RING",8,10.0,467,50,NO
"LETTER ""W"" BLING KEY RING",2,2.5,363,50,NO
"LETTER ""Y"" BLING KEY RING",2,2.5,384,50,NO
"LETTER ""Z"" BLING KEY RING",5,6.25,182,50,NO
LETTER SHAPE PENCIL SHARPENER,819,131.04000000000002,345,50,NO
LIBRARY LAMP,36,754.1999999999999,486,50,NO
LIGHT BIRD HOUSE TREE DECORATION,804,538.92,433,50,NO
LIGHT DECORATION BATTERY OPERATED,29,60.900000000000006,474,50,NO
LIGHT GARLAND BUTTERFILES PINK,502,1910.54,93,50,NO
LIGHT PINK CHERRY LIGHTS,1420,8311.0,252,50,NO
LIGHT PINK FLOCK GLASS CANDLEHOLDER,796,329.15,243,50,NO
LIGHTHOUSE PRINTED METAL SIGN,63,311.85,338,50,NO
LILAC DIAMANTE PEN IN GIFT BOX,362,622.7,431,50,NO
LILAC FEATHERS CURTAIN,2,2.5,79,50,NO
LILAC FLOWER BLOCK TABLE LAMP,64,188.8,354,50,NO
LILAC GAUZE BUTTERFLY LAMPSHADE,44,18.48,241,50,NO
LILAC VOTIVE CANDLE,146,30.66,56,50,NO
LILLIES CANVAS PICTURE,233,394.85,496,50,NO
LILY BROOCH AMETHYST COLOUR,34,168.3,297,50,NO
LILY BROOCH OLIVE COLOUR,16,79.2,215,50,NO
LILY BROOCH WHITE/SILVER COLOUR,6,29.7,423,50,NO
LION SOCK PUPPET,35,103.25000000000001,371,50,NO
LIPSTICK PEN BABY PINK,620,258.96,261,50,NO
LIPSTICK PEN FUSCHIA,1879,764.46,343,50,NO
LIPSTICK PEN RED,2956,1168.08,238,50,NO
LITTLE FLOWER SHOPPER BAG,400,424.0,211,50,NO
LITTLE GREEN MONSTER SOFT TOY,22,50.699999999999996,36,50,YES
LITTLE PINK MONSTER SOFT TOY,27,63.449999999999996,31,50,YES
LOCAL CAFE MUG,602,1159.2,425,50,NO
LOLITA  DESIGN  COTTON TOTE BAG,815,1016.15,420,50,NO
LONG SILVER NECKLACE PASTEL FLOWER,18,229.5,413,50,NO
LOO ROLL  METAL SIGN ,321,527.25,393,50,NO
LOUVRE CHALKBOARD,49,325.6,212,50,NO
LOUVRE VANITY MIRROR,129,653.85,41,50,YES
LOVE BUILDING BLOCK WORD,3521,20640.850000000002,493,50,NO
LOVE GARLAND PAINTED ZINC ,2939,4599.75,139,50,NO
LOVE HEART NAPKIN BOX ,581,2453.25,229,50,NO
LOVE HEART POCKET WARMER,1587,1875.75,325,50,NO
LOVE HEART SOCK HANGER,1550,2461.5,289,50,NO
LOVE HEART TRINKET POT,1174,1625.5,211,50,NO
LOVE LARGE WOOD LETTERS ,450,5543.1,194,50,NO
LOVE POTION MASALA INCENSE,254,53.34,304,50,NO
LOVEBIRD HANGING DECORATION WHITE ,5120,4290.38,223,50,NO
LOVELY BONBON STICKER SHEET,553,468.48999999999995,183,50,NO
LUNCH BAG  BLACK SKULL.,14492,22500.6,270,50,NO
LUNCH BAG CARS BLUE,12732,19767.8,246,50,NO
LUNCH BAG DOLLY GIRL DESIGN,3268,5106.2,455,50,NO
LUNCH BAG PINK POLKADOT,1364,2210.6,400,50,NO
LUNCH BAG PINK POLKADOTS,10,16.5,479,50,NO
LUNCH BAG PINK RETROSPOT,8738,13893.7,26,50,YES
LUNCH BAG RED RETROSPOT,3092,4873.8,48,50,YES
LUNCH BAG RED SPOTTY,17256,26947.6,414,50,NO
LUNCH BAG SPACEBOY DESIGN ,9088,14524.4,52,50,NO
LUNCH BAG SUKI  DESIGN ,12111,19221.15,153,50,NO
LUNCH BAG WOODLAND,11984,18769.6,386,50,NO
LUNCH BOX I LOVE LONDON,4940,8743.199999999999,98,50,NO
LUNCH BOX WITH CUTLERY FAIRY CAKES ,1369,3345.15,435,50,NO
LUNCH BOX WITH CUTLERY RETROSPOT ,2554,6145.05,454,50,NO
LUNCHBAG PINK RETROSPOT,107,176.54999999999998,478,50,NO
LUNCHBAG SPACEBOY DESIGN ,644,1022.6,77,50,NO
LUNCHBAG SUKI  DESIGN ,405,648.25,490,50,NO
LUNCHBOX I LOVE LONDON,1,1.95,45,50,YES
LUNCHBOX WITH CUTLERY FAIRY CAKES ,1371,3215.25,449,50,NO
LUNCHBOX WITH CUTLERY RETROSPOT ,1359,3214.35,245,50,NO
LUSH GREENS RIBBONS,2044,2525.36,304,50,NO
M/COLOUR POM-POM CURTAIN,6,25.5,23,50,YES
MA CAMPAGNE 4 DRAWER WALL SHELF,125,835.55,484,50,NO
MA CAMPAGNE CUTLERY BOX,464,6701.4,118,50,NO
MA CAMPAGNE MINI WOODEN CHEST,301,1097.8000000000002,416,50,NO
MADRAS NOTEBOOK LARGE ,130,487.5,58,50,NO
MADRAS NOTEBOOK MEDIUM,92,234.6,290,50,NO
MAGAZINE RACK GEBRA ASSORTED ,534,712.5,394,50,NO
MAGIC DRAWING SLATE BAKE A CAKE ,2808,1153.44,304,50,NO
MAGIC DRAWING SLATE BUNNIES ,2288,960.96,176,50,NO
MAGIC DRAWING SLATE CIRCUS PARADE  ,4356,1766.16,94,50,NO
MAGIC DRAWING SLATE DINOSAUR,3780,1495.44,391,50,NO
MAGIC DRAWING SLATE DOLLY GIRL ,6117,2424.42,307,50,NO
MAGIC DRAWING SLATE FIDO,360,151.2,149,50,NO
MAGIC DRAWING SLATE GO TO THE FAIR ,1512,599.0400000000001,194,50,NO
MAGIC DRAWING SLATE LEAP FROG ,1733,704.82,481,50,NO
MAGIC DRAWING SLATE PURDEY,4717,1868.58,103,50,NO
MAGIC DRAWING SLATE SPACEBOY ,7900,3194.1600000000003,41,50,YES
MAGIC GARDEN FELT GARLAND ,4,7.8,478,50,NO
MAGIC GARDEN MOUNT FUJI,152,387.6,46,50,YES
MAGIC SHEEP WOOL GROWING FROM PAPER,569,1326.75,214,50,NO
MAGIC SLATE BAKE A CAKE ,48,20.16,356,50,NO
MAGIC SLATE BUNNIES AT HOME ,288,120.96000000000001,401,50,NO
MAGIC SLATE CIRCUS PARADE  ,192,80.64,255,50,NO
MAGIC SLATE DINOSAUR,144,60.480000000000004,459,50,NO
MAGIC SLATE DOLLY GIRL ,192,80.64,111,50,NO
MAGIC SLATE FIDO,288,120.96000000000001,496,50,NO
MAGIC SLATE GO TO THE FAIR ,96,40.32,40,50,YES
MAGIC SLATE LEAP FROG ,96,40.32,322,50,NO
MAGIC SLATE SPACEBOY ,288,120.96000000000001,483,50,NO
MAGIC TREE -PAPER FLOWERS,912,775.1999999999999,376,50,NO
MAGNETS PACK OF 4 CHILDHOOD MEMORY,2914,3409.94,462,50,NO
MAGNETS PACK OF 4 HOME SWEET HOME,1066,1327.94,103,50,NO
MAGNETS PACK OF 4 RETRO PHOTO,667,790.4300000000001,281,50,NO
MAGNETS PACK OF 4 SWALLOWS,1719,2141.91,166,50,NO
MAGNETS PACK OF 4 VINTAGE COLLAGE,1709,1972.0900000000001,460,50,NO
MAGNETS PACK OF 4 VINTAGE LABELS ,392,487.72,472,50,NO
MAKE YOUR OWN FLOWERPOWER CARD KIT,464,1368.8000000000002,406,50,NO
MAKE YOUR OWN MONSOON CARD KIT,595,1697.65,276,50,NO
MAKE YOUR OWN PLAYTIME CARD KIT,344,1014.8000000000002,77,50,NO
MAN FLU METAL SIGN,2233,4255.8,399,50,NO
MANHATTAN CANVAS ART PICTURE,20,87.8,441,50,NO
MARAKESH LANTERN LARGE,30,544.5,34,50,YES
MARAKESH LANTERN SMALL ,196,848.35,181,50,NO
MAXWELL 2 TONE BLUE 60 PAGE PHOTO A,302,605.0,464,50,NO
MAXWELL 2 TONE PINK 60 PAGE PHOTO A,142,293.0,182,50,NO
MEASURING TAPE BABUSHKA BLUE,317,879.95,339,50,NO
MEASURING TAPE BABUSHKA PINK,437,1216.75,300,50,NO
MEASURING TAPE BABUSHKA RED,576,1612.8000000000002,299,50,NO
MEASURING TAPE RUSSIAN DOLL BLUE,102,300.90000000000003,31,50,YES
MEASURING TAPE RUSSIAN DOLL PINK,152,448.4000000000001,293,50,NO
MEASURING TAPE RUSSIAN DOLL RED,647,1755.0500000000002,290,50,NO
MEDINA STAMPED METAL STOOL,29,1068.5500000000002,227,50,NO
MEDINA STAMPED METAL TRAY ,3,44.849999999999994,46,50,YES
MEDIUM CHINESE STYLE SCISSOR,911,421.9,91,50,NO
MEDIUM MEDINA STAMPED METAL BOWL ,638,1805.3000000000002,79,50,NO
MEDIUM PINK BUDDHA HEAD ,46,135.70000000000002,449,50,NO
MEDIUM WHITE/PINK ROSE ART FLOWER,122,181.22,492,50,NO
MEMO BOARD COTTAGE DESIGN,2279,10486.75,164,50,NO
MEMO BOARD RETROSPOT  DESIGN,2650,11574.300000000001,112,50,NO
METAL 4 HOOK HANGER FRENCH CHATEAU,2490,6876.700000000001,328,50,NO
METAL BASE FOR CANDLES,167,63.9,27,50,YES
METAL DECORATION NAUGHTY CHILDREN ,596,506.59999999999997,98,50,NO
METAL MEDINA LANTERN ,294,2670.6,46,50,YES
METAL MERRY CHRISTMAS WREATH,2238,4265.099999999999,193,50,NO
METAL RABBIT LADDER EASTER ,102,86.69999999999999,69,50,NO
METAL SHELF WITH RAIL ,339,2839.0,218,50,NO
METAL SIGN CUPCAKE SINGLE HOOK,383,478.75,406,50,NO
METAL SIGN EMPIRE TEA,1228,2974.0200000000004,368,50,NO
METAL SIGN HER DINNER IS SERVED ,437,1257.95,467,50,NO
METAL SIGN HIS DINNER IS SERVED,240,460.8,447,50,NO
METAL SIGN NEIGHBOURHOOD WITCH ,1415,2889.0000000000005,200,50,NO
METAL SIGN TAKE IT OR LEAVE IT ,3178,8375.02,43,50,YES
"METAL SIGN,CUPCAKE SINGLE HOOK",787,983.75,335,50,NO
METAL TUBE CHIME ON BAMBOO,724,1007.08,397,50,NO
METAL WALL SHELF UNIT WITH HOOKS,27,968.08,406,50,NO
METALIC LEAVES BAG CHARMS,8,20.4,423,50,NO
MIDNIGHT BLUE COPPER FLOWER NECKLAC,11,65.45,65,50,NO
MIDNIGHT BLUE CRYSTAL DROP EARRINGS,1,2.95,34,50,YES
MIDNIGHT BLUE GLASS/SILVER BRACELET,24,208.35,172,50,NO
MIDNIGHT BLUE PAIR HEART HAIR SLIDE,13,48.75,241,50,NO
MIDNIGHT BLUE VINTAGE EARRINGS,25,93.75,225,50,NO
MIDNIGHT GLAMOUR SCARF KNITTING KIT,264,411.6,474,50,NO
MILK BOTTLE WITH GLASS STOPPER ,210,1423.5,292,50,NO
MILK PAN BLUE POLKADOT,27,101.25,401,50,NO
MILK PAN BLUE RETROSPOT,290,1035.66,255,50,NO
MILK PAN PINK POLKADOT,262,913.38,359,50,NO
MILK PAN PINK RETROSPOT,660,2385.7200000000003,247,50,NO
MILK PAN RED RETROSPOT,926,3424.26,28,50,YES
MINATURE COLOURED GARDENING SET,716,3331.7000000000003,185,50,NO
MINI  ZINC GARDEN DECORATIONS ,461,371.69,451,50,NO
MINI CAKE STAND  HANGING STRAWBERY,3245,5069.45,463,50,NO
MINI CAKE STAND HANGING HEARTS,321,520.05,338,50,NO
MINI CAKE STAND T-LIGHT HOLDER,590,247.8,233,50,NO
MINI CAKE STAND WITH HANGING CAKES,2312,3053.4,136,50,NO
MINI FUNKY DESIGN TAPES,788,669.8,405,50,NO
MINI HAND WARMER BABUSHKA DESIGN,108,214.8,363,50,NO
MINI HIGHLIGHTER PENS,14161,1429.32,91,50,NO
MINI JIGSAW BAKE A CAKE ,1813,747.06,414,50,NO
MINI JIGSAW BUNNIES,1858,776.04,83,50,NO
MINI JIGSAW BUNNIES AT HOME,432,181.44,224,50,NO
MINI JIGSAW CIRCUS PARADE ,3732,1471.68,228,50,NO
MINI JIGSAW DINOSAUR ,1175,493.5,91,50,NO
MINI JIGSAW DOLLY GIRL,2764,1132.08,296,50,NO
MINI JIGSAW FIDO,672,282.24,293,50,NO
MINI JIGSAW GO TO THE FAIR,1023,429.66,497,50,NO
MINI JIGSAW LEAP FROG,727,290.94,339,50,NO
MINI JIGSAW PURDEY,1573,657.78,357,50,NO
MINI JIGSAW SPACEBOY,4949,2048.34,385,50,NO
MINI PAINT SET VINTAGE ,17473,11034.449999999999,114,50,NO
MINI PAINT SET VINTAGE  BOY+ GIRL,1188,714.5999999999999,185,50,NO
MINI PAINTED GARDEN DECORATION ,339,288.15,51,50,NO
MINI WOODEN HAPPY BIRTHDAY GARLAND,3231,5175.27,30,50,YES
MINT GREEN ROSE TOWEL,38,176.70000000000002,320,50,NO
MINT KITCHEN SCALES,715,5883.7,236,50,NO
MIRROR CORNICE,19,284.05,308,50,NO
MIRROR LOVE BIRD T-LIGHT HOLDER,241,429.15,121,50,NO
MIRROR MOSAIC CANDLE PLATE,875,574.1899999999999,444,50,NO
MIRROR MOSAIC GOBLET CANDLE HOLDER,107,370.75,411,50,NO
MIRROR MOSAIC HURRICANE LAMP ,141,586.95,286,50,NO
MIRROR MOSAIC T-LIGHT HOLDER ,205,309.45,233,50,NO
MIRROR MOSAIC T-LIGHT HOLDER ROUND,445,674.25,198,50,NO
MIRROR MOSAIC VOTIVE HOLDER,265,412.5,107,50,NO
"MIRROR, ARCHED GEORGIAN",200,3884.000000000001,60,50,NO
MIRRORED DISCO BALL ,699,3766.7000000000003,420,50,NO
MIRRORED DOVE WALL DECORATION,155,325.5,95,50,NO
MIRRORED WALL ART FOXY,35,99.85,396,50,NO
MIRRORED WALL ART GENTS,35,48.449999999999996,65,50,NO
MIRRORED WALL ART LADIES,33,43.349999999999994,179,50,NO
MIRRORED WALL ART PHOTO FRAMES,132,513.0,482,50,NO
MIRRORED WALL ART POPPIES,93,114.75,99,50,NO
MIRRORED WALL ART SKULLS,164,315.0,329,50,NO
MIRRORED WALL ART SNOWFLAKES,122,147.9,105,50,NO
MIRRORED WALL ART SPLODGES,30,52.5,111,50,NO
MIRRORED WALL ART STARS,102,219.3,167,50,NO
MIRRORED WALL ART TABLE LAMP,74,117.5,180,50,NO
MIXED NUTS LIGHT GREEN BOWL,208,260.0,221,50,NO
MOBILE VINTAGE HEARTS ,287,1387.05,443,50,NO
MOCK LOBSTER FRIDGE MAGNET,184,151.72,435,50,NO
MODERN CHRISTMAS BAUBLE CANDLE ,10,4.2,261,50,NO
MODERN CHRISTMAS TREE CANDLE,4,7.6000000000000005,372,50,NO
MODERN CHRISTMAS TREE CANDLE ,2,4.2,21,50,YES
MODERN FLORAL STATIONERY SET,585,1116.15,244,50,NO
MODERN VINTAGE COTTON SHOPPING BAG,834,984.3,308,50,NO
MONEY BOX BISCUITS DESIGN,1398,1872.8999999999999,252,50,NO
MONEY BOX CONFECTIONERY DESIGN,490,601.1,480,50,NO
MONEY BOX FIRST ADE DESIGN,334,399.26,433,50,NO
MONEY BOX HOUSEKEEPING DESIGN,1081,1339.85,436,50,NO
MONEY BOX KINGS CHOICE DESIGN,2080,2629.64,96,50,NO
MONEY BOX POCKET MONEY DESIGN,1256,1540.36,135,50,NO
MONSTERS STENCIL CRAFT,2574,2922.62,173,50,NO
MONTANA DIAMOND CLUSTER NECKLACE,4,35.8,425,50,NO
MOODY BOY  DOOR HANGER ,964,781.48,122,50,NO
MOODY GIRL DOOR HANGER ,1102,951.0999999999999,213,50,NO
MOON INCENSE,50,10.5,185,50,NO
MOP PENDANT SHELL NECKLACE,1,4.95,378,50,NO
MORE BUTTER METAL SIGN ,844,1289.34,109,50,NO
MOROCCAN BEATEN METAL DISH,150,568.5000000000001,193,50,NO
MOROCCAN BEATEN METAL DISH LARGE,93,653.49,141,50,NO
MOROCCAN BEATEN METAL MIRROR,248,1299.6000000000001,162,50,NO
MOROCCAN TEA GLASS,7717,5800.8099999999995,125,50,NO
MOSAIC CANDLE DISH BLUE PURPLE,144,122.4,394,50,NO
MOSAIC GLASS BALL CANDLEHOLDER,97,121.25,447,50,NO
MOTORING TISSUE BOX,512,573.4,324,50,NO
MOUSE TOY WITH PINK T-SHIRT,545,2043.75,379,50,NO
MOUSEY LONG LEGS SOFT TOY,180,448.2,478,50,NO
MR ROBOT SOFT TOY,134,574.5,336,50,NO
MRS ROBOT SOFT TOY,126,543.7,470,50,NO
MUG AND COASTER SET RED CIRCLES,378,158.76,142,50,NO
MUG PINK AND PURPLE ARABIC DESIGN,6,3.9,409,50,NO
MULTI COLOUR SILVER T-LIGHT HOLDER,11842,9335.62,28,50,YES
MULTI HEARTS  STICKERS,833,695.05,281,50,NO
MULTICOLOUR  CONFETTI IN TUBE,182,300.3,92,50,NO
MULTICOLOUR 3D BALLS GARLAND,393,937.35,378,50,NO
MULTICOLOUR CRUSOE CHECK LAMPSHADE,48,20.16,242,50,NO
MULTICOLOUR DOTS PLATE,688,71.80000000000001,435,50,NO
MULTICOLOUR EASTER RABBIT ,32,62.39999999999999,60,50,NO
MULTICOLOUR FEATHERS CURTAIN,72,236.40000000000003,389,50,NO
MULTICOLOUR GLASS PLATE,116,63.800000000000004,223,50,NO
MULTICOLOUR HONEYCOMB FAN,213,349.05,283,50,NO
MULTICOLOUR HONEYCOMB PAPER GARLAND,277,451.45,347,50,NO
MULTICOLOUR POLKADOT PLATE,684,68.4,197,50,NO
MULTICOLOUR RABBIT EGG WARMER,55,115.5,367,50,NO
MULTICOLOUR SPRING FLOWER MUG,11045,1738.9700000000003,337,50,NO
MUMMY MOUSE RED GINGHAM RIBBON,197,1052.65,103,50,NO
MURANO STYLE GLASS BRACELET BLACK,42,147.0,337,50,NO
MURANO STYLE GLASS BRACELET GOLD,22,77.0,130,50,NO
MURANO STYLE GLASS BRACELET PINK,26,91.0,270,50,NO
MURANO STYLE GLASS BRACELET RED,17,59.5,402,50,NO
MUSHROOM BLUE HOT WATER BOTTLE,665,1889.7500000000002,26,50,YES
Manual,2568,98531.99,478,50,NO
NAMASTE SWAGAT INCENSE,1925,494.7,103,50,NO
NATURAL BARK CANDLE LARGE,337,1369.25,227,50,NO
NATURAL BARK CANDLE SMALL,491,1496.75,407,50,NO
NATURAL RIVIERA HANDBAG,52,116.7,409,50,NO
NATURAL SLATE CHALKBOARD LARGE ,2595,10957.41,333,50,NO
NATURAL SLATE HEART CHALKBOARD ,5997,16866.95,41,50,YES
NATURAL SLATE RECTANGLE CHALKBOARD,3583,5716.35,429,50,NO
NECKLACE+BRACELET PINK BUTTERFLY,31,79.05,402,50,NO
NECKLACE+BRACELET SET BLUE BLOSSOM,23,58.65,22,50,YES
NECKLACE+BRACELET SET BLUE HIBISCUS,9,22.95,146,50,NO
NECKLACE+BRACELET SET FRUIT SALAD ,22,56.099999999999994,316,50,NO
NECKLACE+BRACELET SET PINK BLOSSOM,7,17.85,207,50,NO
NECKLACE+BRACELET SET PINK DAISY,21,53.55,381,50,NO
NEW BAROQUE B'FLY NECKLACE BLACK,5,42.5,33,50,YES
NEW BAROQUE B'FLY NECKLACE CRYSTAL,1,8.5,478,50,NO
NEW BAROQUE B'FLY NECKLACE GREEN,4,34.0,485,50,NO
NEW BAROQUE B'FLY NECKLACE MONTANA,12,102.0,31,50,YES
NEW BAROQUE B'FLY NECKLACE PINK,12,102.0,106,50,NO
NEW BAROQUE B'FLY NECKLACE RED,5,42.5,31,50,YES
NEW BAROQUE BLACK BOXES,2,25.5,416,50,NO
NEW BAROQUE BLACK PHOTO ALBUM,43,365.5,44,50,YES
NEW BAROQUE IVORY CUSHION COVER ,254,607.7,320,50,NO
NEW BAROQUE JEWELLERY BOX ,46,349.7,262,50,NO
NEW BAROQUE LARGE NECKLACE BLK/WHIT,7,59.5,141,50,NO
NEW BAROQUE SMALL NECKLACE BLACK,18,153.0,166,50,NO
NEW BAROQUE WALL MIRROR,1,12.75,74,50,NO
NEW ENGLAND CERAMIC CAKE SERVER,87,221.85,257,50,NO
NEW ENGLAND EGG WARMER,120,66.0,375,50,NO
NEW ENGLAND MILK JUG W GIFT BOX,28,166.6,192,50,NO
NEW ENGLAND MUG W GIFT BOX,28,71.39999999999999,411,50,NO
NEW ENGLAND PLACEMATS,32,120.0,240,50,NO
NEW ENGLAND TEATOWELS,124,316.2,138,50,NO
NEWSPAPER STAND,300,3210.2999999999997,328,50,NO
NIGHTINGALE COATHOOK WHITE,317,493.45,202,50,NO
NINJA RABBIT BLACK,121,149.35,307,50,NO
NINJA RABBIT PINK,177,219.35,326,50,NO
NO JUNK MAIL METAL SIGN,2281,2051.73,319,50,NO
NO SINGING METAL SIGN,6756,12894.960000000001,101,50,NO
NOEL GARLAND PAINTED ZINC ,365,602.25,473,50,NO
NOEL WOODEN BLOCK LETTERS ,1121,6662.150000000001,421,50,NO
NOVELTY BISCUITS CAKE STAND 3 TIER,437,4000.15,230,50,NO
NUMBER TILE COTTAGE GARDEN 0 ,2,3.9,169,50,NO
NUMBER TILE COTTAGE GARDEN 1,1,1.95,56,50,NO
NUMBER TILE COTTAGE GARDEN 2,3,5.85,371,50,NO
NUMBER TILE COTTAGE GARDEN 4,4,7.8,331,50,NO
NUMBER TILE COTTAGE GARDEN 5,3,5.85,380,50,NO
NUMBER TILE COTTAGE GARDEN 6,4,7.8,78,50,NO
NUMBER TILE COTTAGE GARDEN 7,3,5.85,150,50,NO
NUMBER TILE COTTAGE GARDEN 8,1,1.95,431,50,NO
NUMBER TILE COTTAGE GARDEN 9,4,7.8,221,50,NO
NUMBER TILE COTTAGE GARDEN No,3,6.300000000000001,262,50,NO
"NUMBER TILE COTTAGE GARDEN, 0 ",56,109.19999999999999,54,50,NO
"NUMBER TILE COTTAGE GARDEN, 1",63,122.85,464,50,NO
"NUMBER TILE COTTAGE GARDEN, 2",56,109.19999999999999,112,50,NO
"NUMBER TILE COTTAGE GARDEN, 3 ",56,109.19999999999999,457,50,NO
"NUMBER TILE COTTAGE GARDEN, 4",56,109.19999999999999,466,50,NO
"NUMBER TILE COTTAGE GARDEN, 5",57,111.14999999999999,226,50,NO
"NUMBER TILE COTTAGE GARDEN, 6",56,109.19999999999999,372,50,NO
"NUMBER TILE COTTAGE GARDEN, 7",56,109.19999999999999,410,50,NO
"NUMBER TILE COTTAGE GARDEN, 8",56,109.19999999999999,351,50,NO
"NUMBER TILE COTTAGE GARDEN, 9",58,113.1,324,50,NO
"NUMBER TILE COTTAGE GARDEN, No",43,90.3,369,50,NO
NUMBER TILE VINTAGE FONT 0,1,1.95,232,50,NO
NUMBER TILE VINTAGE FONT 1,3,5.85,178,50,NO
NUMBER TILE VINTAGE FONT 2,2,3.9,461,50,NO
NUMBER TILE VINTAGE FONT 3,8,15.6,464,50,NO
NUMBER TILE VINTAGE FONT 5,3,5.85,43,50,YES
NUMBER TILE VINTAGE FONT 6 ,6,11.7,423,50,NO
NUMBER TILE VINTAGE FONT 8,4,7.8,312,50,NO
NUMBER TILE VINTAGE FONT 9 ,3,5.85,23,50,YES
NUMBER TILE VINTAGE FONT No ,2,4.2,239,50,NO
"NUMBER TILE VINTAGE FONT, 0",8,17.36,383,50,NO
"NUMBER TILE VINTAGE FONT, 1",8,17.36,401,50,NO
"NUMBER TILE VINTAGE FONT, 2",8,17.36,39,50,YES
"NUMBER TILE VINTAGE FONT, 3",8,17.36,463,50,NO
"NUMBER TILE VINTAGE FONT, 4",8,17.36,171,50,NO
"NUMBER TILE VINTAGE FONT, 5",8,17.36,69,50,NO
"NUMBER TILE VINTAGE FONT, 6 ",8,17.36,196,50,NO
"NUMBER TILE VINTAGE FONT, 7",8,17.36,454,50,NO
"NUMBER TILE VINTAGE FONT, 8",8,17.36,115,50,NO
"NUMBER TILE VINTAGE FONT, No ",22,48.6,124,50,NO
NURSE'S BAG SOFT TOY,289,2566.5499999999997,439,50,NO
"NURSERY A,B,C PAINTED LETTERS",211,1411.45,269,50,NO
OCCASIONS GIFT CARD ASSORTMENT,120,66.0,136,50,NO
OCEAN SCENT CANDLE IN JEWELLED BOX,539,2236.19,373,50,NO
OCEAN SCENT CANDLE JEWELLED DRAWER,88,374.0,247,50,NO
OCEAN STRIPE HAMMOCK ,292,2237.4,85,50,NO
OFFICE MUG WARMER BLACK+SILVER ,897,2692.75,354,50,NO
OFFICE MUG WARMER CHOC+BLUE,541,1993.5500000000002,437,50,NO
OFFICE MUG WARMER PINK,436,1525.8000000000002,439,50,NO
OFFICE MUG WARMER POLKADOT,529,1840.9500000000003,281,50,NO
OLD DOC RUSSEL METAL SIGN,195,409.5,314,50,NO
OLD DOC.RUSSEL METAL SIGN,9,18.9,445,50,NO
OLD ROSE COMBO BEAD NECKLACE,12,35.400000000000006,262,50,NO
OLIVE CHALET BIRDFEEDER,251,681.25,390,50,NO
OPAL WHITE/SILVER FLOWER NECKLACE,1,5.95,205,50,NO
OPEN CLOSED METAL SIGN,1322,6630.3,265,50,NO
OPIUM SCENTED VOTIVE CANDLE,1152,293.76,144,50,NO
OPULENT VELVET CANDLE IN BOX,26,39.300000000000004,287,50,NO
OPULENT VELVET SET/3 CANDLES,1202,1713.3,150,50,NO
ORANGE CANDLE,12,10.2,256,50,NO
ORANGE COCKTAIL GLASS LAMP,60,126.00000000000001,37,50,YES
ORANGE FELT VASE + FLOWERS,8,10.0,59,50,NO
ORANGE FLOWER MUG ,5391,570.15,40,50,YES
ORANGE PENDANT TRIPLE SHELL NECKLAC,4,19.8,418,50,NO
ORANGE SCENTED SET/9 T-LIGHTS,848,713.0,244,50,NO
ORANGE TV TRAY TABLE ,36,153.0,374,50,NO
ORANGE VOTIVE CANDLE,696,182.64,301,50,NO
ORANGE/FUSCHIA STONES NECKLACE,9,44.550000000000004,27,50,YES
ORGANISER WOOD ANTIQUE WHITE ,515,4254.5,119,50,NO
"ORGANISER WOOD, ANTIQUE WHITE ",3,25.5,259,50,NO
ORIENTAL BLUE C/COVER ,9,41.85,497,50,NO
ORIENTAL BLUE CUSHION COVER ,218,299.7,106,50,NO
ORIENTAL RED C/COVER ,20,88.2,317,50,NO
ORIENTAL RED CUSHION COVER ,119,179.35,447,50,NO
ORIGAMI JASMINE INCENSE IN TUBE,255,217.6,33,50,YES
ORIGAMI JASMINE INCENSE+FLOWER ,19,11.100000000000001,353,50,NO
ORIGAMI JASMINE INCENSE/CANDLE SET,162,168.29999999999998,21,50,YES
ORIGAMI LAVENDER INCENSE CONES,96,40.32,394,50,NO
ORIGAMI LAVENDER INCENSE IN TUBE,213,89.46000000000001,312,50,NO
ORIGAMI LAVENDER INCENSE+FLOWER,334,217.1,344,50,NO
ORIGAMI LAVENDER INCENSE/CANDL SET ,415,405.45,441,50,NO
ORIGAMI OPIUM INCENSE CONES,93,33.3,60,50,NO
ORIGAMI OPIUM INCENSE/CANDLE SET ,205,196.35,337,50,NO
ORIGAMI OPIUM SCENT INCENSE+FLOWER,124,80.60000000000001,335,50,NO
ORIGAMI ROSE INCENSE CONES,476,194.28,400,50,NO
ORIGAMI ROSE INCENSE IN TUBE,516,257.58,130,50,NO
ORIGAMI ROSE INCENSE+FLOWER,207,129.3,33,50,YES
ORIGAMI ROSE INCENSE/CANDLE SET ,41,63.75,250,50,NO
ORIGAMI SANDLEWOOD INCENSE CONES,61,23.699999999999996,492,50,NO
ORIGAMI SANDLEWOOD INCENSE IN TUBE,61,25.05,103,50,NO
ORIGAMI SANDLEWOOD INCENSE+FLOWER,300,253.0,149,50,NO
ORIGAMI SANDLEWOOD INCENSE/CAND SET,128,122.39999999999999,250,50,NO
ORIGAMI VANILLA INCENSE CONES,93,43.980000000000004,345,50,NO
ORIGAMI VANILLA INCENSE+FLOWER ,254,150.0,164,50,NO
ORIGAMI VANILLA INCENSE/CANDLE SET ,374,341.7,398,50,NO
ORNATE EDWARDIAN CANDLE HOLDER,6,47.7,364,50,NO
OVEN MITT APPLE DESIGN,337,468.65,47,50,YES
OVEN MITT APPLES DESIGN,266,385.7,85,50,NO
OVERNIGHT BAG VINTAGE ROSE PAISLEY,589,2859.55,182,50,NO
OWL DOORSTOP,482,2314.5,248,50,NO
OWLS CHARLOTTE BAG,1,0.85,280,50,NO
OYSTER TRINKET BOX,67,211.75,468,50,NO
PACK 20 DOLLY PEGS,2374,1861.8999999999999,443,50,NO
PACK 20 ENGLISH ROSE PAPER NAPKINS,6174,4756.5,479,50,NO
PACK 3 BOXES BIRD PANNETONE ,1596,3011.3999999999996,459,50,NO
PACK 3 BOXES CHRISTMAS PANNETONE,2881,5445.15,183,50,NO
PACK 3 FIRE ENGINE/CAR PATCHES,357,446.25,320,50,NO
PACK 3 IRON ON DOG PATCHES,271,338.75,426,50,NO
PACK 4 FLOWER/BUTTERFLY PATCHES,350,437.5,322,50,NO
PACK 6 HEART/ICE-CREAM PATCHES,550,687.5,306,50,NO
PACK OF 12 BLUE PAISLEY TISSUES ,3922,1106.1599999999999,414,50,NO
PACK OF 12 CIRCUS PARADE TISSUES ,1765,508.00999999999993,29,50,YES
PACK OF 12 COLOURED PENCILS,3535,2805.07,214,50,NO
PACK OF 12 HEARTS DESIGN TISSUES ,16337,5931.95,137,50,NO
PACK OF 12 LONDON TISSUES ,12698,3531.06,289,50,NO
PACK OF 12 PINK PAISLEY TISSUES ,21979,5916.07,99,50,NO
PACK OF 12 PINK POLKADOT TISSUES,1010,292.9,477,50,NO
PACK OF 12 PINK SPOT TISSUES ,8151,3058.93,112,50,NO
PACK OF 12 RED RETROSPOT TISSUES ,2109,590.4899999999999,285,50,NO
PACK OF 12 RED SPOTTY TISSUES ,22641,5922.509999999999,351,50,NO
PACK OF 12 SKULL TISSUES,10521,2809.17,369,50,NO
PACK OF 12 SPACEBOY TISSUES,2617,755.0899999999999,380,50,NO
PACK OF 12 STICKY BUNNIES,1115,712.75,276,50,NO
PACK OF 12 SUKI TISSUES ,24687,7852.889999999999,152,50,NO
PACK OF 12 TRADITIONAL CRAYONS,7906,3189.48,295,50,NO
PACK OF 12 WOODLAND TISSUES ,20787,5406.93,283,50,NO
PACK OF 20 FAIRY CAKE PAPER NAPKINS,619,505.98999999999995,190,50,NO
PACK OF 20 NAPKINS PANTRY DESIGN,2084,1569.8,479,50,NO
PACK OF 20 NAPKINS RED APPLES,1242,954.9,20,50,YES
PACK OF 20 SKULL PAPER NAPKINS,6024,4314.0,332,50,NO
PACK OF 20 SPACEBOY NAPKINS,1483,1159.75,83,50,NO
PACK OF 6 BIRDY GIFT TAGS,11455,13662.68,393,50,NO
PACK OF 6 HANDBAG GIFT BOXES,1245,3132.15,487,50,NO
PACK OF 6 PANNETONE GIFT BOXES,2824,6860.1,303,50,NO
PACK OF 6 SANDCASTLE FLAGS ASSORTED,2991,2303.67,140,50,NO
PACK OF 6 SKULL PAPER CUPS,4287,2605.11,126,50,NO
PACK OF 6 SKULL PAPER PLATES,5472,3895.2,440,50,NO
PACK OF 6 SWEETIE GIFT BOXES,1444,3564.3,194,50,NO
PACK OF 60 DINOSAUR CAKE CASES,18906,8970.779999999999,223,50,NO
PACK OF 60 MUSHROOM CAKE CASES,9280,4667.2,184,50,NO
PACK OF 60 PINK PAISLEY CAKE CASES,30871,15045.1,324,50,NO
PACK OF 60 SPACEBOY CAKE CASES,12936,6412.8,139,50,NO
PACK OF 72 RETRO SPOT CAKE CASES,45129,21838.23,63,50,NO
PACK OF 72 RETROSPOT CAKE CASES,12376,5798.83,331,50,NO
PACK OF 72 SKULL CAKE CASES,24455,11588.57,175,50,NO
PACK/12 BLUE FOLKART CARDS,76,224.20000000000002,386,50,NO
PACK/12 BLUE REINDEER CARD,72,212.40000000000003,226,50,NO
PACK/12 DECOUPAGE CARD,35,103.25000000000001,409,50,NO
PACK/12 RUSSIAN DOLL CARDS,2,5.9,127,50,NO
PACK/12 XMAS FUN CARD,225,644.5500000000001,270,50,NO
PADDED HOLLY CHRISTMAS DECORATION ,100,44.49,464,50,NO
PADDED RED HEART DECORATION,113,55.76,423,50,NO
PADS TO MATCH ALL CUSHIONS,14,0.014,389,50,NO
PAINT YOUR OWN CANVAS SET,1734,2745.9,353,50,NO
PAINTED BIRD ASSORTED CHRISTMAS,409,691.21,149,50,NO
PAINTED LIGHTBULB RAINBOW DESIGN,108,44.16,476,50,NO
PAINTED LIGHTBULB STAR+ MOON,156,64.32,312,50,NO
PAINTED METAL HEART WITH HOLLY BELL,1083,1551.1499999999999,39,50,YES
PAINTED METAL PEARS ASSORTED,5910,9637.5,301,50,NO
PAINTED METAL STAR WITH HOLLY BELLS,872,1245.1999999999998,304,50,NO
PAINTED METAL TREE WITH HOLLY BELLS,722,1027.6999999999998,20,50,YES
PAINTED PINK RABBIT ,302,256.7,138,50,NO
PAINTED SEA SHELL METAL WINDCHIME,4,15.0,54,50,NO
PAINTED YELLOW WOODEN DAISY,231,196.35,217,50,NO
PAIR BUTTERFLY HAIR CLIPS,17,63.75,264,50,NO
PAIR OF ENAMEL BUTTERFLY HAIRCLIP,2,6.7,78,50,NO
PAIR OF ENAMEL FLOWER CLUSTER SLIDE,82,192.9,344,50,NO
PAIR PADDED HANGERS PINK CHECK,96,340.8,180,50,NO
PAIR PINK/BLACK COATHANGERS,21,40.95,198,50,NO
PAISLEY PATTERN  STICKERS,418,276.34,225,50,NO
PANDA AND BUNNIES STICKER SHEET,583,495.54999999999995,31,50,YES
PAPER BUNTING COLOURED LACE,2347,6424.450000000001,295,50,NO
PAPER BUNTING RETRO SPOTS,7595,20723.25,200,50,NO
PAPER BUNTING RETROSPOT,851,2414.4500000000003,261,50,NO
PAPER BUNTING VINTAGE PAISLEY,2014,5467.25,235,50,NO
PAPER BUNTING WHITE LACE,4016,11199.150000000001,270,50,NO
PAPER CHAIN KIT 50'S CHRISTMAS ,13839,36871.55,318,50,NO
PAPER CHAIN KIT EMPIRE,3588,9744.6,145,50,NO
PAPER CHAIN KIT LONDON,391,1081.45,236,50,NO
PAPER CHAIN KIT RETRO SPOT,7351,19804.550000000003,325,50,NO
PAPER CHAIN KIT RETROSPOT,1453,4062.3500000000004,304,50,NO
PAPER CHAIN KIT SKULLS ,1982,5256.900000000001,204,50,NO
PAPER CHAIN KIT VINTAGE CHRISTMAS,7854,21550.100000000002,58,50,NO
PAPER POCKET TRAVELING FAN ,3425,462.70000000000005,242,50,NO
PAPERWEIGHT CHILDHOOD MEMORIES,542,987.9,203,50,NO
PAPERWEIGHT HOME SWEET HOME,159,359.25,446,50,NO
PAPERWEIGHT KINGS CHOICE ,177,308.55,197,50,NO
PAPERWEIGHT SAVE THE PLANET,307,593.85,426,50,NO
PAPERWEIGHT VINTAGE COLLAGE,315,676.95,447,50,NO
PAPERWEIGHT VINTAGE PAISLEY,80,183.6,313,50,NO
PARTY BUNTING,8312,35017.3,359,50,NO
PARTY CONE CHRISTMAS DECORATION ,5559,4586.3099999999995,170,50,NO
PARTY CONES CANDY ASSORTED,2222,2650.96,403,50,NO
PARTY CONES CANDY TREE DECORATION,1826,1451.48,145,50,NO
PARTY CONES CARNIVAL ASSORTED,3067,3548.75,320,50,NO
PARTY FOOD SHOPPER BAG,1081,1336.05,327,50,NO
PARTY INVITES BALLOON GIRL,864,571.8,355,50,NO
PARTY INVITES DINOSAURS,1001,827.4499999999999,453,50,NO
PARTY INVITES FOOTBALL,927,599.67,253,50,NO
PARTY INVITES JAZZ HEARTS,916,755.1999999999999,399,50,NO
PARTY INVITES SPACEMAN,533,428.92999999999995,394,50,NO
PARTY INVITES WOODLAND,1186,984.6999999999999,27,50,YES
PARTY METAL SIGN ,4166,5767.099999999999,360,50,NO
PARTY PIZZA DISH BLUE POLKADOT,75,63.74999999999999,148,50,NO
PARTY PIZZA DISH BLUE RETROSPOT,202,171.7,283,50,NO
PARTY PIZZA DISH BLUE WHITE SPOT ,41,34.849999999999994,176,50,NO
PARTY PIZZA DISH BLUE+WHITE SPOT ,24,20.4,371,50,NO
PARTY PIZZA DISH GREEN POLKADOT,135,105.39,377,50,NO
PARTY PIZZA DISH GREEN RETROSPOT,83,70.55,24,50,YES
PARTY PIZZA DISH GREEN WHITE SPOT ,29,24.65,105,50,NO
PARTY PIZZA DISH GREEN+WHITE SPOT ,12,10.2,194,50,NO
PARTY PIZZA DISH PINK POLKADOT,75,63.74999999999999,309,50,NO
PARTY PIZZA DISH PINK RETROSPOT,155,131.75,212,50,NO
PARTY PIZZA DISH PINK WHITE SPOT ,56,47.599999999999994,330,50,NO
PARTY PIZZA DISH PINK+WHITE SPOT ,24,20.4,138,50,NO
PARTY PIZZA DISH RED RETROSPOT,816,646.8,237,50,NO
PARTY PIZZA DISH RED WHITE SPOT ,464,394.4,446,50,NO
PARTY PIZZA DISH RED+WHITE SPOT ,12,10.2,477,50,NO
PARTY TIME DESIGN FLANNEL,507,248.91,433,50,NO
PARTY TIME PENCIL ERASERS,1030,216.29999999999998,133,50,NO
PASTA ENAMEL/BRASS CONTAINER,10,37.5,485,50,NO
PASTEL BLUE PHOTO ALBUM,24,46.8,164,50,NO
PASTEL BLUE PHOTO ALBUM ,1005,454.71,45,50,YES
PASTEL COLOUR HONEYCOMB FAN,108,178.2,155,50,NO
PASTEL PINK PHOTO ALBUM,100,199.8,322,50,NO
PASTEL PINK PHOTO ALBUM ,653,262.95,251,50,NO
PASTEL STRIPE HAMMOCK ,194,1458.3000000000002,388,50,NO
PATCHWORK PENCIL CASE BUTTERFLY ,247,485.49,95,50,NO
PEACE SMALL WOOD LETTERS,419,2896.65,494,50,NO
PEACE WOODEN BLOCK LETTERS,435,2987.25,347,50,NO
PEACH KNITTED HEN ,339,449.90999999999997,364,50,NO
"PEARL & SHELL 42""NECKL. GREEN",13,139.75,321,50,NO
"PEARL & SHELL 42""NECKL. IVORY",26,279.5,471,50,NO
"PEARL & SHELL 42""NECKL. PINK",43,380.89,308,50,NO
PEARL AND CHERRY QUARTZ BRACLET,1,3.5,20,50,YES
PEARL CRYSTAL PUMPKIN T-LIGHT HLDR,2358,3705.9,166,50,NO
PEG BAG APPLE DESIGN,284,656.7,306,50,NO
PEG BAG APPLES DESIGN,200,487.5,483,50,NO
"PEN, 10 COLOURS - SPACEBOY",24,20.4,161,50,NO
PENCIL CASE GINGHAM FOREST,36,106.20000000000002,72,50,NO
PENCIL CASE LIFE IS BEAUTIFUL,693,2022.7500000000002,323,50,NO
PENNY FARTHING BIRTHDAY CARD,3216,1290.96,88,50,NO
PENS ASSORTED FUNKY JEWELED ,504,428.40000000000003,380,50,NO
PENS ASSORTED FUNNY FACE,3096,2481.84,109,50,NO
PENS ASSORTED SPACEBALL,1194,1014.9000000000001,465,50,NO
PERIWINKLE T-LIGHT HOLDER,3099,1018.35,239,50,NO
"PET MUG, BUDGIE",119,49.980000000000004,469,50,NO
"PET MUG, GOLDFISH",54,22.68,211,50,NO
PHARMACIE FIRST AID TIN,1174,7974.34,473,50,NO
PHOTO CLIP LINE,121,151.25,82,50,NO
PHOTO CUBE,1492,2370.0,92,50,NO
PHOTO FRAME 3 CLASSIC HANGING,229,2226.35,180,50,NO
PHOTO FRAME CORNICE,1128,3174.0,188,50,NO
PICCADILLY TEA SET,309,4212.55,108,50,NO
PICNIC BASKET WICKER LARGE,872,8084.8,195,50,NO
PICNIC BASKET WICKER SMALL,1635,7625.05,288,50,NO
PICNIC BOXES SET OF 3 RETROSPOT ,741,3443.9500000000003,92,50,NO
PICTURE DOMINOES,3368,4776.799999999999,264,50,NO
PICTURE FRAME WOOD TRIPLE PORTRAIT,1305,8408.75,96,50,NO
PIECE OF CAMO STATIONERY SET,2093,439.53,178,50,NO
PIG KEYRING WITH LIGHT & SOUND ,2527,2976.35,478,50,NO
PIG MUG IN TWO COLOUR DESIGNS,84,71.39999999999999,343,50,NO
PIGGY BANK RETROSPOT ,1780,4377.0,117,50,NO
PILLOWCUSHION COVER PINK UNION JACK,51,303.45,400,50,NO
PIN CUSHION BABUSHKA BLUE,42,140.70000000000002,121,50,NO
PIN CUSHION BABUSHKA PINK,61,204.35000000000002,151,50,NO
PIN CUSHION BABUSHKA RED,154,515.9,121,50,NO
PIN CUSHION RUSSIAN DOLL BLUE,64,214.4,38,50,YES
PIN CUSHION RUSSIAN DOLL PINK,114,381.90000000000003,473,50,NO
PIN CUSHION RUSSIAN DOLL RED,393,1220.55,101,50,NO
PING MICROWAVE APRON,119,464.15000000000003,416,50,NO
PING! MICROWAVE PLATE,96,291.36,298,50,NO
PINK  HEART CONFETTI IN TUBE,306,504.90000000000003,358,50,NO
PINK  HEART SHAPE LOVE BUCKET ,895,2592.2500000000005,384,50,NO
PINK  HONEYCOMB PAPER BALL ,211,423.42,350,50,NO
PINK  HONEYCOMB PAPER FAN,65,134.04,148,50,NO
PINK  POLKADOT CUP,574,475.42,363,50,NO
PINK  POLKADOT PLATE ,392,639.4399999999999,329,50,NO
PINK  SPOTTY CUP,3390,2756.7,474,50,NO
PINK  SPOTTY PLATE ,2703,4291.59,108,50,NO
PINK & WHITE BREAKFAST TRAY,36,214.20000000000002,232,50,NO
PINK & WHITE ROSEBUD RING,5,21.25,162,50,NO
PINK 3 PIECE MINI DOTS CUTLERY SET,4198,15067.14,84,50,NO
PINK 3 PIECE POLKADOT CUTLERY SET,1252,4539.4800000000005,95,50,NO
PINK 3 TIER GLASS PLATE STAND,119,840.45,218,50,NO
PINK 5 PATCH FLOWER CUSHION COVER ,387,769.65,162,50,NO
PINK ALLIUM  ARTIFICIAL FLOWER,109,184.21,424,50,NO
PINK AND BLACK STRING CURTAIN,1,5.95,422,50,NO
PINK AND LILAC QUILTED THROW ,33,1450.4,335,50,NO
PINK AND WHITE CHRISTMAS TREE 120CM,136,401.20000000000005,112,50,NO
PINK AND WHITE CHRISTMAS TREE 180CM,140,476.00000000000006,492,50,NO
PINK B'FLY C/COVER W BOBBLES,31,184.45,436,50,NO
PINK BABY BUNTING,1336,3821.2,324,50,NO
PINK BABY GIRL'S MEMORY BOX,2,13.9,243,50,NO
PINK BABY GIRLS PHOTO ALBUM,15,92.25,310,50,NO
PINK BAROQUE FLOCK CANDLE HOLDER,13,77.35000000000001,447,50,NO
PINK BEADED CONE CHRISTMAS,14,5.88,121,50,NO
PINK BEADS+HAND PHONE CHARM,12,15.0,493,50,NO
PINK BERTIE GLASS BEAD BAG CHARM,31,65.10000000000001,286,50,NO
PINK BERTIE MOBILE PHONE CHARM,18,30.42,374,50,NO
PINK BITTY LIGHT CHAIN,8,37.2,475,50,NO
PINK BLUE FELT CRAFT TRINKET BOX,10593,12295.05,129,50,NO
PINK BOUDICCA LARGE BRACELET,37,257.15000000000003,481,50,NO
PINK BOUDOIR T-LIGHT HOLDER,4191,451.95000000000005,349,50,NO
PINK BREAKFAST CUP AND SAUCER ,1578,313.98,469,50,NO
PINK BUTTERFLY C/COVER ,6,29.700000000000003,449,50,NO
PINK BUTTERFLY CUSHION COVER ,133,303.15,284,50,NO
PINK BUTTERFLY HANDBAG W BOBBLES,9,76.5,22,50,YES
PINK BUTTERFLY PAPER LAMPSHADE,3,3.75,104,50,NO
PINK BUTTERFLY WASHBAG,327,714.75,301,50,NO
PINK CANDYSTUFT ARTIFICIAL FLOWER,182,165.01999999999998,347,50,NO
PINK CANVAS DES CUSHION COVER ,6,7.5,323,50,NO
PINK CAT BOWL,143,300.6,469,50,NO
PINK CAT FLORAL CUSHION COVER ,276,375.0,473,50,NO
PINK CHERRY BLOSSOM CUP & SAUCER,24,30.0,431,50,NO
PINK CHERRY LIGHTS,2230,13171.1,136,50,NO
PINK CHICK EGG WARMER + EGG CUP,40,84.0,240,50,NO
PINK CHRISTMAS FLOCK DROPLET ,130,82.82,173,50,NO
PINK CHRISTMAS TREE DECORATION,37,15.629999999999999,172,50,NO
PINK CHRYSANTHEMUMS ART FLOWER,278,313.8,31,50,YES
PINK CLEAR GLASS CANDLE PLATE,25,31.25,152,50,NO
PINK COMBO MINI CRYSTALS NECKLACE,19,94.05000000000001,323,50,NO
PINK CREAM FELT CRAFT TRINKET BOX ,13138,15420.279999999999,312,50,NO
PINK CROCHET CAT WITH SCARF,11,46.75,482,50,NO
PINK CRYSTAL GUITAR PHONE CHARM,63,53.55,319,50,NO
PINK CRYSTAL HEART PHONE CHARM,258,219.3,247,50,NO
PINK CRYSTAL SKULL PHONE CHARM,75,63.74999999999999,290,50,NO
PINK CRYSTAL+GLASS BRACELET,28,138.60000000000002,62,50,NO
PINK CURRENT CANDLE RING,28,5.32,451,50,NO
PINK DAISY BAG CHARM,2,5.1,362,50,NO
PINK DIAMANTE PEN IN GIFT BOX,876,1527.6,345,50,NO
PINK DISCO HANDBAG,219,366.25,321,50,NO
PINK DOG BOWL,117,344.49000000000007,383,50,NO
PINK DOG CANNISTER,10,59.5,398,50,NO
PINK DOLLY HAIR CLIPS,70,73.5,446,50,NO
PINK DOUGHNUT TRINKET POT ,4669,7263.45,40,50,YES
PINK DRAWER KNOB ACRYLIC EDWARDIAN,615,770.19,426,50,NO
PINK DRESS JEWELLERY STAND ,371,346.85,126,50,NO
PINK EASTER HENS+FLOWER,9,33.75,355,50,NO
PINK EAU DE COLOGNE BOTTLE,85,72.25,322,50,NO
PINK ENAMEL FLOWER HAIR TIE,14,41.300000000000004,136,50,NO
PINK ENAMEL+GLASS HAIR COMB,99,195.3,143,50,NO
PINK FAIRY CAKE CHILD'S APRON,3325,6032.3099999999995,418,50,NO
PINK FAIRY CAKE CHILDRENS APRON,2813,5095.95,300,50,NO
PINK FAIRY CAKE COASTER,2676,1049.6399999999999,311,50,NO
PINK FAIRY CAKE CUSHION COVER,991,1605.45,222,50,NO
PINK FEATHER CHRISTMAS DECORATION,427,82.19,70,50,NO
PINK FEATHERS CURTAIN,54,67.5,290,50,NO
PINK FELT EASTER EGG BASKET,1460,2280.2,343,50,NO
PINK FELT EASTER RABBIT GARLAND,99,252.45,296,50,NO
PINK FELT HANGING HEART W FLOWER,31,26.349999999999998,160,50,NO
PINK FLOCK GLASS CANDLEHOLDER,122,109.86,489,50,NO
PINK FLOCK PHOTO FRAME ,148,198.6,294,50,NO
PINK FLOCK SUEDE CUSHION COVER ,2,7.5,309,50,NO
PINK FLOCK TABLE CLOCK ,84,170.8,353,50,NO
PINK FLORAL FELTCRAFT SHOULDER BAG,1365,4974.39,400,50,NO
PINK FLOWER CROCHET FOOD COVER,504,1736.4,471,50,NO
PINK FLOWER FABRIC PONY,79,289.85,392,50,NO
PINK FLOWER HANGING HEART ,133,113.05,71,50,NO
PINK FLOWERS CHILDS UMBRELLA,6,19.5,46,50,YES
PINK FLOWERS RABBIT EASTER,22,50.9,176,50,NO
PINK FLUFFY CHRISTMAS DECORATION,521,98.99000000000001,258,50,NO
PINK FLY SWAT,394,233.06,175,50,NO
PINK FOXGLOVE ARTIIFCIAL FLOWER,172,373.80000000000007,310,50,NO
PINK GAUZE BUTTERFLY LAMPSHADE,24,10.08,155,50,NO
PINK GINGHAM CAT WITH SCARF,124,316.2,163,50,NO
PINK GINGHAM ROSE CUSHION COVER,21,124.95,125,50,NO
PINK GINGHAM ROSE FLOOR CUSHION,53,261.35,439,50,NO
PINK GLASS CANDLEHOLDER,102,300.90000000000003,177,50,NO
PINK GLASS CHUNKY CHARM BRACELET,15,127.8,165,50,NO
PINK GLASS COCKTAIL LAMP,2,4.2,21,50,YES
PINK GLASS TASSLE BAG CHARM ,28,82.60000000000001,452,50,NO
PINK GOOSE FEATHER TREE 60CM,187,420.65,96,50,NO
PINK GREEN EMBROIDERY COSMETIC BAG,17,50.150000000000006,151,50,NO
PINK HANGING GINGHAM EASTER HEN,40,16.8,109,50,NO
PINK HAPPY BIRTHDAY BUNTING,3398,17073.100000000002,364,50,NO
PINK HAWAIIAN PICNIC HAMPER FOR 2,136,678.0,369,50,NO
PINK HAWAIIAN PICNIC HAMPER FOR 4,349,1883.55,478,50,NO
PINK HEART CANDY BUTTON CALCULATOR,541,1257.1499999999999,282,50,NO
PINK HEART CHRISTMAS DECORATION,1,0.38,370,50,NO
PINK HEART DOTS HOT WATER BOTTLE,841,2466.87,127,50,NO
PINK HEART OF GLASS BRACELET,21,124.95,93,50,NO
PINK HEART RED HANDBAG,207,304.65000000000003,58,50,NO
PINK HEART SHAPE EGG FRYING PAN,7057,9768.45,416,50,NO
PINK HEART SHAPE PHOTO FRAME,341,562.65,178,50,NO
PINK HEARTS LIGHT CHAIN ,83,345.63,90,50,NO
PINK HEARTS PAPER GARLAND,700,1106.0,466,50,NO
PINK HEARTS PHOTO ALBUM,159,336.25,331,50,NO
PINK HORSE SOCK PUPPET,279,811.0500000000001,260,50,NO
PINK HYDRANGEA ART FLOWER,226,330.84000000000003,445,50,NO
PINK JEWELLED MIRROR TRINKET TRAY,19,189.04999999999998,464,50,NO
PINK JEWELLED PHOTO FRAME,48,381.6,317,50,NO
PINK JEWELLED PHOTO FRAME ,73,361.35,459,50,NO
PINK JUICY FRUIT PHOTO FRAME,339,843.75,55,50,NO
PINK JUMPER LARRY THE LAMB,949,1788.72,103,50,NO
PINK KASHMIRI BOXED MIRROR,12,176.0,471,50,NO
PINK KASHMIRI COFFEE TABLE ,20,1050.0,393,50,NO
PINK KASHMIRI OCCASIONAL TABLE,2,94.95,282,50,NO
PINK KNITTED COW STUFFED TOY,58,215.34,329,50,NO
PINK KNITTED EGG COSY,47,91.64999999999999,404,50,NO
PINK KNITTED KIDS RUCKSACK,24,162.0,191,50,NO
PINK LARGE JEWELED PHOTOFRAME,23,58.64999999999999,395,50,NO
PINK LEAVES AND BEADS PHONE CHARM,17,21.25,192,50,NO
PINK LOVE BIRD CANDLE,142,177.5,381,50,NO
PINK LOVE HEART SHAPE CUP,1530,1263.06,66,50,NO
PINK MARSHMALLOW SCARF KNITTING KIT,567,1526.25,398,50,NO
PINK METAL CHICKEN HEART ,456,676.56,160,50,NO
PINK METAL SWINGING BUNNY,594,504.9,394,50,NO
PINK MILKSHAKE GLASS,167,215.5,425,50,NO
PINK MINI STATIONERY SET W CASE,11,13.75,137,50,NO
PINK MINI TAPE MEASURE ,286,230.1,296,50,NO
PINK MONTE CARLO HANDBAG,98,204.2,233,50,NO
PINK MURANO TWIST BRACELET,68,289.0,239,50,NO
PINK MURANO TWIST NECKLACE,20,199.0,412,50,NO
PINK NEW BAROQUE FLOCK CANDLESTICK,16,74.4,45,50,YES
PINK NEW BAROQUECANDLESTICK CANDLE,347,469.25,28,50,YES
PINK OVAL JEWELLED MIRROR,93,522.15,290,50,NO
PINK OVAL SHAPE TRINKET BOX,5,49.75,29,50,YES
PINK OWL DECORATION,96,244.8,491,50,NO
PINK OWL SOFT TOY,830,2287.88,397,50,NO
PINK PADDED MOBILE,644,2693.5,140,50,NO
PINK PAINTED KASHMIRI CHAIR,22,713.4000000000001,144,50,NO
PINK PAINTED KASHMIRI TABLE,11,630.0,189,50,NO
PINK PAISLEY CUSHION COVER ,404,1010.6,91,50,NO
PINK PAISLEY PHOTO ALBUM,4,27.0,171,50,NO
PINK PAISLEY QUILT ,208,2784.8,227,50,NO
PINK PAISLEY ROSE GIFT WRAP,2100,866.0,68,50,NO
PINK PAISLEY SQUARE TISSUE BOX ,291,327.03,173,50,NO
PINK PAPER PARASOL ,4472,11573.199999999999,366,50,NO
PINK PARTY BAGS,3544,6517.36,312,50,NO
PINK PARTY SUNGLASSES,167,277.05,87,50,NO
PINK PATCH PENCIL CASE BLUE HEART,316,652.5300000000001,69,50,NO
PINK PATCH PURSE BLUE HEART,142,234.29999999999998,171,50,NO
PINK PICNIC BARBECUE BUCKET,82,574.3000000000001,38,50,YES
PINK PILLAR CANDLE SILVER FLOCK,372,546.6,119,50,NO
PINK POLKADOT BOWL,514,628.82,79,50,NO
PINK POLKADOT CHILDRENS UMBRELLA,246,793.5,186,50,NO
PINK POLKADOT GARDEN PARASOL,6,47.7,221,50,NO
PINK POLKADOT KIDS BAG,473,973.9499999999999,364,50,NO
PINK POLKADOT WRAP ,1950,773.0,165,50,NO
PINK POODLE HANGING DECORATION ,505,220.79,422,50,NO
PINK PORCELAIN B'FLY OIL BURNER,2,5.9,183,50,NO
PINK POT PLANT CANDLE,116,415.8,477,50,NO
PINK RABBIT SITTING EASTER,46,19.32,458,50,NO
PINK REGENCY TEACUP AND SAUCER,2102,5669.3,261,50,NO
PINK RETRO BIG FLOWER BAG,24,46.8,88,50,NO
PINK RIVIERA HANDBAG,159,325.65000000000003,194,50,NO
PINK ROSE FABRIC MIRROR,693,605.25,68,50,NO
PINK ROSE PICNIC RUG,3,77.85,127,50,NO
PINK ROSE WASHBAG,791,1916.25,245,50,NO
PINK ROSEBUD & PEARL NECKLACE,8,60.0,180,50,NO
PINK ROSEBUD PEARL BRACELET,2,15.0,138,50,NO
PINK ROSEBUD PEARL EARRINGS,12,30.6,168,50,NO
"PINK ROSES/GINGHAM PATCH RABBIT 8""",15,44.25000000000001,484,50,NO
PINK ROUND BUTTERFLY MIRROR ,235,667.8299999999999,169,50,NO
PINK ROUND COMPACT MIRROR,34,127.5,451,50,NO
PINK SCOTTIE DOG W FLOWER PATTERN,64,160.5,312,50,NO
PINK SMALL GLASS CAKE STAND,423,767.25,162,50,NO
PINK SMALL JEWELLED PHOTOFRAME,88,145.2,438,50,NO
PINK SPOTS  WRAP ,7725,3102.5,495,50,NO
PINK SPOTS CHOCOLATE NESTING BOXES ,677,1535.5500000000002,474,50,NO
PINK SPOTTY BOWL,3325,3882.65,179,50,NO
PINK SPOTTY CHILDS UMBRELLA,949,2991.25,30,50,YES
PINK SQUARE COMPACT MIRROR,15,56.25,157,50,NO
PINK SQUARE TABLE CLOCK,75,54.45,476,50,NO
PINK STAR CHRISTMAS DECORATION,156,78.11999999999999,97,50,NO
PINK STITCHED WALL CLOCK,50,187.5,96,50,NO
PINK STOCKING CHRISTMAS DECORATION,90,34.2,460,50,NO
PINK STRAWBERRY HANDBAG ,42,123.90000000000002,273,50,NO
PINK STRING CURTAIN WITH POLE,69,210.75,428,50,NO
PINK STRIPE HOT WATER BOTTLE,245,679.5500000000001,277,50,NO
PINK STRIPES SHOULDER BAG,1,2.95,339,50,NO
PINK SWEETHEART BRACELET,104,442.0,310,50,NO
PINK SWEETIE NECKLACE,5,37.5,282,50,NO
PINK TALL PORCELAIN T-LIGHT HOLDER ,13,33.15,104,50,NO
PINK TEATIME PRINT BOWL,116,145.0,165,50,NO
PINK TV TRAY TABLE ,34,144.5,342,50,NO
PINK UNION JACK  LUGGAGE TAG,732,910.44,61,50,NO
PINK UNION JACK  PASSPORT COVER ,549,1152.9,393,50,NO
PINK VINTAGE PAISLEY PICNIC BAG,1397,3807.55,144,50,NO
PINK VINTAGE VICTORIAN CHOKER,5,33.75,186,50,NO
PINK VINTAGE VICTORIAN EARRINGS,15,44.25000000000001,444,50,NO
PINK WHITE SPOTS GARDEN PARASOL,180,1007.0,260,50,NO
PINK YELLOW PATCH CUSHION COVER,354,735.9000000000001,478,50,NO
PINK/AMETHYST/GOLD NECKLACE,5,34.75,299,50,NO
PINK/BLUE DISC/MIRROR STRING,198,153.9,207,50,NO
PINK/BLUE STRING CURTAIN ,59,159.05,321,50,NO
PINK/BROWN DOTS RUFFLED UMBRELLA,1912,6607.6,38,50,YES
PINK/FLOWER RABBIT EGG WARMER ,40,84.0,87,50,NO
PINK/GREEN FLOWER DESIGN BIG MUG,7,13.65,237,50,NO
PINK/PURPLE CIRCLE CURTAIN,12,55.800000000000004,121,50,NO
PINK/PURPLE RETRO RADIO,54,159.3,61,50,NO
"PINK/WHITE ""KEEP CLEAN"" BULLET BIN",76,224.20000000000005,307,50,NO
PINK/WHITE CHRISTMAS TREE 30CM,12,7.800000000000001,186,50,NO
PINK/WHITE CHRISTMAS TREE 60CM,1007,682.75,128,50,NO
PINK/WHITE GLASS DEMI CHOKER,6,45.0,55,50,NO
PINK/WHITE RIBBED MELAMINE JUG,142,1065.3,251,50,NO
PINK/YELLOW FLOWERS HANDBAG,243,321.95,248,50,NO
PINK/YELLOW PATCH CUSHION COVER,6,45.9,372,50,NO
PINK/YELLOW RABBIT SAT EASTER,22,9.24,183,50,NO
PIZZA DISH SLICE ,36,45.0,406,50,NO
PIZZA PLATE IN BOX,570,2069.82,92,50,NO
PIZZA SLICE DISH,2605,2891.4500000000003,155,50,NO
PLACE SETTING WHITE HEART,12415,5074.98,372,50,NO
PLACE SETTING WHITE STAR,3863,1561.26,398,50,NO
PLANTPOT SINGLE HOOK PISTACHIO,165,182.09,89,50,NO
PLASMATRONIC LAMP,35,435.45,444,50,NO
PLASTERS IN TIN CIRCUS PARADE ,7345,11658.45,215,50,NO
PLASTERS IN TIN MR STRONG ,228,357.0,288,50,NO
PLASTERS IN TIN SKULLS,3548,5772.6,68,50,NO
PLASTERS IN TIN SPACEBOY,7256,11533.2,335,50,NO
PLASTERS IN TIN STRONGMAN,5502,8761.5,149,50,NO
PLASTERS IN TIN VINTAGE PAISLEY ,5481,8642.45,463,50,NO
PLASTERS IN TIN WOODLAND ANIMALS,5742,9205.5,24,50,YES
PLEASE ONE PERSON  METAL SIGN,1787,3524.7000000000003,447,50,NO
PLEASE ONE PERSON METAL SIGN,10705,20986.58,46,50,YES
POCKET BAG BLUE PAISLEY RED SPOT,599,1065.95,179,50,NO
POCKET BAG PINK PAISELY BROWN SPOT,406,723.15,168,50,NO
"POCKET MIRROR ""GLAMOROUS""",90,112.5,283,50,NO
POCKET MIRROR BUTTERFLY ,2,2.5,249,50,NO
POCKET MIRROR WOODLAND,115,143.75,219,50,NO
POLKA DOT PEN,1248,1060.8,69,50,NO
POLKA DOT PISTACHIO PAIL,279,566.22,86,50,NO
POLKA DOT RAFFIA FOOD COVER,849,2236.95,319,50,NO
POLKADOT COFFEE CUP & SAUCER PINK,8,23.6,400,50,NO
POLKADOT CUTLERY 24 PCS IN TRAY,617,6307.15,77,50,NO
POLKADOT MUG PINK ,128,192.96,278,50,NO
POLKADOT PEN,4918,4005.58,361,50,NO
POLKADOT PENS,48,40.8,345,50,NO
POLKADOT RAIN HAT ,1258,470.76,149,50,NO
POLYESTER FILLER PAD 30CMx30CM,144,180.0,234,50,NO
POLYESTER FILLER PAD 40x40cm,1915,2776.75,191,50,NO
POLYESTER FILLER PAD 45x30cm,144,208.79999999999998,277,50,NO
POLYESTER FILLER PAD 45x45cm,1497,2320.35,121,50,NO
POLYESTER FILLER PAD 60x40cm,18,45.9,228,50,NO
POLYESTER FILLER PAD 65CMx65CM,197,837.25,310,50,NO
POMPOM CURTAIN,324,1591.8000000000002,373,50,NO
POP ART PEN CASE & PENS,10587,1015.59,490,50,NO
POP ART PUSH DOWN RUBBER ,2044,167.28,305,50,NO
POP'S GREASY SPOON METAL SIGN,86,141.9,135,50,NO
POP-ART FLUORESCENT PENS,6192,388.8,283,50,NO
POPART COL BALLPOINT PEN ASST,4298,182.58,169,50,NO
POPART RECT PENCIL SHARPENER ASST,39,16.38,319,50,NO
POPART WOODEN PENCILS ASST,400,48.0,461,50,NO
"POPCORN HOLDER , LARGE",954,1524.5,55,50,NO
"POPCORN HOLDER , SMALL ",3070,2344.2999999999997,472,50,NO
POPPY'S PLAYHOUSE BATHROOM,1032,2074.2,352,50,NO
POPPY'S PLAYHOUSE BEDROOM ,1635,3325.5,496,50,NO
POPPY'S PLAYHOUSE KITCHEN,1699,3459.9,306,50,NO
POPPY'S PLAYHOUSE LIVINGROOM ,1323,2670.3,322,50,NO
PORCELAIN BUDAH INCENSE HOLDER,1123,94.30000000000001,330,50,NO
PORCELAIN BUTTERFLY OIL BURNER,951,2354.2500000000005,227,50,NO
PORCELAIN CHERUB BELL LARGE,19,31.349999999999998,125,50,NO
PORCELAIN CHERUB BELL SMALL,321,134.82,465,50,NO
PORCELAIN HANGING BELL LARGE,26,50.7,177,50,NO
PORCELAIN HANGING BELL SMALL,67,97.15,140,50,NO
PORCELAIN ROSE LARGE ,1484,1734.1599999999999,74,50,NO
PORCELAIN ROSE SMALL,1539,1266.55,419,50,NO
PORCELAIN T-LIGHT HOLDERS ASSORTED,1417,1656.05,31,50,YES
POSTAGE,2212,48741.08,164,50,NO
POSY CANDY BAG,4027,1087.75,419,50,NO
POSY SHOPPER BAG,1513,586.25,415,50,NO
POTTERING IN THE SHED METAL SIGN,5403,9587.57,155,50,NO
POTTERING MUG,1798,2217.86,487,50,NO
POTTING SHED CANDLE CITRONELLA,455,1337.45,22,50,YES
POTTING SHED COFFEE MUG,1245,1430.85,163,50,NO
POTTING SHED ROSE CANDLE,315,926.8500000000001,49,50,YES
POTTING SHED SEED ENVELOPES,690,816.9,256,50,NO
POTTING SHED SEED TIN,164,523.0,298,50,NO
POTTING SHED SOW 'N' GROW SET,529,1540.25,367,50,NO
POTTING SHED TEA MUG,6570,7595.7,134,50,NO
POTTING SHED TWINE,1352,2467.98,123,50,NO
PREMIUM CHURCH CANDLE,247,479.34000000000003,137,50,NO
PRICE'S CANDLE PEACH,1050,116.5,24,50,YES
PSYCHEDELIC METAL SIGN CALENDAR,963,251.25,487,50,NO
PSYCHEDELIC TILE COASTER,42,52.5,379,50,NO
PSYCHEDELIC TILE HOOK,29,60.9,267,50,NO
PSYCHEDELIC WALL THERMOMETER,633,750.55,383,50,NO
PURPLE ACRYLIC FACETED BANGLE,27,79.65,340,50,NO
PURPLE AMETHYST NECKLACE W TASSEL,11,109.44999999999999,140,50,NO
PURPLE ANEMONE ARTIFICIAL FLOWER,401,372.89000000000004,305,50,NO
PURPLE BERTIE GLASS BEAD BAG CHARM,28,58.800000000000004,168,50,NO
PURPLE BOUDICCA LARGE BRACELET,13,90.35000000000001,103,50,NO
PURPLE CHUNKY GLASS+BEAD NECKLACE,13,155.35,473,50,NO
PURPLE CURRENT CANDLE RING,31,12.61,425,50,NO
PURPLE DRAWERKNOB ACRYLIC EDWARDIAN,566,708.94,485,50,NO
PURPLE DRESS JEWELLERY STAND,1,2.95,475,50,NO
PURPLE ENAMEL FLOWER HAIR TIE,2,5.9,250,50,NO
PURPLE ENAMEL FLOWER RING,44,129.8,307,50,NO
PURPLE ENAMEL+GLASS HAIR COMB,89,161.7,180,50,NO
PURPLE FINE BEAD NECKLACE W TASSEL,7,41.65,291,50,NO
PURPLE FOXGLOVE ARTIIFCIAL FLOWER,315,464.85,479,50,NO
PURPLE FRANGIPANI HAIRCLIP,56,47.599999999999994,57,50,NO
PURPLE FRANGIPANI NECKLACE,4,10.2,245,50,NO
PURPLE GEMSTONE BRACELET,40,358.0,161,50,NO
PURPLE GEMSTONE NECKLACE 45CM,14,178.5,311,50,NO
PURPLE GLASS TASSLE BAG CHARM,31,91.45000000000002,170,50,NO
PURPLE GREEN FLOWER PIGGY BANK,359,664.35,133,50,NO
PURPLE LAS VEGAS BRACELET ROUND,10,37.5,256,50,NO
PURPLE LEAVES AND BEADS PHONE CHAR,3,3.75,85,50,NO
PURPLE PAPER PARASOL,592,1652.0000000000002,380,50,NO
PURPLE PILLAR CANDLE BLACK FLOCK,313,413.35,360,50,NO
PURPLE SWEETHEART BRACELET,78,331.5,277,50,NO
PURPLE TINT ACRYLIC FLOWER VASE,24,20.4,494,50,NO
PURPLE VINTAGE EARRINGS,34,127.5,268,50,NO
PURPLE/BLUE CERAMIC CANDLE HOLDER,12,19.799999999999997,476,50,NO
PURPLE/COPPER HANGING LAMPSHADE,3,2.55,468,50,NO
PURPLE/TURQ FLOWERS HANDBAG,207,276.25,350,50,NO
QUEEN OF SKIES LUGGAGE TAG,179,216.91,342,50,NO
QUEEN OF THE SKIES HOLIDAY PURSE ,1034,265.5,199,50,NO
QUEEN OF THE SKIES PASSPORT COVER ,126,264.6,209,50,NO
RABBIT  DESIGN  COTTON TOTE BAG,279,609.75,426,50,NO
RABBIT EASTER DECORATION,12,35.400000000000006,173,50,NO
RAIN GIRL CHILDS UMBRELLA,1,3.25,215,50,NO
RAIN HAT WITH RED SPOTS,4288,1548.96,485,50,NO
RAIN PONCHO ,1564,1199.8,330,50,NO
RAIN PONCHO RETROSPOT,1530,1156.5,281,50,NO
RAIN PONCHO WITH RED SPOTS,4462,3288.7,438,50,NO
RAINBOW PEGS PHOTO CLIP STRING,121,78.65,425,50,NO
RAINY LADIES BIRTHDAY CARD,2935,1175.82,446,50,NO
RASPBERRY ANT COPPER FLOWER NECKLAC,14,83.3,162,50,NO
RASTA IN BATH W SPLIFF ASHTRAY,8,6.8,361,50,NO
RATTLE SNAKE EGGS,660,481.8,335,50,NO
RECIPE BOX BLUE SKETCHBOOK DESIGN,1365,3892.3500000000004,120,50,NO
RECIPE BOX PANTRY YELLOW DESIGN,2418,6897.900000000001,263,50,NO
RECIPE BOX RETRO SPOT DESIGN,952,2674.0000000000005,31,50,YES
RECIPE BOX RETROSPOT ,1134,3230.1000000000004,258,50,NO
RECIPE BOX WITH METAL HEART,1057,8046.150000000001,68,50,NO
"RECORD FRAME 7"" SINGLE SIZE ",3350,7338.3,61,50,NO
RECTANGULAR SHAPED MIRROR,150,236.22000000000003,185,50,NO
RECYCLED PENCIL WITH RABBIT ERASER,2510,524.1,101,50,NO
RECYCLING BAG RETROSPOT ,8411,16417.85,448,50,NO
RED   ACRYLIC FACETED BANGLE,19,56.050000000000004,310,50,NO
RED  EGG  SPOON,299,125.58,177,50,NO
RED  HARMONICA IN BOX ,16049,18054.47,235,50,NO
RED  SPOTTY COFFEE  MUG,692,1297.8,177,50,NO
RED 3 PIECE MINI DOTS CUTLERY SET,4051,14609.91,481,50,NO
RED 3 PIECE RETROSPOT CUTLERY SET,938,3465.66,153,50,NO
RED AND WHITE SPOT TAPE,434,282.1,86,50,NO
RED BABY BUNTING ,1163,3370.85,355,50,NO
RED BIRD HOUSE TREE DECORATION,548,358.28,26,50,YES
RED BOUDICCA LARGE BRACELET,39,266.6,455,50,NO
RED CHARLIE+LOLA PERSONAL DOORSIGN,1142,644.7,33,50,YES
RED COAT RACK PARIS FASHION,108,484.2,92,50,NO
RED DAISY PAPER LAMPSHADE,271,325.07,418,50,NO
RED DAISY POCKET BOOK ,5159,734.75,424,50,NO
RED DINER WALL CLOCK,447,3656.7,182,50,NO
RED DRAGONFLY HELICOPTER,29,230.55,85,50,NO
RED DRAWER KNOB ACRYLIC EDWARDIAN,632,791.44,366,50,NO
RED ENAMEL FLOWER RING,37,109.15000000000002,149,50,NO
RED ENCHANTED FOREST PLACEMAT,544,885.6,438,50,NO
RED FLOCK LOVE HEART PHOTO FRAME,570,479.82,485,50,NO
RED FLORAL FELTCRAFT SHOULDER BAG,1260,4593.6,225,50,NO
RED FLOWER CROCHET FOOD COVER,566,2112.9,295,50,NO
RED GINGHAM ROSE JEWELLERY BOX,4494,7280.7,485,50,NO
RED GINGHAM TEDDY BEAR ,1102,3086.1000000000004,275,50,NO
RED GLASS TASSLE BAG CHARM,20,59.00000000000001,285,50,NO
RED HANGING HEART T-LIGHT HOLDER,9855,27300.61,44,50,YES
RED HANGING METAL STAR TLIGHT HLDR,923,3199.17,469,50,NO
RED HEART CANDY POP LIGHTS,1,4.95,300,50,NO
RED HEART LUGGAGE TAG,447,556.47,272,50,NO
RED HEART SHAPE LOVE BUCKET ,1354,3850.3,329,50,NO
RED HEARTS LIGHT CHAIN ,119,533.1899999999999,308,50,NO
RED KITCHEN SCALES,962,7896.5,183,50,NO
RED KUKUI COCONUT SEED NECKLACE,10,59.5,114,50,NO
RED LOVE HEART SHAPE CUP,2111,1750.6699999999998,289,50,NO
RED METAL BEACH SPADE ,2415,2815.15,340,50,NO
RED ORGANIC CANDLE IN GLASS,613,627.05,129,50,NO
RED PAPER PARASOL,915,2520.05,355,50,NO
RED PEONY CUSHION COVER ,292,401.8,329,50,NO
RED PEONY DES C/COVER ,13,60.45,257,50,NO
RED PEONY PHOTO FRAME ,8,37.2,400,50,NO
RED PEONY TABLE CLOCK,17,152.14999999999998,455,50,NO
RED POLKA DOT TISSUE BOX,943,1076.15,406,50,NO
RED POLKADOT BEAKER ,54,90.89999999999999,444,50,NO
RED POLKADOT COFFEE  MUG,45,94.5,409,50,NO
RED POLKADOT PUDDING BOWL,3679,539.34,44,50,YES
RED POPPY ARTIFICIAL FLOWER,233,215.93,160,50,NO
RED PUDDING SPOON,190,79.8,136,50,NO
RED PURSE WITH PINK HEART,89,107.65,411,50,NO
RED REINDEER STRING OF 20 LIGHTS,131,605.75,424,50,NO
RED RETRO BAR STOOL,26,970.7,471,50,NO
RED RETROSPOT APRON ,361,1913.95,44,50,YES
RED RETROSPOT BIG BOWL,41,202.95000000000002,98,50,NO
RED RETROSPOT BOWL,851,1009.03,87,50,NO
RED RETROSPOT BUTTER DISH,853,4100.55,192,50,NO
RED RETROSPOT CAKE STAND,2625,26374.19,463,50,NO
RED RETROSPOT CHARLOTTE BAG,2502,2030.5,31,50,YES
RED RETROSPOT CHILDRENS UMBRELLA,366,1183.5,307,50,NO
RED RETROSPOT CUP,739,603.1899999999999,147,50,NO
RED RETROSPOT JUMBO BAG ,5333,9289.35,115,50,NO
RED RETROSPOT LUGGAGE TAG,152,190.0,111,50,NO
RED RETROSPOT MINI CASES,391,2945.25,160,50,NO
RED RETROSPOT MUG,2022,5588.1,50,50,NO
RED RETROSPOT OVEN GLOVE ,1422,1625.5,353,50,NO
RED RETROSPOT OVEN GLOVE DOUBLE,465,1323.7500000000002,39,50,YES
RED RETROSPOT PEG BAG,845,1631.0,165,50,NO
RED RETROSPOT PICNIC BAG,2546,7126.7,496,50,NO
RED RETROSPOT PLATE ,303,512.0699999999999,335,50,NO
RED RETROSPOT PUDDING BOWL,400,1679.0,466,50,NO
RED RETROSPOT PURSE ,147,428.8500000000001,409,50,NO
RED RETROSPOT ROUND CAKE TINS,329,3153.5499999999997,179,50,NO
RED RETROSPOT SHOPPER BAG,1412,1632.0,368,50,NO
RED RETROSPOT SHOPPING BAG,106,270.3,62,50,NO
RED RETROSPOT SMALL MILK JUG,2495,6108.45,273,50,NO
RED RETROSPOT STORAGE JAR,992,3628.56,149,50,NO
RED RETROSPOT SUGAR JAM BOWL,1618,3874.8,79,50,NO
RED RETROSPOT TAPE,125,81.25000000000001,170,50,NO
RED RETROSPOT TEA CUP AND SAUCER ,812,2993.88,486,50,NO
RED RETROSPOT TISSUE BOX,405,290.25,306,50,NO
RED RETROSPOT TOASTRACK,104,349.8,24,50,YES
RED RETROSPOT TRADITIONAL TEAPOT ,1871,12908.49,486,50,NO
RED RETROSPOT UMBRELLA,803,4405.85,437,50,NO
RED RETROSPOT WASHBAG,30,63.0,285,50,NO
RED RETROSPOT WRAP ,3900,1562.0,364,50,NO
RED ROSE AND LACE C/COVER,187,551.6500000000001,149,50,NO
RED SHARK HELICOPTER,96,763.2,401,50,NO
RED SPOT CERAMIC DRAWER KNOB,4928,5816.32,286,50,NO
RED SPOT HEART HOT WATER BOTTLE,2362,11031.1,197,50,NO
RED SPOTS  WRAP ,12650,5105.0,272,50,NO
RED SPOTTY APRON ,764,4292.3,434,50,NO
RED SPOTTY BEAKER ,85,165.75,75,50,NO
RED SPOTTY BIG BOWL,408,2002.8000000000002,482,50,NO
RED SPOTTY BISCUIT TIN,2673,9420.25,476,50,NO
RED SPOTTY BOWL,4383,5145.87,490,50,NO
RED SPOTTY CANDY BAG,4626,1154.9,102,50,NO
RED SPOTTY CHARLOTTE BAG,10648,8468.4,412,50,NO
RED SPOTTY CHILDS APRON,2434,4482.6,118,50,NO
RED SPOTTY CHILDS UMBRELLA,1430,4464.5,168,50,NO
RED SPOTTY COIR DOORMAT,1097,6538.75,348,50,NO
RED SPOTTY CUP,4473,3649.17,175,50,NO
RED SPOTTY EGG CUP ,909,1081.53,209,50,NO
RED SPOTTY LUGGAGE TAG,876,1090.44,390,50,NO
RED SPOTTY OVEN GLOVE ,2556,3095.44,282,50,NO
RED SPOTTY OVEN GLOVE DOUBLE,1232,3408.4,99,50,NO
RED SPOTTY PASSPORT COVER,1,2.1,419,50,NO
RED SPOTTY PEG BAG,2561,4858.62,271,50,NO
RED SPOTTY PLATE ,3135,5015.91,116,50,NO
RED SPOTTY PUDDING BOWL,3818,827.04,279,50,NO
RED SPOTTY PURSE ,698,2051.9,279,50,NO
RED SPOTTY ROUND CAKE TINS,1415,13458.25,122,50,NO
RED SPOTTY SHOPPER BAG,6659,7711.95,59,50,NO
RED SPOTTY SHOPPING BAG,671,1708.3500000000001,292,50,NO
RED SPOTTY TABLECLOTH ,370,3832.5,120,50,NO
RED SPOTTY WASHBAG,542,1133.28,378,50,NO
RED STAR CARD HOLDER,1128,3190.8,399,50,NO
RED STONE/CRYSTAL EARRINGS,6,17.700000000000003,327,50,NO
RED STRIPE CERAMIC DRAWER KNOB,4422,5309.22,240,50,NO
RED TEA TOWEL CLASSIC DESIGN,1706,2059.54,327,50,NO
RED TOADSTOOL LED NIGHT LIGHT,14985,23050.65,439,50,NO
RED TOP SCANDINAVIAN HEART ,4,1.52,143,50,NO
RED VICTORIAN FABRIC HEART BOX,288,102.63,441,50,NO
RED VICTORIAN FABRIC OVAL BOX,1052,382.43,250,50,NO
RED WALL CLOCK,60,459.0,197,50,NO
RED WHITE SCARF  HOT WATER BOTTLE,2157,7914.150000000001,82,50,NO
RED WOOLLY HOTTIE WHITE HEART.,6550,21692.260000000002,135,50,NO
RED/CREAM STRIPE CUSHION COVER ,578,714.9,210,50,NO
RED/CREAM STRIPE FRINGE HAMMOCK,325,2483.75,81,50,NO
RED/WHITE DOT MINI CASES,1109,7859.75,275,50,NO
RED/WHITE DOTS RUFFLED UMBRELLA,3405,14796.15,26,50,YES
RED/WHITE SPOT PICNIC BAG,1091,2974.45,174,50,NO
REDWHITE STRIPE SCANDINAVIAN HEART ,375,142.5,111,50,NO
REGENCY CAKESTAND 3 TIER,12484,143727.6,489,50,NO
REGENCY MIRROR WITH SHUTTERS,8,1200.0,33,50,YES
RELAX LARGE WOOD LETTERS,76,1170.2,474,50,NO
RESIN BRACELET W PASTEL BEADS,15,74.25,248,50,NO
RESIN NECKLACE W PASTEL BEADS,15,112.5,105,50,NO
"RETRO ""TEA FOR ONE"" ",108,501.0,152,50,NO
RETRO BLUE SPOTTY WASHING UP GLOVES,846,1326.6000000000001,202,50,NO
RETRO BROWN BALL ASHTRAY ,154,182.9,405,50,NO
RETRO COFFEE MUGS ASSORTED,4753,5408.87,81,50,NO
RETRO LAUNDRY TUB PINK,60,510.0,238,50,NO
RETRO LAUNDRY TUB PISTACHIO,85,722.5,424,50,NO
RETRO LONGBOARD IRONING BOARD COVER,27,101.25,265,50,NO
RETRO MOD TRAY,576,449.28,249,50,NO
RETRO PINK BALL ASHTRAY ,307,364.55,98,50,NO
RETRO PINK SPOT WASHING UP GLOVES,187,391.1,168,50,NO
RETRO PLASTIC 70'S TRAY,490,291.29,157,50,NO
RETRO PLASTIC DAISY TRAY,444,220.88,490,50,NO
RETRO PLASTIC ELEPHANT TRAY,463,393.54999999999995,333,50,NO
RETRO PLASTIC POLKA TRAY,1051,509.59999999999997,395,50,NO
RETRO RED SPOTTY WASHING UP GLOVES,3011,5747.46,442,50,NO
RETRO SISTERS EXPRESSO CUPS,400,436.00000000000006,408,50,NO
RETRO SPORT PARTY BAG + STICKER SET,3339,5122.15,84,50,NO
RETRO SPOT  CIGAR BOX MATCHES ,3101,3648.25,32,50,YES
RETRO SPOT CAKE STAND,1431,15083.449999999999,232,50,NO
RETRO SPOT CANDLE  LARGE,272,672.0,493,50,NO
RETRO SPOT CANDLE  MEDIUM,248,502.80000000000007,261,50,NO
RETRO SPOT CANDLE  SMALL,365,599.57,232,50,NO
RETRO SPOT CERAMIC TOASTRACK,358,1199.1000000000001,200,50,NO
RETRO SPOT GIANT  TUBE MATCHES,1295,3034.9500000000003,357,50,NO
RETRO SPOT LAMP,490,4718.9,192,50,NO
RETRO SPOT LARGE MILK JUG,1600,7561.6,179,50,NO
RETRO SPOT MUG,1396,3878.2000000000003,183,50,NO
RETRO SPOT PADDED SEAT CUSHION,467,1657.65,484,50,NO
RETRO SPOT PARTY BAG + STICKER SET,933,1395.45,207,50,NO
RETRO SPOT SMALL MILK JUG,1637,3969.15,414,50,NO
RETRO SPOT SMALL TUBE MATCHES,2001,3176.85,210,50,NO
RETRO SPOT STORAGE JAR,675,2439.09,424,50,NO
RETRO SPOT SUGAR JAM BOWL,853,2034.75,327,50,NO
RETRO SPOT TEA SET CERAMIC 11 PC ,4304,19921.27,275,50,NO
RETRO SPOT TRADITIONAL TEAPOT ,960,7149.0,202,50,NO
RETRO SPOTS BUTTER DISH,830,3793.5,136,50,NO
RETRO SPOTS PUDDING BOWL,281,1162.25,301,50,NO
RETROSPOT BABUSHKA DOORSTOP,50,187.5,215,50,NO
RETROSPOT CANDLE  LARGE,435,456.45,53,50,NO
RETROSPOT CANDLE  MEDIUM,376,372.0,71,50,NO
RETROSPOT CANDLE  SMALL,744,556.32,131,50,NO
RETROSPOT CHILDRENS APRON,3640,6406.8,271,50,NO
RETROSPOT CIGAR BOX MATCHES ,717,868.89,101,50,NO
RETROSPOT GIANT TUBE MATCHES,601,1370.55,251,50,NO
RETROSPOT HEART HOT WATER BOTTLE,1819,8445.45,246,50,NO
RETROSPOT LAMP,153,1504.95,252,50,NO
RETROSPOT LARGE MILK JUG,330,1574.7,240,50,NO
RETROSPOT PADDED SEAT CUSHION,942,3413.7,455,50,NO
RETROSPOT PARTY BAG + STICKER SET,1270,1970.6999999999998,432,50,NO
RETROSPOT RED WASHING UP GLOVES,498,1016.2800000000001,441,50,NO
RETROSPOT SMALL TUBE MATCHES,773,1255.45,61,50,NO
RETROSPOT TEA SET CERAMIC 11 PC ,1535,7296.55,40,50,YES
REX CASH+CARRY JUMBO SHOPPER,2130,2023.5,61,50,NO
RHOMBUS CRYSTAL PERFUME BOTTLE,6,11.7,416,50,NO
RIBBON REEL CHRISTMAS PRESENT ,1861,2998.65,132,50,NO
RIBBON REEL CHRISTMAS SOCK BAUBLE,1464,2367.6,124,50,NO
RIBBON REEL FLORA + FAUNA ,872,1436.8,211,50,NO
RIBBON REEL HEARTS DESIGN ,3056,4896.4,36,50,YES
RIBBON REEL LACE DESIGN ,2542,5215.7,139,50,NO
RIBBON REEL MAKING SNOWMEN ,1259,2053.35,412,50,NO
RIBBON REEL POLKADOTS ,477,787.05,444,50,NO
RIBBON REEL SNOWY VILLAGE,2157,3463.05,148,50,NO
RIBBON REEL SOCKS AND MITTENS,688,1111.2,149,50,NO
RIBBON REEL SPOTS DESIGN ,2157,3509.05,79,50,NO
RIBBON REEL STRIPES DESIGN ,4486,7231.9,67,50,NO
"RIBBON REEL, MAKING SNOWMEN ",60,99.0,48,50,YES
"RIBBON REEL, XMAS SOCK/BAUBLE",700,1131.0,116,50,NO
RIBBONS PURSE ,557,1083.6,29,50,YES
RIDGED GLASS FINGER BOWL,201,277.05,261,50,NO
RIDGED GLASS PENDANT LAMPSHADE,43,680.8499999999999,333,50,NO
RIDGED GLASS POSY VASE ,704,963.1999999999999,463,50,NO
RIDGED GLASS STORAGE JAR CREAM LID,140,516.36,251,50,NO
RIDGED GLASS T-LIGHT HOLDER,354,230.1,296,50,NO
RING OF ROSES BIRTHDAY CARD,2065,826.26,303,50,NO
RIO PINK STRIPE HAMMOCK,10,79.5,222,50,NO
RIVIERA NECKLACE,37,183.15,266,50,NO
ROBIN CHRISTMAS CARD,1533,635.22,309,50,NO
ROBOT BIRTHDAY CARD,3088,1288.32,283,50,NO
ROBOT MUG IN DISPLAY BOX,273,327.57,462,50,NO
ROCKING HORSE GREEN CHRISTMAS ,2036,1655.72,233,50,NO
ROCKING HORSE RED CHRISTMAS ,3321,2710.5299999999997,219,50,NO
ROMANTIC IMAGES GIFT WRAP SET,652,534.0,452,50,NO
ROMANTIC IMAGES NOTEBOOK SET,234,346.5,98,50,NO
ROMANTIC IMAGES SCRAP BOOK SET,370,588.3,420,50,NO
ROMANTIC PINKS RIBBONS ,1767,2206.47,463,50,NO
ROSE 1 WICK MORRIS BOXED CANDLE,139,574.91,362,50,NO
ROSE 3 WICK MORRIS BOX CANDLE,219,907.87,363,50,NO
ROSE CARAVAN DOORSTOP,649,4233.55,192,50,NO
ROSE COLOUR PAIR HEART HAIR SLIDES,18,67.5,486,50,NO
ROSE COTTAGE KEEPSAKE BOX ,360,3326.7999999999997,88,50,NO
ROSE DES PADDED FLOOR CUSHION,653,2090.68,435,50,NO
ROSE DU SUD CHILDRENS APRON,26,110.5,447,50,NO
ROSE DU SUD CHILDS APRON,79,335.75,468,50,NO
ROSE DU SUD COSMETICS BAG,572,1306.0,106,50,NO
ROSE DU SUD CUSHION COVER,9,57.15,120,50,NO
ROSE DU SUD CUSHION COVER ,66,326.7,27,50,YES
ROSE DU SUD DRAWSTRING BAG,97,412.25,352,50,NO
ROSE DU SUD OVEN GLOVE,102,300.90000000000003,219,50,NO
ROSE DU SUD WASHBAG ,44,261.8,106,50,NO
ROSE FLOWER CANDLE+INCENSE 16X16CM,29,108.75,62,50,NO
ROSE FOLKART HEART DECORATIONS,1444,1167.56,404,50,NO
ROSE PINK METAL FOLDING CHAIR,42,333.90000000000003,128,50,NO
ROSE SCENT CANDLE IN JEWELLED BOX,612,2532.36,454,50,NO
ROSE SCENT CANDLE JEWELLED DRAWER,192,805.44,427,50,NO
ROSE SCENT CANDLES IN GLASS,614,498.49999999999994,171,50,NO
ROSE SCENTED VOTIVE CANDLE,24,6.959999999999999,36,50,YES
ROSES BLUE BASE CUSHION COVER ,12,19.8,152,50,NO
ROSES IN WHITE HEART CANDLE ,1805,958.21,167,50,NO
ROSES ON BLUE TEACUP CANDLE ,536,905.84,296,50,NO
ROSES REGENCY TEACUP AND SAUCER ,3020,8195.0,251,50,NO
ROSES WHITE ROUND CANDLE,826,351.62,333,50,NO
ROTATING LEAVES T-LIGHT HOLDER,1661,2125.55,434,50,NO
ROTATING SILVER ANGELS T-LIGHT HLDR,21579,40156.05,385,50,NO
ROUND ARTICULATED BLUE CLOCK W/SUCK,3,2.55,247,50,NO
ROUND ARTICULATED PINK CLOCK W/SUCK,5,4.25,158,50,NO
ROUND BLUE CLOCK W/SUCKER,48,36.6,455,50,NO
ROUND CACTUS CANDLE,287,517.85,418,50,NO
ROUND CAKE TIN VINTAGE GREEN,218,1685.1000000000001,230,50,NO
ROUND CAKE TIN VINTAGE RED,365,2793.75,410,50,NO
ROUND CONTAINER SET OF 5 RETROSPOT,3370,5229.1,47,50,YES
ROUND FOOD CONTAINER S/5 RETROSPOT,36,59.400000000000006,70,50,NO
ROUND GEORGIAN SILVER MIRROR,135,419.25000000000006,461,50,NO
ROUND PINK HEART MIRROR,156,327.6,280,50,NO
ROUND PURPLE CLOCK W/SUCKER,86,68.9,280,50,NO
"ROUND SNACK BOXES ,SET 4, FRUITS ",84,247.8,369,50,NO
"ROUND SNACK BOXES ,SET4, WOODLAND ",66,194.70000000000002,371,50,NO
ROUND SNACK BOXES SET OF 4 FRUITS ,7521,20296.95,27,50,YES
ROUND SNACK BOXES SET OF 4 SKULLS,1826,5170.700000000001,339,50,NO
ROUND SNACK BOXES SET OF4 WOODLAND ,6745,18678.550000000003,157,50,NO
ROUND WHITE CONFETTI IN TUBE,69,113.85,57,50,NO
RUBY DROP CHANDELIER EARRINGS,8,30.0,130,50,NO
RUBY GLASS CLUSTER BRACELET,29,172.55,499,50,NO
RUBY GLASS CLUSTER EARRINGS,1,1.25,387,50,NO
RUBY GLASS CLUSTER NECKLACE,9,67.5,239,50,NO
RUSSIAN FOLKART STACKING TINS,1,4.95,356,50,NO
RUSTIC  SEVENTEEN DRAWER SIDEBOARD,6,950.0,242,50,NO
"RUSTIC WOODEN CABINET, GLASS DOORS",178,3287.72,155,50,NO
S/12 MINI RABBIT EASTER,128,211.2,275,50,NO
S/12 VANILLA  BOTANICAL T-LIGHTS,403,1181.65,379,50,NO
S/15 SILVER GLASS BAUBLES IN BAG,1573,1897.85,428,50,NO
S/16 BLACK SHINY/MAT BAUBLES,48,20.16,348,50,NO
S/16 VINTAGE BLACK CUTLERY,199,2278.0499999999997,469,50,NO
S/16 VINTAGE IVORY CUTLERY,276,3420.0,482,50,NO
S/16 VINTAGE PISTACHIO CUTLERY,215,2482.0499999999997,453,50,NO
S/16 VINTAGE RED CUTLERY,253,2836.95,470,50,NO
S/16 VINTAGE ROSE CUTLERY,133,1652.55,68,50,NO
S/16 VINTAGE SKY BLUE CUTLERY,49,624.75,311,50,NO
S/2 BEACH HUT STOOLS,26,206.70000000000002,401,50,NO
S/2 BEACH HUT TREASURE CHESTS,302,661.7,343,50,NO
S/2 HYACINTH BULB CANDLES,1,2.55,97,50,NO
S/2 ZINC HEART DESIGN PLANTERS,50,491.5,124,50,NO
S/3 COLOURS FLOCK TEA TOWELS,1,2.55,188,50,NO
S/3 ENGLISH LAVENDER SQU CANDLE,11,18.15,236,50,NO
S/3 FLWR FAIRY LAVENDER CANDLES,444,949.95,397,50,NO
S/3 FLWR FAIRY LILLY CANDLES,312,666.9000000000001,138,50,NO
S/3 FLWR FAIRY ROSE CANDLES,42,99.9,209,50,NO
S/3 FLWR FAIRY SUMMER CANDLES,144,302.40000000000003,274,50,NO
S/3 FRENCH VANILLA SQU CANDLE,26,42.9,389,50,NO
S/3 PINK COL METAL BASKET W HANDLE,122,900.3000000000001,285,50,NO
S/3 PINK SQUARE PLANTERS ROSES,33,361.34999999999997,168,50,NO
S/3 POT POURI CUSHIONS BLUE COLOURS,22,46.2,183,50,NO
S/3 PUPPIES CHRISTMAS DECORATIONS,101,174.05,159,50,NO
S/3 RABBIT FLOWER/EGG/CARROT ROPE,123,104.55,366,50,NO
S/3 ROSE GARDEN SCENT SQU CANDLE,1,1.65,277,50,NO
S/3 TEAR DROP CUT GLASS DECORATION,429,320.25,393,50,NO
S/4 BLACK DINNER CANDLE SILVER FLOC,661,676.71,288,50,NO
S/4 BLACK DISCO PARTITION PANEL,3,12.75,200,50,NO
S/4 BLACK LOVEBIRD COASTERS,10,25.5,179,50,NO
S/4 BLACK MINI ROSE CANDLE IN BOWL,195,144.63,370,50,NO
S/4 BLUE DINNER CANDLE SILVER FLOCK,413,508.95,419,50,NO
S/4 BLUE ROUND DECOUPAGE BOXES,8294,4445.139999999999,307,50,NO
S/4 BURGUNDY WINE DINNER CANDLES,777,453.33,307,50,NO
S/4 CACTI CANDLES,847,3894.4500000000003,399,50,NO
S/4 CONTEMPORY PINK ROSEBUD CANDLES,8,16.8,245,50,NO
S/4 CONTEMPORY RED ROSEBUD CANDLES,9,10.9,30,50,YES
S/4 FESTIVE GREEN DINNER CANDLES,717,378.33,29,50,YES
S/4 FESTIVE RED DINNER CANDLES,234,292.5,290,50,NO
S/4 GROOVY CAT MAGNETS,137,226.04999999999998,292,50,NO
"S/4 ICON COASTER,ELVIS LIVES",26,32.5,443,50,NO
S/4 IVORY MINI ROSE CANDLE IN BOWL,769,826.77,421,50,NO
S/4 PINK DINNER CANDLE SILVER FLOCK,389,468.87,202,50,NO
S/4 PINK FLOWER CANDLES IN BOWL,1100,1786.2,476,50,NO
S/4 PISTACHIO LOVEBIRD COASTERS,68,95.39999999999999,172,50,NO
S/4 PURPLE DINNER CANDLE BLK FLOCK,636,660.12,334,50,NO
S/4 ROSE    BOTANICAL  CANDLE,126,469.5,353,50,NO
S/4 ROSE PINK DINNER CANDLES,165,161.85,143,50,NO
S/4 SKY BLUE DINNER CANDLES,157,151.85,492,50,NO
S/4 VALENTINE DECOUPAGE HEART BOX,592,1688.8000000000002,133,50,NO
S/5 MINI ICE CREAM FRIDGE MAGNETS,1992,625.1999999999999,297,50,NO
S/6 CHRISTMAS TREE PLACE SETTING,1,3.75,433,50,NO
"S/6 HALLOWEEN GHOST T LIGHTS, 5CM H",1036,435.12,487,50,NO
S/6 MULTICOLOUR ORNAMENETAL CANDLE,171,176.75,232,50,NO
S/6 PAPER BOXES BLOSSOM IMAGES ,15,63.75,191,50,NO
S/6 PAPER BOXES CURIOUS IMAGES ,36,127.2,307,50,NO
S/6 PAPER BOXES ROMANTIC IMAGES,15,63.75,454,50,NO
S/6 PINK EASTER DECS IN BOX,105,89.25,193,50,NO
S/6 SCANDINAVIAN HEART T-LIGHT,1,2.55,132,50,NO
S/6 SEW ON CROCHET FLOWERS,57,71.25,395,50,NO
S/6 SILVER ORNAMENETAL CANDLE,97,82.45,424,50,NO
S/6 WOODEN SKITTLES IN COTTON BAG,2263,6209.150000000001,141,50,NO
S/60 PINK FLUFFY CHICKS IN BOX,82,179.1,51,50,NO
SALLE DE BAIN HOOK,1702,2075.54,241,50,NO
SALT AND PEPPER SHAKERS TOADSTOOLS,393,477.57,138,50,NO
SANDALWOOD FAN,2603,1729.35,58,50,NO
SANDALWOOD INCENSE IN TIN,16,20.0,287,50,NO
SANDWICH BATH SPONGE,2087,2608.75,252,50,NO
SAVE THE PLANET COTTON TOTE BAG,1687,3471.75,450,50,NO
SAVE THE PLANET MUG,5969,6516.85,37,50,YES
SAVOY ART DECO CLOCK,166,2001.3,168,50,NO
SCALLOP SHELL SOAP DISH,1613,777.3,416,50,NO
SCANDINAVIAN 3 HEARTS NAPKIN RING,322,209.3,168,50,NO
SCANDINAVIAN PAISLEY PICNIC BAG,1065,2936.15,145,50,NO
SCANDINAVIAN REDS RIBBONS,3358,4142.78,411,50,NO
SCENTED CANDLE IN DIGITALIS TIN,190,399.0,321,50,NO
SCENTED VELVET LOUNGE CANDLE ,2316,1078.44,379,50,NO
SCHOOL DESK AND CHAIR ,4,260.0,257,50,NO
SCOTTIE DOG HOT WATER BOTTLE,5184,24062.7,154,50,NO
SCOTTIE DOGS BABY BIB,68,85.0,170,50,NO
SCOTTIE DOGS CHILDRENS OVERALL,3,6.300000000000001,255,50,NO
SCOTTIES CHILDRENS APRON,395,601.35,243,50,NO
SCOTTIES DES CHILD'S APRON,236,389.4,222,50,NO
SCOTTIES DESIGN BABY BIB,101,126.25,275,50,NO
SCOTTIES DESIGN CHILD'S OVERALL,44,92.4,105,50,NO
SCOTTIES DESIGN WASHBAG,222,432.9,169,50,NO
SCOTTS ROSES TILE COASTER,54,67.5,254,50,NO
SCULPTED ROUND IVORY CANDLE ,44,9.24,364,50,NO
SEAGRASS S/2 CORNER LAUNDRY ,4,51.9,41,50,YES
SEAGRASS S/3 SQU LAUNDRY BOX,11,110.0,367,50,NO
SEASIDE FLYING DISC,721,869.33,304,50,NO
SEASIDE FRISBEE ,303,360.51,288,50,NO
SEASIDE STRIPE HAMMOCK,179,1387.05,485,50,NO
SET 10 LIGHTS NIGHT OWL,1051,6769.45,277,50,NO
SET 12 KIDS  WHITE CHALK STICKS,3835,1589.1,48,50,YES
SET 12 KIDS COLOUR  CHALK STICKS,7226,2913.96,232,50,NO
SET 12 LAVENDER  BOTANICAL T-LIGHTS,740,2096.6000000000004,482,50,NO
SET 12 PEAR BOTANICAL T-LIGHTS,529,1493.3500000000001,455,50,NO
SET 12 RETRO WHITE CHALK STICKS,6157,2483.7,302,50,NO
SET 12 WILDFLOWER BOTANICAL T-LIGHT,676,1912.6000000000001,69,50,NO
SET 20 NAPKINS FAIRY CAKES DESIGN ,2406,1803.1799999999998,114,50,NO
SET 3 JARDIN DE FEMME SCENT CANDLES,359,499.81,482,50,NO
"SET 3 RED SPOT TIN TEA,COFFEE,SUGAR",1426,6605.1,426,50,NO
"SET 3 RETROSPOT TEA,COFFEE,SUGAR",272,1262.4,107,50,NO
SET 3 WICKER LOG BASKETS,397,7320.15,63,50,NO
SET 3 WICKER OVAL BASKETS W LIDS,26,482.7,480,50,NO
SET 3 WICKER STORAGE BASKETS ,13,312.35,297,50,NO
SET 4 EASTER DECOUPAGE OVAL BOXES,14,41.300000000000004,190,50,NO
SET 4 NURSERY DES ROUND BOXES,2992,1223.2,440,50,NO
SET 5 MINI CHOCOLATE FRIDGE MAGNETS,108,82.44,208,50,NO
SET 5 MINI DOUGHNUT FRIDGE MAGNET ,372,295.08000000000004,372,50,NO
SET 5 MINI GATEAUX  FRIDGE MAGNETS,2636,918.6800000000001,203,50,NO
SET 6 FOOTBALL CELEBRATION CANDLES,1487,1390.27,22,50,YES
SET 7 BABUSHKA NESTING BOXES,1920,15315.300000000001,210,50,NO
SET 72 CAKE CASES VINTAGE CHRISTMAS,672,291.6,137,50,NO
SET OF 12  VINTAGE POSTCARD SET,587,676.05,38,50,YES
SET OF 12 LILY BOTANICAL T-LIGHTS,735,2110.65,42,50,YES
SET OF 12 MINI BUNNIES IN A BUCKET,1635,888.0600000000001,432,50,NO
SET OF 12 ROSE BOTANICAL T-LIGHTS,1559,4311.05,49,50,YES
SET OF 16 VINTAGE BLACK CUTLERY,29,369.75,314,50,NO
SET OF 16 VINTAGE IVORY CUTLERY,2,25.5,127,50,NO
SET OF 16 VINTAGE PISTACHIO CUTLERY,51,650.25,386,50,NO
SET OF 16 VINTAGE RED CUTLERY,28,357.0,300,50,NO
SET OF 16 VINTAGE ROSE CUTLERY,75,913.05,147,50,NO
SET OF 16 VINTAGE SKY BLUE CUTLERY,30,382.5,248,50,NO
SET OF 2 CHRISTMAS DECOUPAGE CANDLE,164,200.44,130,50,NO
SET OF 2 FANCY FONT TEA TOWELS,1053,3042.3500000000004,155,50,NO
SET OF 2 ROUND TINS CAMEMBERT ,650,1845.5000000000002,381,50,NO
SET OF 2 ROUND TINS DUTCH CHEESE,457,1319.3500000000001,205,50,NO
SET OF 2 TEA TOWELS APPLE AND PEARS,806,2337.7000000000003,163,50,NO
SET OF 2 TEA TOWELS PING MICROWAVE,101,295.55,91,50,NO
SET OF 2 TINS JARDIN DE PROVENCE,326,1596.9,148,50,NO
SET OF 2 TINS VINTAGE BATHROOM ,670,2797.5,383,50,NO
SET OF 2 WOODEN MARKET CRATES,541,6595.349999999999,280,50,NO
SET OF 20 KIDS COOKIE CUTTERS,3426,6491.7,22,50,YES
SET OF 20 VINTAGE CHRISTMAS NAPKINS,7740,5986.8,468,50,NO
SET OF 3 BABUSHKA STACKING TINS,797,3833.15,407,50,NO
SET OF 3 BIRD L.BLUE FEATHER,360,349.2,123,50,NO
SET OF 3 BIRD LIGHT PINK FEATHER ,300,375.0,243,50,NO
SET OF 3 BLACK FLYING DUCKS,779,2809.15,339,50,NO
SET OF 3 BLUE STRIPE BASKET,436,3632.9700000000003,381,50,NO
SET OF 3 BUTTERFLY COOKIE CUTTERS,4379,5200.15,373,50,NO
SET OF 3 CASES WOODLAND DESIGN,927,5298.650000000001,492,50,NO
SET OF 3 CHRISTMAS BRIAR CANDLES,171,602.85,29,50,YES
SET OF 3 COLOURED  FLYING DUCKS,2703,12847.35,424,50,NO
SET OF 3 CONEY ISLAND OVAL BOXES,250,920.7,403,50,NO
SET OF 3 DANISH ROSE PLANTERS,906,1022.5,321,50,NO
SET OF 3 GOLD FLYING DUCKS,225,855.31,250,50,NO
SET OF 3 HEART COOKIE CUTTERS,5111,6274.75,238,50,NO
SET OF 3 NOTEBOOKS IN PARCEL,3763,6036.15,430,50,NO
SET OF 3 PINK FLYING DUCKS,83,349.15,85,50,NO
SET OF 3 RABBIT CARROTS EASTER,78,66.3,444,50,NO
SET OF 3 RABBIT EGG EASTER,33,28.049999999999997,131,50,NO
SET OF 3 RED STRIPE BASKETS,323,2769.44,32,50,YES
SET OF 3 SILVER FLYING DUCKS,136,388.4,412,50,NO
SET OF 3 VINTAGE TEA TIME BOXES,139,376.35,439,50,NO
SET OF 3 WICKER BASKET ROSE,70,561.8,105,50,NO
SET OF 3 WICKER BASKET TEA AND CAKE,27,332.6,253,50,NO
SET OF 36 DINOSAUR PAPER DOILIES,708,1026.6,109,50,NO
SET OF 36 DOILIES SPACEBOY DESIGN ,389,535.25,333,50,NO
SET OF 36 DOILIES VINTAGE CHRISTMAS,444,557.4,73,50,NO
SET OF 36 MUSHROOM PAPER DOILIES,1461,2032.05,31,50,YES
SET OF 36 PAISLEY FLOWER DOILIES,4619,6436.799999999999,228,50,NO
SET OF 36 SILVER PAPER DOILIES,415,601.75,481,50,NO
SET OF 36 TEATIME PAPER DOILIES,4913,6947.25,33,50,YES
SET OF 4 BLACK LOVEBIRD COASTERS,22,56.1,140,50,NO
SET OF 4 CAROUSEL PLACEMATS ,61,78.75,437,50,NO
SET OF 4 DIAMOND NAPKIN RINGS,234,1575.5,456,50,NO
SET OF 4 DOTTY PLACEMATS ,54,183.3,396,50,NO
SET OF 4 ENGLISH ROSE COASTERS,1130,1408.7,39,50,YES
SET OF 4 ENGLISH ROSE PLACEMATS,466,1670.7,94,50,NO
SET OF 4 FAIRY CAKE PLACEMATS,310,1095.3,419,50,NO
SET OF 4 FAIRY CAKE PLACEMATS ,199,733.45,262,50,NO
SET OF 4 FAIRY CAKES COASTERS ,1094,1285.8,242,50,NO
SET OF 4 GREEN CAROUSEL COASTERS,103,41.75,89,50,NO
SET OF 4 NAPKIN CHARM CUTLERY,18,45.900000000000006,331,50,NO
SET OF 4 NAPKIN CHARMS 3 KEYS ,115,293.25,230,50,NO
SET OF 4 NAPKIN CHARMS CROWNS ,111,268.65000000000003,120,50,NO
SET OF 4 NAPKIN CHARMS CUTLERY,753,1869.75,205,50,NO
SET OF 4 NAPKIN CHARMS HEARTS,856,2096.4,151,50,NO
SET OF 4 NAPKIN CHARMS INSTRUMENT,145,355.35,130,50,NO
SET OF 4 NAPKIN CHARMS INSTUMENT   ,12,30.6,400,50,NO
SET OF 4 NAPKIN CHARMS LEAVES   ,226,561.9,151,50,NO
SET OF 4 NAPKIN CHARMS STARS   ,713,1731.75,39,50,YES
SET OF 4 NEW ENGLAND COASTERS ,1092,415.0,413,50,NO
SET OF 4 NEW ENGLAND PLACEMATS,2744,2298.0,43,50,YES
SET OF 4 PASTEL STACKING MUGS,13,33.15,246,50,NO
SET OF 4 PISTACHIO LOVEBIRD COASTER,31,79.05,173,50,NO
SET OF 4 POLKADOT COASTERS,19,23.75,312,50,NO
SET OF 4 POLKADOT PLACEMATS ,19,71.25,249,50,NO
SET OF 4 POLKADOTS COASTERS,109,132.45,488,50,NO
SET OF 4 ROSE BOTANICAL CANDLES,79,296.25,329,50,NO
SET OF 6 3D KIT CARDS FOR KIDS,1326,1127.1,378,50,NO
SET OF 6 CAKE CHOPSTICKS,1580,1765.24,424,50,NO
SET OF 6 DOTS CHOPSTICKS,185,197.05,221,50,NO
SET OF 6 FUNKY BEAKERS,323,945.6500000000001,57,50,NO
SET OF 6 GIRLS CELEBRATION CANDLES,1723,1559.99,449,50,NO
SET OF 6 HALLOWEEN GHOST T-LIGHTS,536,225.12,279,50,NO
SET OF 6 HEART CHOPSTICKS,790,982.94,207,50,NO
SET OF 6 ICE CREAM SKITTLES,216,637.2,76,50,NO
SET OF 6 KASHMIR FOLKART BAUBLES,367,1559.75,448,50,NO
SET OF 6 RIBBONS VINTAGE CHRISTMAS,6011,13452.45,39,50,YES
SET OF 6 SOLDIER SKITTLES,1599,5827.05,292,50,NO
SET OF 6 SPICE TINS PANTRY DESIGN,6,23.700000000000003,138,50,NO
SET OF 6 STRAWBERRY CHOPSTICKS,1758,1992.3000000000002,90,50,NO
SET OF 6 T-LIGHTS CACTI ,122,340.70000000000005,23,50,YES
SET OF 6 T-LIGHTS EASTER CHICKS,81,219.75000000000003,240,50,NO
SET OF 6 T-LIGHTS SANTA,1329,3757.3500000000004,33,50,YES
SET OF 6 T-LIGHTS SNOWMEN,1265,3573.3500000000004,22,50,YES
SET OF 6 T-LIGHTS TOADSTOOLS,554,1562.3000000000002,235,50,NO
SET OF 6 T-LIGHTS WEDDING CAKE ,179,489.65000000000003,248,50,NO
SET OF 6 VINTAGE NOTELETS KIT,934,1013.6999999999999,355,50,NO
SET OF 72 BLACK PAPER DOILIES ,122,176.89999999999998,205,50,NO
SET OF 72 GREEN PAPER DOILIES,545,790.25,74,50,NO
SET OF 72 IVORY PAPER DOILIES,1884,2578.2,407,50,NO
SET OF 72 PINK HEART PAPER DOILIES,3718,5274.37,395,50,NO
SET OF 72 RETRO SPOT PAPER  DOILIES,7488,10423.199999999999,273,50,NO
SET OF 72 RETROSPOT PAPER  DOILIES,1688,2387.7999999999997,43,50,YES
SET OF 72 SKULL PAPER  DOILIES,1520,2069.6,181,50,NO
SET OF 9 BLACK SKULL BALLOONS,3651,2973.35,177,50,NO
SET OF 9 HEART SHAPED BALLOONS,2130,2643.5,101,50,NO
SET OF MEADOW  FLOWER STICKERS,161,375.65000000000003,422,50,NO
SET OF PICTURE FRAME  STICKERS,166,426.70000000000005,178,50,NO
SET OF RED SALAD SERVERS ,400,596.0,207,50,NO
SET OF SALT AND PEPPER TOADSTOOLS,665,803.89,79,50,NO
SET OF SIX SILVER+RED FLOCK BAUBLES,2,1.7,422,50,NO
SET OF SKULL WALL STICKERS,304,699.4,324,50,NO
SET OF THREE 50'S GIFT WRAPS ,598,1047.6,338,50,NO
SET OF THREE VINTAGE GIFT WRAPS,2827,5167.049999999999,385,50,NO
SET/10 BLUE POLKADOT PARTY CANDLES,1168,1405.28,230,50,NO
SET/10 BLUE SPOTTY PARTY CANDLES,4883,5921.35,425,50,NO
SET/10 IVORY POLKADOT PARTY CANDLES,377,471.25,171,50,NO
SET/10 IVORY SPOTTY PARTY CANDLES,1252,1555.88,128,50,NO
SET/10 PINK POLKADOT PARTY CANDLES,1605,1896.81,95,50,NO
SET/10 PINK SPOTTY PARTY CANDLES,5636,6807.88,49,50,YES
SET/10 RED POLKADOT PARTY CANDLES,2457,2907.09,333,50,NO
SET/10 RED SPOTTY PARTY CANDLES,6495,7826.91,136,50,NO
SET/12 FUNKY FELT FLOWER PEG IN BAG,197,413.70000000000005,434,50,NO
SET/12 TAPER CANDLES,600,464.64,375,50,NO
SET/12 ZINC CHRISTMAS DECORATIONS,91,191.10000000000002,211,50,NO
SET/16 WHITE SHINY & MATT BAUBLES,80,47.04,38,50,YES
SET/2 BLUE  NOODLE BASKETS,57,111.14999999999999,451,50,NO
SET/2 CHRISTMAS DECOUPAGE CANDLES,40,50.0,192,50,NO
SET/2 RED RETROSPOT TEA TOWELS ,752,2058.4,247,50,NO
SET/2 RED SPOTTY TEA TOWELS ,2533,7225.150000000001,369,50,NO
SET/2 SPOTTY + ROSE TEA TOWELS ,1,2.55,202,50,NO
SET/2 TEA TOWELS MODERN VINTAGE,1,2.55,132,50,NO
SET/20 COLLAGE PAPER NAPKIN ,759,584.67,202,50,NO
SET/20 FRUIT SALAD PAPER NAPKINS ,7062,1764.3,165,50,NO
SET/20 POSIES PAPER NAPKINS,4,3.4,338,50,NO
SET/20 RED RETROSPOT PAPER NAPKINS ,2722,2112.1,135,50,NO
SET/20 RED SPOTTY PAPER NAPKINS ,15165,11310.21,132,50,NO
SET/20 STRAWBERRY PAPER NAPKINS ,4068,3135.24,270,50,NO
SET/20 WOODLAND PAPER NAPKINS ,2745,1990.53,495,50,NO
SET/3 CHRISTMAS BRIAR CANDLES,88,330.0,270,50,NO
SET/3 CHRISTMAS DECOUPAGE CANDLES,467,556.39,322,50,NO
SET/3 COLOUR PAINTED KASHMIRI STOOL,3,179.85000000000002,478,50,NO
SET/3 DECOUPAGE STACKING TINS,465,2200.95,332,50,NO
SET/3 FLORAL GARDEN TOOLS IN BAG,280,1994.0,137,50,NO
SET/3 OCEAN SCENT CANDLE JEWEL BOX,635,2568.51,320,50,NO
SET/3 POLKA DOT STACKING TINS,249,1215.75,180,50,NO
SET/3 POLKADOT STACKING TINS,32,158.4,420,50,NO
SET/3 POT PLANT CANDLES,113,582.85,217,50,NO
SET/3 RABBITS FLOWER SKIPPPING ROPE,133,113.05,279,50,NO
SET/3 RED GINGHAM ROSE STORAGE BOX,1590,5779.14,167,50,NO
SET/3 ROSE CANDLE IN JEWELLED BOX,509,2058.53,259,50,NO
SET/3 RUSSIAN DOLL STACKING TINS,1866,8864.300000000001,66,50,NO
SET/3 TALL GLASS CANDLE HOLDER PINK,86,699.7,494,50,NO
SET/3 VANILLA SCENTED CANDLE IN BOX,1195,4760.19,418,50,NO
SET/4 2 TONE EGG SHAPE MIXING BOWLS,58,559.5799999999999,217,50,NO
SET/4 BADGES BALLOON GIRL,535,666.85,66,50,NO
SET/4 BADGES BEETLES,336,420.0,97,50,NO
SET/4 BADGES CUTE CREATURES,262,327.5,143,50,NO
SET/4 BADGES DOGS,287,358.75,94,50,NO
SET/4 BADGES WOODLAND ANIMAL,482,564.5,378,50,NO
SET/4 BIRD MIRROR MAGNETS ,236,330.48,156,50,NO
SET/4 BLACK  BAROQUE FLOCK COASTER,20,51.0,109,50,NO
SET/4 BLUE FLOWER CANDLES IN BOWL,2292,3501.0,419,50,NO
SET/4 BUTTERFLY MIRROR MAGNETS,649,537.3,344,50,NO
SET/4 COLOURFUL MIXING BOWLS,38,369.34,80,50,NO
SET/4 DAISY MIRROR MAGNETS,185,140.82,157,50,NO
SET/4 GARDEN ROSE DINNER CANDLE,18,29.7,69,50,NO
SET/4 MODERN VINTAGE COTTON NAPKINS,83,244.85000000000002,278,50,NO
SET/4 PINK ORCHID CANDLES IN BOWL,1818,2397.7799999999997,480,50,NO
SET/4 RED MINI ROSE CANDLE IN BOWL,674,512.1,126,50,NO
SET/4 SCENTED CANDLES IN RAMEKINS,454,592.5,132,50,NO
SET/4 SKULL BADGES,1252,1561.2,369,50,NO
SET/4 SPRING FLOWER DECORATION,95,280.25000000000006,273,50,NO
SET/4 WHITE RETRO STORAGE CUBES ,650,23252.500000000004,137,50,NO
SET/5 BLUE SPOTTY LID GLASS BOWLS,295,787.05,217,50,NO
SET/5 RED RETROSPOT LID GLASS BOWLS,2100,5853.8,356,50,NO
SET/5 RED SPOTTY LID GLASS BOWLS,10238,27778.9,384,50,NO
SET/6  ANGEL T-LIGHTS WHITE/GOLD,652,282.96999999999997,70,50,NO
SET/6 3D KIT CARDS FOR KIDS,545,412.84999999999997,264,50,NO
SET/6 BEAD COASTERS GAUZE BAG GOLD,115,143.75,422,50,NO
SET/6 BLACK BIRD T-LIGHT CANDLES,68,137.88,445,50,NO
SET/6 BLACK GLITTER REINDEER CANDLE,4,3.36,54,50,NO
SET/6 BLACK ROSE T-LIGHT CANDLES,48,81.12,321,50,NO
SET/6 BLACK SNOWFLAKE T-LIGHTS ,387,201.91,429,50,NO
SET/6 CHRISTMAS ICICLE T-LIGHTS,34,42.5,88,50,NO
SET/6 COLLAGE PAPER CUPS,287,186.55,368,50,NO
SET/6 COLLAGE PAPER PLATES,623,339.46999999999997,339,50,NO
SET/6 EAU DE NIL BIRD T-LIGHTS,180,258.0,440,50,NO
SET/6 FROG PRINCE T-LIGHT CANDLES,520,934.8,487,50,NO
SET/6 FRUIT SALAD  PAPER PLATES,14633,2093.09,68,50,NO
SET/6 FRUIT SALAD PAPER CUPS,14927,1377.91,424,50,NO
SET/6 GARDEN GNOME T-LIGHT CANDLES,113,312.55,93,50,NO
SET/6 GINGERBREAD STAR T-LIGHTS,332,415.0,211,50,NO
SET/6 GINGERBREAD TREE T-LIGHTS,6,7.5,280,50,NO
SET/6 GOLD REINDEER T-LIGHT CANDLES,201,225.55,375,50,NO
SET/6 GREEN SPRING  PAPER PLATE,32,27.2,89,50,NO
SET/6 GREEN SPRING PAPER CUPS,87,56.550000000000004,109,50,NO
SET/6 IVORY BIRD T-LIGHT CANDLES,799,1378.32,279,50,NO
SET/6 PINK  BUTTERFLY T-LIGHTS,3649,6978.200000000001,145,50,NO
SET/6 PINK BIRD T-LIGHT CANDLES,220,277.08,250,50,NO
SET/6 POSIES PAPER CUPS,94,61.1,314,50,NO
SET/6 POSIES PAPER PLATES,147,124.94999999999999,438,50,NO
SET/6 PURPLE BUTTERFLY T-LIGHTS,1257,2482.26,148,50,NO
SET/6 RED SPOTTY PAPER CUPS,9481,5657.21,299,50,NO
SET/6 RED SPOTTY PAPER PLATES,10926,7957.799999999999,332,50,NO
SET/6 SILVER REINDEER T-LIGHTS,242,252.2,119,50,NO
SET/6 STRAWBERRY PAPER CUPS,13284,1506.6000000000001,345,50,NO
SET/6 STRAWBERRY PAPER PLATES,12806,1504.94,316,50,NO
SET/6 TURQUOISE BUTTERFLY T-LIGHTS,2429,4686.530000000001,201,50,NO
SET/6 WOODLAND PAPER CUPS,13712,1843.1200000000001,193,50,NO
SET/6 WOODLAND PAPER PLATES,13668,1817.16,335,50,NO
SET/9 CHRISTMAS T-LIGHTS SCENTED ,689,833.89,383,50,NO
SET3 BOOK BOX GREEN GINGHAM FLOWER ,1703,6620.75,207,50,NO
SEWING BOX RETROSPOT DESIGN ,174,2793.2999999999997,76,50,NO
SEWING SUSAN 21 NEEDLE SET,1792,1341.76,50,50,NO
SHAKER THROW  QUILTED,52,811.8,103,50,NO
SHOE SHINE BOX ,188,1847.3999999999999,171,50,NO
SHOPPING BAG DOORSTOP,69,104.25,492,50,NO
"SILICON CUBE 25W, BLUE",1,0.42,55,50,NO
SILICON STAR BULB  BLUE,12,5.04,232,50,NO
SILK PURSE BABUSHKA BLUE,281,941.35,433,50,NO
SILK PURSE BABUSHKA PINK,410,1373.5,427,50,NO
SILK PURSE BABUSHKA RED,512,1691.2,383,50,NO
SILK PURSE RUSSIAN DOLL BLUE,371,1218.8500000000001,125,50,NO
SILK PURSE RUSSIAN DOLL PINK,447,1449.45,433,50,NO
SILK PURSE RUSSIAN DOLL RED,575,1854.25,361,50,NO
SILVER  CANDLEPOT JARDIN ,244,914.2,239,50,NO
SILVER 2 STRAND NECKLACE-LEAF CHARM,6,45.0,410,50,NO
SILVER APERITIF GLASS,79,162.32000000000002,182,50,NO
SILVER BLACK ORBIT BRACELET,6,29.7,458,50,NO
SILVER BLACK ORBIT DROP EARRINGS,8,34.0,239,50,NO
SILVER BLUE EGG T-LIGHT HOLDER,483,189.89,289,50,NO
SILVER BOOK MARK WITH BEADS,68,57.8,139,50,NO
SILVER BRACELET W PASTEL FLOWER,36,265.0,413,50,NO
SILVER CHARM NECKLACE 70CM,60,450.0,355,50,NO
SILVER CHERRY LIGHTS,59,338.45000000000005,419,50,NO
SILVER CHRISTMAS TREE BAUBLE STAND ,174,2833.2999999999997,201,50,NO
SILVER DIAMANTE PEN IN GIFT BOX,428,858.6,498,50,NO
SILVER DISCO HANDBAG,161,312.55,125,50,NO
SILVER DROP EARRINGS WITH FLOWER,24,90.0,236,50,NO
SILVER FABRIC MIRROR,408,278.4,224,50,NO
SILVER FINCH DECORATION,187,206.39000000000001,89,50,NO
SILVER FISHING GNOME ,60,377.0,63,50,NO
SILVER FLOWR PINK SHELL NECKLACE,8,60.0,348,50,NO
SILVER GLASS T-LIGHT SET,139,410.05000000000007,320,50,NO
SILVER GLITTER FLOWER VOTIVE HOLDER,1489,478.85,247,50,NO
SILVER HANGING T-LIGHT HOLDER,7258,11254.5,203,50,NO
SILVER HANGING T-LIGHT HOLDER DOME,268,442.2,126,50,NO
SILVER HEART COMPACT MIRROR,7,26.25,103,50,NO
SILVER HOOP EARRINGS WITH FLOWER,29,172.55,357,50,NO
SILVER JEWELLED MIRROR TRINKET TRAY,29,288.54999999999995,269,50,NO
SILVER LARIAT 40CM,10,127.5,382,50,NO
SILVER LARIAT BLACK STONE EARRINGS,13,55.25,460,50,NO
SILVER LATTICE VANILLA CANDLE POT,484,1796.28,40,50,YES
SILVER LOOKING MIRROR,9,44.55,215,50,NO
SILVER M.O.P ORBIT BRACELET,14,69.3,197,50,NO
SILVER M.O.P ORBIT DROP EARRINGS,16,68.0,436,50,NO
SILVER MINI TAPE MEASURE ,1379,1079.85,494,50,NO
SILVER MONTE CARLO HANDBAG,8,68.0,26,50,YES
SILVER MUG BONE CHINA TREE OF LIFE,522,992.3,89,50,NO
SILVER OVAL JEWELLED MIRROR,21,124.95,146,50,NO
SILVER OVAL SHAPE TRINKET BOX,19,189.04999999999998,418,50,NO
SILVER PHOTO FRAME,221,344.09999999999997,485,50,NO
SILVER PLATE CANDLE BOWL LARGE,446,1619.58,179,50,NO
SILVER PLATE CANDLE BOWL SMALL,576,1699.2000000000003,267,50,NO
SILVER PURSE GOLD PINK BUTTERFLY,4,6.6,222,50,NO
SILVER RETRODISC LAMPSHADE,605,1211.75,167,50,NO
SILVER ROCCOCO CHANDELIER,58,968.3,491,50,NO
SILVER ROCOCO CANDELABRA,7,89.25,162,50,NO
SILVER ROCOCO CANDLE STICK,54,297.3,451,50,NO
SILVER SKULL HOT WATER BOTTLE ,179,662.61,218,50,NO
SILVER SLEIGHBELL  WREATH,18,143.1,424,50,NO
SILVER STANDING GNOME   ,41,174.25,445,50,NO
SILVER T-LIGHT SETTING,120,758.0,173,50,NO
SILVER TEDDY BEAR,161,363.75,395,50,NO
SILVER VANILLA  FLOWER CANDLE POT,246,885.06,403,50,NO
SILVER VANILLA FLOWER CANDLE POT,240,898.56,161,50,NO
SILVER WASHBAG,30,88.50000000000001,332,50,NO
SILVER WINE GOBLET,2,9.3,184,50,NO
SILVER/AMETHYST DROP EARRINGS LEAF,24,70.80000000000001,333,50,NO
SILVER/BLACK ORBIT NECKLACE,19,189.04999999999998,40,50,YES
SILVER/BLACK PENDANT ORBIT NECKLACE,6,51.0,101,50,NO
SILVER/CRYSTAL DROP EARRINGS W LEAF,12,35.400000000000006,88,50,NO
SILVER/M.O.P PENDANT ORBIT NECKLACE,8,68.0,150,50,NO
SILVER/MOP ORBIT NECKLACE,20,199.0,106,50,NO
SILVER/NAT SHELL NECKLACE W PENDANT,1,5.95,237,50,NO
SILVER/NATURAL SHELL NECKLACE,11,93.5,440,50,NO
SINGLE HEART ZINC T-LIGHT HOLDER,10882,9707.18,491,50,NO
SIX STRING SCANDINAVIAN HEART DECS,83,244.85000000000002,324,50,NO
SKULL AND CROSSBONES  GARLAND ,2513,3828.0499999999997,422,50,NO
SKULL DESIGN TV DINNER TRAY,417,1866.5500000000002,390,50,NO
SKULL LUNCH BOX WITH CUTLERY ,1711,4087.65,364,50,NO
SKULL LUNCHBOX WITH CUTLERY ,250,592.5,360,50,NO
SKULL SHOULDER BAG,1991,3109.15,403,50,NO
SKULLS  DESIGN  COTTON TOTE BAG,874,1139.8999999999999,415,50,NO
SKULLS  STICKERS,3693,2912.85,464,50,NO
SKULLS  WATER TRANSFER TATTOOS ,3932,3123.0,444,50,NO
SKULLS AND CROSSBONES WRAP,3315,1360.3,180,50,NO
SKULLS DESIGN FLANNEL,1161,556.65,197,50,NO
SKULLS GREETING CARD,3038,1214.76,136,50,NO
SKULLS PARTY BAG + STICKER SET,3103,4734.349999999999,215,50,NO
SKULLS SQUARE TISSUE BOX,222,277.5,402,50,NO
SKULLS STORAGE BOX LARGE,383,740.09,346,50,NO
SKULLS STORAGE BOX SMALL,373,551.7,105,50,NO
SKULLS TAPE,330,213.3,308,50,NO
SKULLS WRAP,3350,1403.0,100,50,NO
SKULLS WRITING SET ,992,1634.4,171,50,NO
SKY BLUE COLOUR GLASS GEMS IN BAG,84,56.28,80,50,NO
SLATE TILE NATURAL HANGING,2373,3790.65,80,50,NO
SLEEPING CAT ERASERS,5656,1165.26,373,50,NO
SMALL BLUE PROVENCAL CERAMIC BALL,27,44.55,47,50,YES
SMALL CAMPHOR WOOD FIELD  MUSHROOM,358,383.09999999999997,461,50,NO
SMALL CHINESE STYLE SCISSOR,17041,5503.22,62,50,NO
SMALL CHOCOLATES PINK BOWL,310,387.5,188,50,NO
SMALL CHUNKY GLASS ROMAN  BOWL,521,854.5500000000001,442,50,NO
SMALL DOLLY MIX DESIGN ORANGE BOWL,1069,1290.65,105,50,NO
SMALL FAIRY CAKE FRIDGE MAGNETS,12236,6875.0,196,50,NO
SMALL FOLDING SCISSOR(POINTED EDGE),251,62.75,36,50,YES
SMALL FOLKART CHRISTMAS TREE DEC,135,34.62,117,50,NO
SMALL FOLKART STAR CHRISTMAS DEC,1036,435.12,473,50,NO
SMALL GLASS HEART TRINKET POT,6928,13480.800000000001,217,50,NO
SMALL GLASS ROSE SCENTED CANDLE,4,15.0,117,50,NO
SMALL GLASS SUNDAE DISH CLEAR,259,427.35,84,50,NO
SMALL GREEN PEONY FOLDING STOOL,262,602.6,349,50,NO
SMALL HAMMERED SILVER CANDLEPOT ,495,1457.8500000000001,360,50,NO
SMALL HANGING GLASS+ZINC LANTERN,166,240.7,24,50,YES
SMALL HANGING IVORY/RED WOOD BIRD,3207,1321.02,21,50,YES
SMALL HEART FLOWERS HOOK ,4639,3761.7099999999996,41,50,YES
SMALL HEART MEASURING SPOONS,3495,2927.72,131,50,NO
SMALL KITCHEN FLOWER POTS PLAQUE,337,582.15,76,50,NO
SMALL LICORICE DES PINK BOWL,493,602.57,85,50,NO
SMALL MARAKESH LANTERN ON STICK,55,206.25,349,50,NO
SMALL MARAKESH METAL  LANTERN ,114,354.5,117,50,NO
SMALL MARSHMALLOWS PINK BOWL,891,1072.71,163,50,NO
SMALL MEDINA STAMPED METAL BOWL ,940,723.4,387,50,NO
SMALL ORIENTAL BLUE FOLDING STOOL,282,615.4,454,50,NO
SMALL ORIENTAL RED FOLDING STOOL,237,540.75,144,50,NO
SMALL PINK GLASS SUNDAE DISH,180,297.0,186,50,NO
SMALL PINK MAGIC CHRISTMAS TREE,1097,594.05,105,50,NO
SMALL PINK PEONY FOLDING STOOL,189,401.3,95,50,NO
SMALL POLKADOT CHOCOLATE GIFT BAG ,482,409.7,363,50,NO
"SMALL POP BOX,FUNKY MONKEY",309,347.85,443,50,NO
SMALL POPCORN HOLDER,25703,19518.21,313,50,NO
SMALL PURPLE BABUSHKA NOTEBOOK ,2007,1646.67,463,50,NO
SMALL RED BABUSHKA NOTEBOOK ,1904,1559.12,78,50,NO
SMALL RED RETROSPOT MUG IN BOX ,566,2096.58,157,50,NO
SMALL RED RETROSPOT WINDMILL,1923,2298.87,118,50,NO
SMALL RED SPOT  WINDMILL,742,886.46,211,50,NO
SMALL REGAL  SILVER CANDLEPOT ,261,769.9500000000002,262,50,NO
SMALL RETRO SPOT MUG IN BOX  RED,317,1188.75,338,50,NO
SMALL RETRO SPOT MUG IN BOX  WHITE,379,1395.33,68,50,NO
SMALL ROUND CUT GLASS CANDLESTICK,140,648.2,467,50,NO
SMALL SILVER FLOWER CANDLE POT,307,896.0500000000001,51,50,NO
SMALL SILVER TRELLIS CANDLEPOT,532,1569.4000000000003,410,50,NO
SMALL SINGLE FLAME CANDLE HOLDER,18,6.299999999999999,296,50,NO
SMALL SKULL WINDMILL,1546,1761.5,39,50,YES
SMALL SPOTTY CHOCOLATE GIFT BAG ,1049,881.5699999999999,173,50,NO
SMALL SQUARE CUT GLASS CANDLESTICK,69,341.55,402,50,NO
SMALL STRIPES CHOCOLATE GIFT BAG ,1600,839.68,87,50,NO
SMALL TAHITI BEACH BAG,457,1802.49,385,50,NO
SMALL TALL CAMPHOR WOOD TOADSTOOL,393,426.45,391,50,NO
SMALL WHITE RETROSPOT MUG IN BOX ,430,1586.58,233,50,NO
SMALL WHITE/PINK ROSE ART FLOWER,281,171.97,162,50,NO
SMALL YELLOW BABUSHKA NOTEBOOK ,1283,1068.71,395,50,NO
SMALL ZINC/GLASS CANDLEHOLDER,392,261.52,251,50,NO
SMALLFOLKART BAUBLE CHRISTMAS DEC,2929,733.38,232,50,NO
SMOKEY GREY COLOUR D.O.F. GLASS,112,72.8,98,50,NO
SNOWFLAKE PORTABLE TABLE LIGHT ,364,1073.8000000000002,233,50,NO
SNOWSTORM PHOTO FRAME FRIDGE MAGNET,935,757.31,135,50,NO
SOAP DISH BROCANTE,419,1178.45,111,50,NO
SOFT PINK ROSE TOWEL ,77,358.05,289,50,NO
SOLDIERS EGG CUP ,568,710.0,430,50,NO
SOMBRERO ,5149,6728.15,400,50,NO
SPACE BOY BIRTHDAY CARD,805,333.78000000000003,187,50,NO
SPACE BOY GIFT WRAP,775,325.5,77,50,NO
SPACE CADET BLACK,88,106.2,303,50,NO
SPACE CADET RED,109,132.45,45,50,YES
SPACE CADET WHITE,105,129.35,388,50,NO
SPACE FROG,132,165.0,466,50,NO
SPACE OWL,258,322.5,85,50,NO
SPACEBOY BIRTHDAY CARD,8556,3400.56,428,50,NO
SPACEBOY CHILDRENS EGG CUP,104,130.0,267,50,NO
SPACEBOY GIFT WRAP,7265,2993.3,273,50,NO
SPACEBOY LUNCH BOX ,6723,12130.65,406,50,NO
SPACEBOY TV DINNER TRAY,652,2929.0,475,50,NO
SPHERICAL IVORY CANDLE ,82,34.44,63,50,NO
SPOTS DESIGN MUG W PINK INSIDE,784,1129.44,116,50,NO
SPOTS MUG,426,744.2999999999998,61,50,NO
SPOTS ON RED BOOKCOVER TAPE,46,19.32,246,50,NO
SPOTTED WHITE NATURAL SEED NECKLACE,5,29.75,281,50,NO
SPOTTY  HOME SWEET HOME DOORMAT,650,3785.5,186,50,NO
SPOTTY COCKEREL DOORSTOP,1,4.25,455,50,NO
SPOTTY COFFEE CUP & SAUCER,28,82.60000000000001,298,50,NO
SPOTTY PINK DUCK DOORSTOP,362,1277.58,108,50,NO
SPRIG LAVENDER ARTIFICIAL FLOWER,447,359.55,398,50,NO
"SPRING DEC , HANGING CHICK  GREEN",1087,1396.1499999999999,197,50,NO
"SPRING DEC , HANGING CHICK  YELLOW",1550,2009.8999999999999,446,50,NO
"SPRING DEC , HANGING CHICK CREAM",1872,2419.2,422,50,NO
SPRING FLOWER CHOPSTICKS SET/5,857,1581.1499999999999,216,50,NO
SQUARE CHERRY BLOSSOM CABINET,327,1561.65,326,50,NO
SQUARE FLOOR CUSHION VINTAGE PINK ,5,39.75,286,50,NO
SQUARE FLOOR CUSHION VINTAGE RED,47,373.65000000000003,287,50,NO
SQUARE METAL CANDLEHOLDER BASE,125,75.53,93,50,NO
SQUARE MIRROR CURTAIN,207,1434.18,27,50,YES
SQUARECUSHION COVER PINK UNION FLAG,57,384.75,427,50,NO
ST GEORGE SET OF 10 PARTY LIGHTS,49,144.55,495,50,NO
ST TROPEZ NECKLACE,8,39.6,316,50,NO
STANDING FAIRY POLE SUPPORT ,431,347.63,183,50,NO
STANDING METAL RABBIT WITH EGG,657,1168.2,104,50,NO
STAR  T-LIGHT HOLDER ,502,725.5,91,50,NO
STAR DECORATION PAINTED ZINC ,1386,872.1,74,50,NO
STAR DECORATION RUSTIC,3558,1494.3600000000001,412,50,NO
STAR PORTABLE TABLE LIGHT ,1106,3089.9000000000005,66,50,NO
STAR WOODEN CHRISTMAS DECORATION,2221,1837.93,418,50,NO
STARFISH SOAP DISH,102,260.09999999999997,451,50,NO
STARS GIFT TAPE ,733,475.25000000000006,257,50,NO
STEEL SWEETHEART ROUND TABLE CREAM,96,1400.55,123,50,NO
STRAWBERRIES  DESIGN FLANNEL ,1305,679.05,229,50,NO
STRAWBERRIES PRINT BOWL,5,6.25,61,50,NO
STRAWBERRY   PICNIC BAG,2221,6171.95,335,50,NO
STRAWBERRY BATH SPONGE ,2237,2705.05,487,50,NO
STRAWBERRY CAKE TEAPOT,16,79.2,473,50,NO
STRAWBERRY CANDY BAG,1659,524.25,287,50,NO
STRAWBERRY CERAMIC TRINKET BOX,25330,29694.86,405,50,NO
STRAWBERRY CHARLOTTE BAG,7768,6195.9,282,50,NO
STRAWBERRY DREAM CHILDS UMBRELLA,484,1534.0,355,50,NO
STRAWBERRY FAIRY CAKE TEAPOT,1471,7018.25,406,50,NO
STRAWBERRY HONEYCOMB  GARLAND ,851,1394.55,384,50,NO
STRAWBERRY LUNCH BOX WITH CUTLERY,2768,6666.0,278,50,NO
STRAWBERRY LUNCHBOX WITH CUTLERY,1402,3236.7,302,50,NO
STRAWBERRY RAFFIA FOOD COVER,740,2659.8,133,50,NO
STRAWBERRY SCENTED SET/9 T-LIGHTS,815,661.55,382,50,NO
STRAWBERRY SHOPPER BAG,3332,3938.9,59,50,NO
STRAWBERY SWIRL FLARE CANDLE,24,50.400000000000006,436,50,NO
STRAWBRY SCENTED VOTIVE CANDLE,1320,353.99999999999994,239,50,NO
STRING CRYSTALS NATURAL,272,340.0,148,50,NO
STRING OF 20 ROSE LIGHTS,262,2962.5,27,50,YES
"STRING OF 8 BUTTERFLIES,PINK",340,538.05,120,50,NO
STRING OF STARS CARD HOLDER,238,620.5000000000001,435,50,NO
STRIPES DESIGN MONKEY DOLL,1288,1543.8,399,50,NO
STRIPES DESIGN TEDDY,110,280.5,195,50,NO
STRIPEY CHOCOLATE NESTING BOXES,604,1346.6000000000001,126,50,NO
STRIPY DESIGN SHOWER CAP,890,421.29999999999995,120,50,NO
SUKI  SHOULDER BAG,3285,5118.25,279,50,NO
SUMMER BUTTERFLIES BAG CHARM,31,79.05,497,50,NO
SUMMER DAISIES BAG CHARM,18,45.9,473,50,NO
SUMMER FUN DESIGN SHOWER CAP,978,346.97999999999996,385,50,NO
SUNFLOWER DECORATIVE PARASOL,40,510.0,265,50,NO
SUNSET CHECK HAMMOCK,124,949.8000000000001,294,50,NO
SUNSET COLOUR CHUNKY KNITTED THROW,28,474.59999999999997,51,50,NO
SWALLOW CIGAR BOX MATCHES ,1390,1628.06,156,50,NO
SWALLOW GIANT TUBE MATCHES,1115,2573.25,31,50,YES
SWALLOW SMALL TUBE MATCHES,1,1.65,414,50,NO
SWALLOW SQUARE TISSUE BOX,460,515.24,321,50,NO
SWALLOW WOODEN CHRISTMAS DECORATION,1699,1419.19,394,50,NO
SWALLOWS GREETING CARD,7135,2882.94,35,50,YES
SWEET PUDDING STICKER SHEET,230,195.5,148,50,NO
SWEET VALENCIA CANDLE+CUP,131,154.63,82,50,NO
SWEETHEART CAKESTAND 3 TIER,449,4206.55,128,50,NO
SWEETHEART CARRY-ALL BASKET,260,2169.2,394,50,NO
SWEETHEART CERAMIC TRINKET BOX,12932,15168.64,40,50,YES
SWEETHEART CREAM STEEL FOLDIN BENCH,203,4049.85,177,50,NO
SWEETHEART CREAM STEEL FOLDIN CHAIR,1,14.95,288,50,NO
SWEETHEART CREAM STEEL TABLE RECT,127,2533.65,181,50,NO
SWEETHEART KEY CABINET,1478,8201.7,279,50,NO
SWEETHEART RECIPE BOOK STAND,416,2705.6,431,50,NO
SWEETHEART WIRE FRUIT BOWL,45,372.3,121,50,NO
SWEETHEART WIRE MAGAZINE RACK,72,558.0,242,50,NO
SWEETHEART WIRE WALL TIDY,30,301.7,78,50,NO
SWEETIES  STICKERS,786,668.1,266,50,NO
SWIRLY CIRCULAR RUBBERS IN BAG,583,191.5,147,50,NO
SWISS CHALET TREE DECORATION ,538,374.74,302,50,NO
"SWISS ROLL TOWEL, CHOCOLATE  SPOTS",440,1262.0000000000002,344,50,NO
"SWISS ROLL TOWEL, PINK  SPOTS",840,2444.4000000000005,44,50,YES
T-LIGHT GLASS FLUTED ANTIQUE,1789,2099.4500000000003,150,50,NO
T-LIGHT HOLDER HANGING LACE,1424,1704.76,372,50,NO
T-LIGHT HOLDER SWEETHEART HANGING,391,740.85,215,50,NO
T-LIGHT HOLDER WHITE LACE,742,593.26,300,50,NO
TABLE LAMP WHITE SHADE WOOD BASE,137,682.55,423,50,NO
TABLECLOTH RED APPLES DESIGN ,257,2099.5,437,50,NO
TALL ROCOCO CANDLE HOLDER,39,331.5,173,50,NO
TEA BAG PLATE RED RETROSPOT,1249,1014.85,401,50,NO
TEA BAG PLATE RED SPOTTY ,6866,5496.02,152,50,NO
TEA COSY BLUE STRIPE,370,916.5,246,50,NO
TEA COSY RED  STRIPE,916,2144.1,208,50,NO
TEA COSY VINTAGE UNION JACK,988,3885.93,495,50,NO
TEA CUP AND SAUCER RETRO SPOT,614,2218.98,496,50,NO
TEA FOR ONE POLKADOT,233,966.25,284,50,NO
TEA PARTY  WRAPPING PAPER ,4100,1674.0,391,50,NO
TEA PARTY BIRTHDAY CARD,6751,2738.22,453,50,NO
TEA TIME BREAKFAST BASKET,170,357.0,153,50,NO
TEA TIME CAKE STAND IN GIFT BOX,2384,23784.8,230,50,NO
TEA TIME DES TEA COSY,1230,2902.05,79,50,NO
TEA TIME KITCHEN APRON,1563,8192.25,447,50,NO
TEA TIME MUG IN GIFT BOX,806,2300.9,396,50,NO
TEA TIME OVEN GLOVE,3064,3683.7,414,50,NO
TEA TIME PAPER LANTERNS,334,630.5,469,50,NO
TEA TIME PARTY BUNTING,3351,13950.45,450,50,NO
TEA TIME TABLE CLOTH,752,7252.8,383,50,NO
TEA TIME TEA SET IN GIFT BOX,337,2318.15,383,50,NO
TEA TIME TEA TOWELS ,2541,7318.35,476,50,NO
TEA TIME TEAPOT IN GIFT BOX,489,4194.11,232,50,NO
TEACUP AND SAUCER REGENCY GREEN,174,472.5,235,50,NO
TEACUP AND SAUCER REGENCY PINK,144,384.0,245,50,NO
TEACUP AND SAUCER REGENCY ROSES,210,566.7,489,50,NO
TEAL/FUSCHIA COL BEAD NECKLACE,9,44.55,150,50,NO
TEATIME CAKE TIN WITH HANDLE,230,2168.5,95,50,NO
TEATIME FUNKY FLOWER BACKPACK FOR 2,4,67.8,495,50,NO
TEATIME GEL PENS ASST,2640,460.8,305,50,NO
TEATIME PEN CASE & PENS,9886,989.9799999999999,493,50,NO
TEATIME PENCIL W STAMP ASST,938,82.2,296,50,NO
TEATIME PENCIL WITH RUBBER,122,30.5,175,50,NO
TEATIME PUSH DOWN RUBBER,343,144.06,267,50,NO
TEATIME ROUND CAKE TINS ,4,39.8,237,50,NO
TEATIME ROUND PENCIL SHARPENER ,1977,311.94,209,50,NO
TEXRIO TOMATOES CANDLE+CUP,118,142.94,436,50,NO
THE KING GIFT BAG,8066,542.74,488,50,NO
THE KING GIFT BAG 25x24x12cm,60,25.2,182,50,NO
THREE CANVAS LUGGAGE TAGS,25,17.55,199,50,NO
TIGRIS EYE CHUNKY CHARM BRACELET,27,241.64999999999998,53,50,NO
TIN CAN BISCUITS DESIGN,48,60.0,60,50,NO
TIN CAN CONFECTIONERY DESIGN,12,15.0,326,50,NO
TIN CAN HOUSEKEEPING DESIGN,24,30.0,450,50,NO
TIN CAN KINGS CHOICE DESIGN,36,45.0,357,50,NO
TIN CAN POCKET MONEY DESIGN,24,30.0,333,50,NO
TINY CRYSTAL BRACELET BLUE,17,43.35,94,50,NO
TINY CRYSTAL BRACELET GREEN,17,43.35,460,50,NO
TINY CRYSTAL BRACELET RED,18,45.9,298,50,NO
TINY CRYSTALS BRACELET BLACK,6,15.3,195,50,NO
TOADSTOOL MONEY BOX,1080,3126.0000000000005,403,50,NO
TOAST ITS - BEST MUM,1705,1977.65,169,50,NO
TOAST ITS - DINOSAUR,1295,1611.67,292,50,NO
TOAST ITS - FAIRY FLOWER,862,1070.3,344,50,NO
TOAST ITS - HAPPY BIRTHDAY,715,886.55,127,50,NO
TOAST ITS - I LOVE YOU ,2633,3109.25,158,50,NO
TOILET METAL SIGN,4435,2373.29,369,50,NO
TOMATO CHARLIE+LOLA COASTER SET,668,1767.4,290,50,NO
TOOL BOX SOFT TOY ,186,1664.7,366,50,NO
TOOTHPASTE TUBE PEN,1127,702.5500000000001,438,50,NO
TOP SECRET PEN SET,1164,1174.1999999999998,308,50,NO
TOTE BAG I LOVE LONDON,467,929.86,231,50,NO
TOXIC AREA  DOOR HANGER ,913,782.17,400,50,NO
TOY TIDY DOLLY GIRL DESIGN,669,1310.9,291,50,NO
TOY TIDY PINK POLKADOT,1385,2690.0,437,50,NO
TOY TIDY PINK RETROSPOT  ,4279,8393.1,85,50,NO
TOY TIDY SPACEBOY  ,3517,6809.15,443,50,NO
TOYBOX  WRAP ,1075,451.5,267,50,NO
TRADITIONAL CHRISTMAS RIBBONS,3063,3774.0299999999997,175,50,NO
TRADITIONAL KNITTING NANCY,2497,3522.25,66,50,NO
TRADITIONAL MODELLING CLAY,6749,7955.17,442,50,NO
TRADITIONAL WOODEN CATCH CUP GAME ,4460,5283.92,473,50,NO
TRADITIONAL WOODEN SKIPPING ROPE,3896,4703.5599999999995,220,50,NO
TRANQUILITY MASALA INCENSE,242,50.82,167,50,NO
TRANSPARENT ACRYLIC TAPE DISPENSER,881,230.45,143,50,NO
TRAVEL SEWING KIT,4707,7432.15,20,50,YES
"TRAY FOR TV DINNER , DOLLY GIRL",6,29.700000000000003,475,50,NO
"TRAY FOR TV DINNER ,SPACEBOY",6,29.700000000000003,266,50,NO
"TRAY, BREAKFAST IN BED",79,964.05,362,50,NO
TREE OF NOAH FESTIVE SCENTED CANDLE,50,32.5,147,50,NO
TRELLIS FLOWER CHOPSTICKS SET/5,24,46.8,210,50,NO
TRIANGULAR POUFFE VINTAGE ,65,918.9499999999999,86,50,NO
TRIANGULAR RIDGED GLASS POSY HOLDER,766,475.1,23,50,YES
TRIPLE PHOTO FRAME CORNICE ,233,2271.95,461,50,NO
TROPICAL  HONEYCOMB PAPER GARLAND ,1467,3341.25,428,50,NO
TROPICAL HOLIDAY PURSE ,25,73.75,322,50,NO
TROPICAL LUGGAGE TAG,1632,459.0,313,50,NO
TROPICAL PASSPORT COVER ,231,360.1,162,50,NO
TUB 24 HANGING EASTER EGGS SPOTTY,360,1177.2,210,50,NO
TUB 24 PINK FLOWER PEGS,333,549.45,40,50,YES
"TUMBLER, BAROQUE",431,333.15000000000003,246,50,NO
"TUMBLER, ENGLISH ROSE",151,249.15,332,50,NO
"TUMBLER, NEW ENGLAND",336,554.4,136,50,NO
TURQ ICE CREAM BUM BAG ,238,371.9,456,50,NO
TURQ PENDANT TRIPLE SHELL NECKLACE,3,14.850000000000001,321,50,NO
TURQ STONE/CRYSTAL EARRINGS,6,17.700000000000003,161,50,NO
TURQ+RED BOUDICCA LARGE BRACELET,40,278.0,479,50,NO
TURQOISE ICE CREAM SUNHAT,289,304.09000000000003,420,50,NO
TURQUOISE BERTIE GLASS BEAD CHARM,15,31.500000000000004,58,50,NO
TURQUOISE CHRISTMAS TREE ,14,17.5,412,50,NO
TURQUOISE CRYSTAL+GLASS BRACELET,21,103.95,374,50,NO
TURQUOISE GLASS TASSLE BAG CHARM ,44,129.8,271,50,NO
TURQUOISE HEART OF GLASS BRACELET,16,95.2,352,50,NO
TV DINNER TRAY AIR HOSTESS ,205,979.0500000000001,226,50,NO
TV DINNER TRAY DOLLY GIRL,758,3420.1,229,50,NO
TV DINNER TRAY VINTAGE PAISLEY,312,1425.2,134,50,NO
TWO DOOR CURIO CABINET,589,6798.45,244,50,NO
TWO EMBOSSED HEART MINI DRAWERS,676,1544.2,153,50,NO
This is a test product.,51,226.0,270,50,NO
UBO-LIGHT TRIOBASE BLUE,1,0.85,238,50,NO
UNION FLAG WINDSOCK,671,763.51,426,50,NO
UNION JACK FLAG LUGGAGE TAG,1147,1429.19,462,50,NO
UNION JACK FLAG PASSPORT COVER ,955,1897.26,110,50,NO
UNION JACK GUNS & ROSES  DOORMAT,747,3737.4500000000003,373,50,NO
UNION JACK HOT WATER BOTTLE ,604,3490.8,395,50,NO
UNION STRIPE CUSHION COVER ,787,960.95,65,50,NO
UNION STRIPE WITH FRINGE  HAMMOCK,525,3973.75,57,50,NO
URBAN BLACK RIBBONS ,1188,1144.08,161,50,NO
URBAN CHIC CHOPSTICKS SET/5,397,744.15,119,50,NO
UTILTY CABINET WITH HOOKS,175,3576.25,347,50,NO
VANILLA CANDLE IN EMBOSSED ZINC POT,10,16.9,209,50,NO
VANILLA INCENSE 40 CONES IN TIN,66,77.7,54,50,NO
VANILLA INCENSE IN TIN,1986,1336.98,166,50,NO
VANILLA SCENT CAKE CANDLE ,960,218.88,49,50,YES
VANILLA SCENT CANDLE JEWELLED BOX,804,3345.72,353,50,NO
VANILLA SCENTED VOTIVE CANDLE,24,6.959999999999999,103,50,NO
VENDETTA CANVAS PICTURE,2,7.5,388,50,NO
VICTORIAN  METAL POSTCARD SPRING,3111,5257.59,300,50,NO
VICTORIAN GLASS HANGING T-LIGHT,15271,17480.65,443,50,NO
VICTORIAN METAL POSTCARD CHRISTMAS,351,579.15,363,50,NO
VICTORIAN SEWING BOX LARGE,939,10897.65,289,50,NO
VICTORIAN SEWING BOX MEDIUM,797,5966.150000000001,173,50,NO
VICTORIAN SEWING BOX SMALL ,1142,6518.900000000001,121,50,NO
VICTORIAN SEWING KIT,3064,3311.6,234,50,NO
VINTAGE BEAD CHAISE LONG JEWEL BOX,18,21.5,169,50,NO
VINTAGE BEAD COSMETIC BAG ,1760,1144.0,451,50,NO
VINTAGE BEAD FILLED PINK CUSHION,12,59.400000000000006,102,50,NO
VINTAGE BEAD NOTEBOOK,141,415.95000000000005,129,50,NO
VINTAGE BEAD PINK EVENING BAG,24,102.0,454,50,NO
VINTAGE BEAD PINK JEWEL BOX,47,199.75,406,50,NO
VINTAGE BEAD PINK JEWEL STAND,2,9.9,445,50,NO
VINTAGE BEAD PINK PURSE ,67,197.65000000000003,294,50,NO
VINTAGE BEAD PINK SCARF ,7,55.65,220,50,NO
VINTAGE BEAD PINK SHADE ,512,636.25,303,50,NO
VINTAGE BILLBOARD DRINK ME MUG,3305,3471.73,487,50,NO
VINTAGE BILLBOARD LOVE/HATE MUG,2690,2525.2400000000002,192,50,NO
VINTAGE BILLBOARD MUG ,888,792.62,346,50,NO
VINTAGE BILLBOARD TEA MUG,3076,2914.1,225,50,NO
VINTAGE BLUE KITCHEN CABINET,19,5605.0,82,50,NO
VINTAGE BLUE TINSEL REEL,383,209.58,92,50,NO
VINTAGE CARAVAN GIFT WRAP,2950,1219.0,270,50,NO
VINTAGE CARAVAN GREETING CARD ,2548,1044.24,143,50,NO
VINTAGE CAT FOOD CONTAINER,34,218.14,394,50,NO
VINTAGE COLLAGE  GREETING  CARD ,40,16.8,140,50,NO
VINTAGE CREAM 3 BASKET CAKE STAND,1261,11644.67,294,50,NO
VINTAGE CREAM CAT FOOD CONTAINER,146,888.6999999999999,450,50,NO
VINTAGE CREAM DOG FOOD CONTAINER,182,1496.0,417,50,NO
VINTAGE DESIGN GIFT TAGS,3,2.55,139,50,NO
VINTAGE DOG FOOD CONTAINER,36,308.64,441,50,NO
VINTAGE ENAMEL & CRYSTAL EARRINGS,9,44.550000000000004,456,50,NO
VINTAGE ENAMEL & CRYSTAL NECKLACE,5,24.75,336,50,NO
VINTAGE GLASS COFFEE CADDY,165,969.75,183,50,NO
VINTAGE GLASS SUGAR CADDY,69,404.55,443,50,NO
VINTAGE GLASS TEA CADDY,216,1261.2,484,50,NO
VINTAGE GOLD TINSEL REEL,233,111.3,305,50,NO
VINTAGE HEADS AND TAILS CARD GAME ,9972,11638.12,284,50,NO
VINTAGE KEEPSAKE BOX BEAUTY GIRL,6,38.1,339,50,NO
VINTAGE KEEPSAKE BOX PARIS DAYS,38,135.7,180,50,NO
VINTAGE KEEPSAKE BOX PINK FLOWER,30,190.5,395,50,NO
VINTAGE KEEPSAKE BOX TRAVELOGUE,85,222.95,327,50,NO
VINTAGE KID DOLLY CARD ,4151,1669.26,108,50,NO
VINTAGE KITCHEN PRINT FRUITS,3406,1178.1,161,50,NO
VINTAGE KITCHEN PRINT PUDDINGS,2664,1273.2,222,50,NO
VINTAGE KITCHEN PRINT SEAFOOD,3615,1478.25,328,50,NO
VINTAGE KITCHEN PRINT VEGETABLES,3251,1548.45,246,50,NO
VINTAGE METAL CAKE STAND CREAM ,1,12.75,462,50,NO
VINTAGE NOTEBOOK BEAUTY GIRL,75,221.25000000000003,353,50,NO
VINTAGE NOTEBOOK FRENCH LETTER ,16,47.20000000000001,241,50,NO
VINTAGE NOTEBOOK PARIS DAYS,219,401.25000000000006,60,50,NO
VINTAGE NOTEBOOK PINK FLOWER,38,112.10000000000001,215,50,NO
VINTAGE NOTEBOOK RED ROSE,44,129.8,87,50,NO
VINTAGE NOTEBOOK TRAVELOGUE,282,546.3000000000001,495,50,NO
VINTAGE PAISLEY STATIONERY SET,923,1825.2500000000002,283,50,NO
VINTAGE PHOTO ALBUM PARIS DAYS,74,450.7,21,50,YES
VINTAGE PINK DECORATIVE PARASOL,42,535.5,380,50,NO
VINTAGE PINK TINSEL REEL ,13,27.3,144,50,NO
VINTAGE POST OFFICE CABINET,123,7954.87,129,50,NO
VINTAGE RED KITCHEN CABINET,16,4720.0,105,50,NO
VINTAGE RED MUG,1571,773.59,444,50,NO
VINTAGE RED TEATIME MUG,4316,3055.84,139,50,NO
VINTAGE ROSE BEAD BRACELET BLACK,56,238.0,146,50,NO
VINTAGE ROSE BEAD BRACELET BLUE,19,80.75,274,50,NO
VINTAGE ROSE BEAD BRACELET RASPBERR,40,170.0,202,50,NO
VINTAGE SEASIDE JIGSAW PUZZLES,703,2522.49,35,50,YES
VINTAGE SHELLS PRINT,69,445.05,496,50,NO
VINTAGE SNAKES & LADDERS,1855,6795.69,81,50,NO
VINTAGE SNAP CARDS,12398,9985.02,388,50,NO
VINTAGE UNION JACK APRON,553,3643.35,451,50,NO
VINTAGE UNION JACK BUNTING,3990,33750.96,177,50,NO
VINTAGE UNION JACK CUSHION COVER,3188,16883.72,287,50,NO
VINTAGE UNION JACK DOORSTOP,1518,8868.58,54,50,NO
VINTAGE UNION JACK MEMOBOARD,3902,28746.54,286,50,NO
VINTAGE UNION JACK PENNANT,686,1337.6999999999998,83,50,NO
VINTAGE UNION JACK SHOPPING BAG,677,3210.75,69,50,NO
VINTAGE WOODEN BAR STOOL,37,988.15,488,50,NO
VINTAGE WOODEN PLATE RACK,17,659.1500000000001,274,50,NO
VINYL RECORD FRAME SILVER,1341,4648.59,168,50,NO
VIP HOLIDAY PURSE,656,267.20000000000005,344,50,NO
VIP LUGGAGE TAG ,71,88.75,323,50,NO
VIPPASSPORT COVER ,361,676.1,295,50,NO
WAKE UP COCKEREL CALENDAR SIGN ,51,191.25,376,50,NO
WAKE UP COCKEREL TILE COASTER,58,72.5,470,50,NO
WAKE UP COCKEREL TILE HOOK,172,70.32,191,50,NO
WAKE UP COCKEREL WALL THERMOMETER,177,328.95,436,50,NO
"WALL MIRROR , DIAMANTE OVAL SHAPE",387,2591.85,220,50,NO
"WALL MIRROR , RECT DIAMANTE, PINK/",177,1100.91,464,50,NO
WALL MIRROR RECTANGLE DIAMANTE PINK,9,71.55,412,50,NO
WALL MOUNTED VINTAGE ORGANISER,447,5339.79,343,50,NO
WALL TIDY RETROSPOT ,1382,2802.2,54,50,NO
WASH BAG VINTAGE ROSE PAISLEY,1571,3839.55,484,50,NO
WASHROOM METAL SIGN,3908,4739.4400000000005,235,50,NO
WATERING CAN BLUE ELEPHANT,1232,2384.4,499,50,NO
WATERING CAN GARDEN MARKER,978,1220.6,84,50,NO
WATERING CAN GREEN DINOSAUR,1351,2377.5899999999997,27,50,YES
WATERING CAN PINK BUNNY,1769,3160.47,320,50,NO
WATERING CAN SINGLE HOOK PISTACHIO,412,564.12,362,50,NO
WATERMELON BATH SPONGE,1739,2169.95,450,50,NO
WAVELINE SURF IRONING BOARD COVER,8,30.0,443,50,NO
WAY OUT METAL SIGN ,999,1273.95,351,50,NO
WEEKEND BAG VINTAGE ROSE PAISLEY,902,7315.950000000001,457,50,NO
WELCOME  WOODEN BLOCK LETTERS,472,4532.18,95,50,NO
WELCOME METAL SIGN,44,55.0,193,50,NO
WHEELBARROW FOR CHILDREN ,406,4727.219999999999,66,50,NO
WHITE  ROSEBUD PEARL BRACELET,2,15.0,34,50,YES
WHITE 3 FRAME BIRDS AND TREE ,4,87.8,380,50,NO
WHITE ADVENT CANDLE,443,829.08,166,50,NO
WHITE ALLIUM  ARTIFICIAL FLOWER,25,42.25,45,50,YES
WHITE AND BLUE CERAMIC OIL BURNER,191,214.75,327,50,NO
WHITE ANEMONE ARTIFICIAL FLOWER,169,285.61,112,50,NO
WHITE BAMBOO RIBS LAMPSHADE,2253,1949.69,425,50,NO
WHITE BAROQUE CARRIAGE CLOCK,22,218.89999999999998,251,50,NO
WHITE BAROQUE WALL CLOCK ,34,422.7,40,50,YES
WHITE BEADED GARLAND STRING 20LIGHT,991,6024.05,326,50,NO
WHITE BELL HONEYCOMB PAPER ,963,1521.35,57,50,NO
WHITE BELL HONEYCOMB PAPER GARLAND ,1015,1566.75,295,50,NO
WHITE BIRD GARDEN DESIGN MUG,8800,1323.2,176,50,NO
WHITE BITTY LIGHT CHAIN ,240,1000.0799999999999,198,50,NO
WHITE BROCANTE SOAP DISH,69,203.55,151,50,NO
WHITE CANDYSTUFT ARTIFICIAL FLOWER,137,149.20999999999998,330,50,NO
WHITE CERAMIC PARTY SET (5PCS),94,337.58,474,50,NO
WHITE CHERRY LIGHTS,962,5687.5,367,50,NO
WHITE CHOCOLATE SCENT CANDLE,351,244.35,47,50,YES
WHITE CHRISTMAS FLOCK DROPLET ,67,43.91,279,50,NO
WHITE CHRISTMAS GARLAND STARS TREES,377,1413.75,425,50,NO
WHITE CHRISTMAS HEART DECORATION,2590,1079.1599999999999,95,50,NO
WHITE CHRISTMAS STAR DECORATION,2752,1147.2,448,50,NO
WHITE CHRISTMAS TREE 60CM,1,2.95,86,50,NO
WHITE CHRISTMAS TREE DECORATION ,2124,874.8,361,50,NO
WHITE CHRYSANTHEMUMS ART FLOWER,233,384.53999999999996,213,50,NO
WHITE DOVE HONEYCOMB PAPER GARLAND,5017,7729.05,491,50,NO
WHITE ENAMEL FLOWER HAIR TIE,2,5.9,181,50,NO
WHITE FOXGLOVE ARTIIFCIAL FLOWER,16,40.8,366,50,NO
WHITE FRANGIPANI HAIR CLIP,7,5.949999999999999,458,50,NO
WHITE FRANGIPANI NECKLACE,2,5.1,380,50,NO
WHITE GLASS CHUNKY CHARM BRACELET,61,539.5,276,50,NO
WHITE GLASS TV TRIPLE FRAME,16,68.0,91,50,NO
WHITE GOOSE FEATHER CHRISTMAS TREE ,199,671.0500000000001,106,50,NO
WHITE GOOSE FEATHER TREE 60CM ,98,287.09999999999997,441,50,NO
WHITE GRAND BAROQUE PHOTO FRAME,174,379.5,281,50,NO
WHITE HAND TOWEL WITH BUTTERFLY,13,77.35,233,50,NO
WHITE HANGING BEADS CANDLE HOLDER,485,2582.4500000000003,172,50,NO
WHITE HANGING HEART T-LIGHT HOLDER,56814,151339.16,229,50,NO
WHITE HEART CONFETTI IN TUBE,227,374.55,420,50,NO
WHITE HEART OF GLASS BRACELET,20,119.00000000000001,80,50,NO
WHITE HONEYCOMB PAPER FAN ,84,158.36,287,50,NO
WHITE HONEYCOMB PAPER GARLAND ,378,594.5,281,50,NO
WHITE HYDRANGEA ART FLOWER,180,273.6,237,50,NO
WHITE JEWELLED HEART DECORATION,3962,3181.22,302,50,NO
WHITE LOVEBIRD LANTERN,1442,4117.1,155,50,NO
WHITE METAL BAROQUE PHOTO FRAME,72,120.0,486,50,NO
WHITE METAL LANTERN,2920,10304.16,399,50,NO
WHITE MURANO TWIST BRACELET,100,409.75,381,50,NO
WHITE NEWBAROQUE CANDLESTICK CANDLE,639,734.25,468,50,NO
"WHITE PEARL BEADED HEART, SMALL",428,535.0,460,50,NO
WHITE PICNIC BARBECUE BUCKET,54,474.9,112,50,NO
WHITE RETRODISC LAMPSHADE,898,1775.1,128,50,NO
WHITE ROHMBIC BLOCK TABLE LAMP,2,5.9,260,50,NO
WHITE ROSE C/COVER,20,119.0,374,50,NO
WHITE ROSEBUD  PEARL EARRINGS,19,48.45,443,50,NO
WHITE ROSEBUD & PEARL NECKLACE,2,15.0,161,50,NO
WHITE ROUND PORCELAIN TLIGHT HOLDER,106,241.5,310,50,NO
WHITE SAGE INCENSE,848,170.58,451,50,NO
WHITE SATIN DRESS JEWEL STAND,4,19.8,256,50,NO
WHITE SCANDINAVIAN HEART CHRISTMAS,1,1.25,359,50,NO
WHITE SILVER NECKLACE SHELL GLASS,2,19.9,331,50,NO
WHITE SKULL HOT WATER BOTTLE ,2217,8050.23,196,50,NO
WHITE SNOW SCANDINAVIAN STOCKING ,563,266.14,160,50,NO
WHITE SOAP RACK WITH 2 BOTTLES,88,523.6,208,50,NO
WHITE SPOT BLUE CERAMIC DRAWER KNOB,5364,6297.4800000000005,68,50,NO
WHITE SPOT RED CERAMIC DRAWER KNOB,5805,6837.33,321,50,NO
WHITE SQUARE TABLE CLOCK,109,95.55,388,50,NO
WHITE STITCHED CUSHION COVER,162,807.9,209,50,NO
WHITE STITCHED WALL CLOCK,14,52.5,155,50,NO
WHITE STONE/CRYSTAL EARRINGS,17,50.150000000000006,62,50,NO
WHITE SWEETHEARTS CABINET 4 DRAWERS,239,2915.25,423,50,NO
WHITE TALL PORCELAIN T-LIGHT HOLDER,912,1952.4,399,50,NO
"WHITE TEA,COFFEE,SUGAR JARS",16,101.6,372,50,NO
WHITE TISSUE REAM,307,2440.65,109,50,NO
WHITE TRAVEL ALARM CLOCK,177,451.34999999999997,314,50,NO
WHITE VINT ART DECO CRYSTAL NECKLAC,7,59.5,360,50,NO
WHITE VINTAGE CRYSTAL BRACELET,11,74.25,264,50,NO
WHITE VINTAGE CRYSTAL EARRINGS,4,15.0,452,50,NO
WHITE WIRE EGG HOLDER,1439,7715.05,211,50,NO
WHITE WITH BLACK CATS BOWL,344,141.68,337,50,NO
WHITE WITH BLACK CATS MUG,5153,975.41,125,50,NO
WHITE WITH BLACK CATS PLATE,6013,683.05,382,50,NO
WHITE WITH METAL BAG CHARM,10,49.5,329,50,NO
WHITE WOOD GARDEN PLANT LADDER,804,7561.9,401,50,NO
WHITE WOOD SINGLE P/FRAME,5,6.25,252,50,NO
WHITE/BLUE PULL BACK RACING CAR,1658,849.5,284,50,NO
WHITE/BLUE RECT CERAMIC OIL BURNER,20,25.0,363,50,NO
WHITE/PINK CHICK DECORATION,34,42.5,56,50,NO
WHITE/PINK CHICK EASTER DECORATION,63,53.55,324,50,NO
WHITE/PINK MINI CRYSTALS NECKLACE,7,34.65,60,50,NO
WICKER STAR ,2992,6148.2,36,50,YES
WICKER WREATH LARGE,725,1384.9499999999998,363,50,NO
WICKER WREATH SMALL,719,1023.3499999999999,296,50,NO
WILLOW BRANCH LIGHTS.,703,4121.25,326,50,NO
WINE BOTTLE DRESSING DARK BLUE,95,27.549999999999997,78,50,NO
WINE BOTTLE DRESSING LT.BLUE,127,36.83,442,50,NO
WIRE FLOWER T-LIGHT HOLDER,220,275.0,202,50,NO
WISE MAN STAR SHAPE EGG PAN,47,77.55,60,50,NO
WOBBLING METAL CHICKEN EASTER,85,72.25,58,50,NO
WOOD 2 DRAWER CABINET WHITE FINISH,2643,14376.85,416,50,NO
WOOD AND GLASS MEDICINE CABINET,57,1575.15,211,50,NO
WOOD ANIMALS HEIGHT CHART STICKERS ,6,17.700000000000003,286,50,NO
WOOD BLACK BOARD ANT WHITE FINISH,4972,26035.079999999998,166,50,NO
WOOD FAN WITH FLOWER DESIGN,1391,1638.43,414,50,NO
WOOD S/3 CABINET ANT WHITE FINISH,2670,19908.5,352,50,NO
WOOD STAMP SET BEST WISHES,576,931.1999999999999,146,50,NO
WOOD STAMP SET FLOWERS,503,825.15,65,50,NO
WOOD STAMP SET HAPPY BIRTHDAY,455,745.95,64,50,NO
WOOD STAMP SET THANK YOU,819,1329.75,20,50,YES
WOOD STOCKING CHRISTMAS SCANDISPOT,1963,1623.31,187,50,NO
WOOD XMAS TREE 9 FIG SHELVES,29,24.65,127,50,NO
WOODEN ADVENT CALENDAR CREAM,505,7350.15,38,50,YES
WOODEN ADVENT CALENDAR RED,243,3514.0499999999997,351,50,NO
WOODEN BOX ADVENT CALENDAR ,1229,10620.6,91,50,NO
WOODEN BOX OF DOMINOES,6408,7652.42,475,50,NO
WOODEN CHRISTMAS TREE 3 HANGING,138,57.96,464,50,NO
WOODEN CROQUET GARDEN SET,1014,11434.58,128,50,NO
WOODEN FRAME ANTIQUE WHITE ,8395,23157.250000000004,287,50,NO
WOODEN HAPPY BIRTHDAY GARLAND,2802,7913.1,464,50,NO
WOODEN HEART CHRISTMAS SCANDINAVIAN,3313,2816.0499999999997,259,50,NO
WOODEN HEART CHRISTMAS SCANDISPOT,36,30.6,436,50,NO
WOODEN OWLS LIGHT GARLAND ,483,1859.79,320,50,NO
WOODEN PICTURE FRAME WHITE FINISH,7606,17583.600000000002,109,50,NO
WOODEN REGATTA BUNTING,764,4353.8,122,50,NO
WOODEN ROUNDERS GARDEN SET ,1150,9506.68,495,50,NO
WOODEN SCHOOL COLOURING SET,5595,9006.15,269,50,NO
WOODEN SKITTLES GARDEN SET,721,9449.789999999999,472,50,NO
WOODEN STAR CHRISTMAS SCANDINAVIAN,2650,2252.5,27,50,YES
WOODEN STAR CHRISTMAS SCANDISPOT,72,61.2,172,50,NO
WOODEN TREE CHRISTMAS SCANDINAVIAN,1883,1600.55,366,50,NO
WOODEN TREE CHRISTMAS SCANDISPOT,96,81.6,193,50,NO
WOODEN UNION JACK BUNTING,1441,8381.95,362,50,NO
WOODLAND  HEIGHT CHART STICKERS ,893,2376.3500000000004,177,50,NO
WOODLAND  STICKERS,1914,1552.02,450,50,NO
WOODLAND ANIMAL  WRITING SET ,1357,2133.0499999999997,234,50,NO
WOODLAND CHARLOTTE BAG,10025,7936.25,196,50,NO
WOODLAND CREATURES  WRAP,25,10.5,194,50,NO
WOODLAND DESIGN  COTTON TOTE BAG,1334,2983.5,359,50,NO
WOODLAND PARTY BAG + STICKER SET,1761,2819.25,357,50,NO
WOODLAND STORAGE BOX LARGE ,555,1127.49,165,50,NO
WOODLAND STORAGE BOX SMALL,750,929.4,469,50,NO
WOODLAND WATER TRANSFER TATTOOS ,1748,1443.3999999999999,343,50,NO
WOOLLY HAT SOCK GLOVE ADVENT STRING,1687,4995.85,497,50,NO
WORLD WAR 2 GLIDERS ASSTD DESIGNS,54610,11285.539999999999,180,50,NO
WOVEN BERRIES CUSHION COVER ,179,308.85,146,50,NO
WOVEN BUBBLE GUM CUSHION COVER,176,294.0,439,50,NO
WOVEN CANDY CUSHION COVER ,79,124.65,101,50,NO
WOVEN FROST CUSHION COVER,91,184.05,166,50,NO
WOVEN ROSE GARDEN CUSHION COVER ,153,268.95,258,50,NO
WOVEN SUNSET CUSHION COVER ,11,54.45,431,50,NO
WRAP  PINK FLOCK,1050,439.0,443,50,NO
"WRAP , SUMMER ROSE DESIGN",150,63.0,103,50,NO
WRAP BAD HAIR DAY,275,27.5,132,50,NO
WRAP BLIZZARD,975,409.5,244,50,NO
WRAP BLUE REINDEER,1350,567.0,351,50,NO
WRAP BLUE RUSSIAN FOLKART,2025,626.25,397,50,NO
WRAP BOUDOIR ,750,75.0,262,50,NO
WRAP CHRISTMAS DECOUPAGE,25,10.5,162,50,NO
WRAP CHRISTMAS SCREEN PRINT,2525,755.75,60,50,NO
WRAP CHRISTMAS VILLAGE,4787,1946.54,442,50,NO
WRAP CIRCUS PARADE,2475,1007.5,277,50,NO
WRAP COWBOYS  ,2215,866.3,466,50,NO
WRAP DAISY CARPET ,1400,363.75,304,50,NO
WRAP DOLLY GIRL,2575,1001.5,124,50,NO
WRAP ENGLISH ROSE ,6022,2465.48,221,50,NO
WRAP FOLK ART,1875,574.75,469,50,NO
WRAP GREEN PEARS ,1950,819.0,326,50,NO
WRAP GREEN RUSSIAN FOLKART ,1700,512.75,350,50,NO
WRAP I LOVE LONDON ,2704,1055.68,480,50,NO
WRAP MONSTER FUN ,900,378.0,285,50,NO
WRAP PINK FAIRY CAKES ,10886,4238.12,417,50,NO
WRAP RED APPLES ,3525,1448.5,229,50,NO
WRAP ROMANTIC DECOUPAGE,25,10.5,70,50,NO
WRAP SPEED DEMONS ,450,45.0,137,50,NO
WRAP SUKI AND FRIENDS,2651,1055.42,220,50,NO
WRAP SWEETS LIGHT PINK SMALL BOWL,71,78.11,396,50,NO
WRAP WEDDING DAY,1450,561.0,58,50,NO
WRAP WINTER FOREST,250,105.0,47,50,YES
"WRAP, BILLBOARD FONTS DESIGN",990,415.8,278,50,NO
"WRAP, CAROUSEL",475,199.5,103,50,NO
"WRAP, FRIENDSHIP ON GREEN",1450,609.0,473,50,NO
"WRAP,SUKI AND FRIENDS",3325,1352.5,174,50,NO
"WRAPPING PAPER, XMAS VILLAGE",25,10.5,136,50,NO
YELLOW + BROWN BEAR FELT PURSE KIT,35,43.75,21,50,YES
YELLOW BIRDS FELT DES FOODCOVER,9,33.75,112,50,NO
YELLOW BREAKFAST CUP AND SAUCER,2639,407.93,185,50,NO
YELLOW BROWN BEAR FELT PURSE KIT,11,13.75,406,50,NO
YELLOW COAT RACK PARIS FASHION,49,242.55,419,50,NO
YELLOW DRAGONFLY HELICOPTER,61,484.95,369,50,NO
YELLOW EASTER EGG HUNT START POST,175,319.65,315,50,NO
YELLOW FELT HANGING HEART W FLOWER,31,26.349999999999998,277,50,NO
YELLOW FLOWERS FELT HANDBAG KIT,116,243.60000000000002,100,50,NO
YELLOW GIANT GARDEN THERMOMETER,12,71.4,444,50,NO
YELLOW KNITTED KIDS RUCKSACK,33,222.75,287,50,NO
YELLOW METAL CHICKEN HEART ,665,964.93,438,50,NO
YELLOW PINK FLOWER DESIGN BIG BOWL,3,8.850000000000001,254,50,NO
YELLOW POT PLANT CANDLE,470,1174.1000000000001,340,50,NO
YELLOW PURPLE DAISY FELT PURSE KIT,86,107.5,330,50,NO
YELLOW RABBIT SAT EASTER,48,20.16,320,50,NO
YELLOW RED FLOWER PIGGY BANK,107,206.54999999999998,482,50,NO
YELLOW SHARK HELICOPTER,47,373.65,493,50,NO
YELLOW VW BEETLE CERAMIC MONEY BOX,46,130.9,376,50,NO
YELLOW/BLUE RETRO RADIO,8,23.6,232,50,NO
YELLOW/PINK CERAMIC CANDLE HOLDER,7,11.549999999999999,81,50,NO
YELLOW/PINK FLOWER DESIGN BIG MUG,11,21.45,68,50,NO
YOU'RE CONFUSING ME METAL SIGN ,4432,6796.0,146,50,NO
YULETIDE IMAGES GIFT WRAP SET,410,662.76,242,50,NO
YULETIDE IMAGES S/6 PAPER BOXES,759,893.85,428,50,NO
ZINC FINISH 15CM PLANTER POTS,1012,1228.52,298,50,NO
ZINC FOLKART SLEIGH BELLS,3224,5174.96,427,50,NO
ZINC HEART LATTICE 2 WALL PLANTER,54,342.9,313,50,NO
ZINC HEART LATTICE CHARGER LARGE,25,93.75,303,50,NO
ZINC HEART LATTICE CHARGER SMALL,18,53.10000000000001,296,50,NO
ZINC HEART LATTICE DOUBLE PLANTER,670,566.1,457,50,NO
ZINC HEART LATTICE PLANTER BOWL,820,713.8000000000001,126,50,NO
ZINC HEART LATTICE T-LIGHT HOLDER,675,843.75,165,50,NO
ZINC HEART LATTICE TRAY OVAL ,325,364.15000000000003,439,50,NO
ZINC METAL HEART DECORATION,13771,16472.75,118,50,NO
ZINC POLICE BOX LANTERN,193,783.7,448,50,NO
ZINC TOP  2 DOOR WOODEN SHELF ,233,1325.35,394,50,NO
ZINC WILLIE WINKIE  CANDLE STICK,3626,3007.22,92,50,NO
