Customer ID,Recency,Frequency,Monetary,R_Score,F_Score,M_Score,RFM_Score
12346.0,164,11,372.86,1,4,2,142
12347.0,2,2,1323.32,4,2,3,423
12348.0,73,1,222.15999999999997,2,1,1,211
12349.0,42,3,2671.14,3,3,4,334
12351.0,10,1,300.93,4,1,1,411
12352.0,10,2,343.8,4,2,2,422
12353.0,43,1,317.76,3,1,2,312
12355.0,202,1,488.21000000000004,1,1,2,112
12356.0,15,3,3560.3,4,3,4,434
12357.0,23,2,12079.99,3,2,4,324
12358.0,10,3,2719.01,4,3,4,434
12359.0,60,6,2563.36,2,4,4,244
12360.0,14,5,1590.83,4,3,3,433
12361.0,97,3,321.35,2,3,2,232
12362.0,373,1,130.0,1,1,1,111
12366.0,268,1,500.24,1,1,2,112
12368.0,263,1,917.7,1,1,3,113
12369.0,48,3,1791.15,3,3,4,334
12370.0,259,3,774.62,1,3,3,133
12371.0,44,3,2179.42,3,3,4,334
12373.0,259,2,763.0500000000001,1,2,3,123
12374.0,56,3,2246.29,2,3,4,234
12376.0,24,2,503.15,3,2,2,322
12377.0,16,2,1798.2,4,2,4,424
12378.0,197,1,1407.7,1,1,3,113
12379.0,57,2,767.98,2,2,3,223
12380.0,100,7,6951.49,2,4,4,244
12385.0,14,1,1938.4,4,1,4,414
12386.0,1,1,258.90000000000003,4,1,1,411
12387.0,50,1,143.94,3,1,1,311
12388.0,80,2,1120.45,2,2,3,223
12389.0,37,3,1433.33,3,3,3,333
12391.0,99,5,2285.18,2,3,4,234
12392.0,226,1,234.75000000000003,1,1,1,111
12393.0,17,2,816.85,4,2,3,423
12395.0,6,4,2048.64,4,3,4,434
12396.0,309,1,931.4300000000001,1,1,3,113
12399.0,20,3,853.65,3,3,3,333
12400.0,49,1,205.25,3,1,1,311
12402.0,27,5,1031.3,3,3,3,333
12403.0,156,1,591.6600000000001,1,1,2,112
12404.0,317,1,63.24,1,1,1,111
12406.0,34,3,2975.06,3,3,4,334
12408.0,20,3,1452.22,3,3,3,333
12409.0,55,4,12346.62,2,3,4,234
12410.0,137,1,320.38,1,1,2,112
12411.0,44,1,346.9,3,1,2,312
12412.0,37,3,1370.05,3,3,3,333
12413.0,37,1,241.35,3,1,1,311
12414.0,98,3,390.0,2,3,2,232
12415.0,10,7,19543.84,4,4,4,444
12416.0,291,1,202.56,1,1,1,111
12417.0,45,11,3148.31,3,4,4,344
12418.0,48,3,1352.62,3,3,3,333
12419.0,20,2,503.01,3,2,2,322
12421.0,50,2,291.56,3,2,1,321
12422.0,29,14,4428.24,3,4,4,344
12423.0,22,2,763.08,3,2,3,323
12424.0,57,2,1579.07,2,2,3,223
12425.0,83,1,964.21,2,1,3,213
12426.0,297,1,762.48,1,1,3,113
12427.0,6,1,303.5,4,1,1,411
12429.0,0,5,3735.51,4,3,4,434
12431.0,8,13,4370.52,4,4,4,444
12433.0,1,5,7205.39,4,3,4,434
12434.0,16,1,297.29,4,1,1,411
12435.0,31,4,6096.04,3,3,4,334
12437.0,30,21,7731.99,3,4,4,344
12439.0,317,2,1142.88,1,2,3,123
12440.0,97,2,859.2,2,2,3,223
12441.0,1,1,173.55,4,1,1,411
12443.0,367,1,485.31,1,1,2,112
12445.0,55,1,301.58000000000004,2,1,1,211
12449.0,45,2,768.6,3,2,3,323
12450.0,34,3,490.32,3,3,2,332
12451.0,98,3,3634.36,2,3,4,234
12454.0,30,4,13151.44,3,3,4,334
12455.0,80,4,3413.09,2,3,4,234
12457.0,70,1,632.6800000000001,2,1,2,212
12458.0,62,2,830.09,2,2,3,223
12459.0,240,1,454.36,1,1,2,112
12460.0,91,1,326.65,2,1,2,212
12466.0,317,1,56.73,1,1,1,111
12467.0,58,1,132.8,2,1,1,211
12468.0,161,3,2941.2,1,3,4,134
12469.0,157,2,3070.54,1,2,4,124
12470.0,324,1,211.95,1,1,1,111
12471.0,9,49,20129.54,4,4,4,444
12472.0,4,13,11308.48,4,4,4,444
12474.0,13,13,5048.66,4,4,4,444
12475.0,44,1,426.26,3,1,2,312
12476.0,31,12,7267.49,3,4,4,344
12477.0,34,3,7056.63,3,3,4,334
12480.0,34,3,2183.2200000000003,3,3,4,334
12481.0,0,6,6765.07,4,4,4,444
12482.0,211,29,23691.4,1,4,4,144
12483.0,13,11,2612.2000000000003,4,4,4,444
12484.0,118,6,1826.78,2,4,4,244
12485.0,164,1,708.1,1,1,3,113
12486.0,66,1,1037.28,2,1,3,213
12487.0,365,1,285.3,1,1,1,111
12490.0,13,11,4405.71,4,4,4,444
12492.0,38,1,452.0,3,1,2,312
12494.0,0,3,626.77,4,3,2,432
12495.0,275,1,357.4,1,1,2,112
12496.0,255,2,45.34,1,2,1,121
12497.0,35,2,5205.400000000001,3,2,4,324
12499.0,195,1,393.72,1,1,2,112
12500.0,70,8,1697.39,2,4,3,243
12503.0,219,1,1126.0,1,1,3,113
12504.0,52,2,297.0,3,2,1,321
12505.0,43,1,955.2,3,1,3,313
12507.0,219,1,539.25,1,1,2,112
12510.0,94,7,4195.45,2,4,4,244
12511.0,63,1,3084.02,2,1,4,214
12514.0,276,1,580.08,1,1,2,112
12516.0,65,2,1336.56,2,2,3,223
12519.0,111,1,385.70000000000005,2,1,2,212
12523.0,9,12,2562.58,4,4,4,444
12524.0,23,9,6640.39,3,4,4,344
12525.0,133,3,973.73,2,3,3,233
12527.0,129,2,386.8,2,2,2,222
12529.0,163,1,316.48,1,1,2,112
12530.0,50,5,2096.98,3,3,4,334
12531.0,321,1,1807.98,1,1,4,114
12533.0,262,2,1367.89,1,2,3,123
12537.0,43,1,732.94,3,1,3,313
12538.0,13,1,276.5,4,1,1,411
12539.0,85,3,5646.400000000001,2,3,4,234
12540.0,13,16,8854.25,4,4,4,444
12542.0,119,2,481.88,2,2,2,222
12543.0,83,1,980.25,2,1,3,213
12547.0,135,1,175.78,2,1,1,211
12549.0,210,6,1575.68,1,4,3,143
12553.0,20,2,916.47,3,2,3,323
12554.0,83,1,468.5,2,1,2,212
12555.0,317,1,129.23,1,1,1,111
12557.0,6,4,6725.18,4,3,4,434
12562.0,20,2,1185.18,3,2,3,323
12563.0,43,1,249.24,3,1,1,311
12567.0,2,7,4308.58,4,4,4,444
12568.0,279,1,70.0,1,1,1,111
12570.0,317,1,77.52,1,1,1,111
12573.0,16,4,556.87,4,3,2,432
12575.0,92,2,622.82,2,2,2,222
12576.0,27,3,826.89,3,3,3,333
12577.0,16,5,990.5,4,3,3,433
12578.0,20,2,1847.94,3,2,4,324
12580.0,211,1,637.2,1,1,2,112
12582.0,57,2,1469.04,2,2,3,223
12583.0,8,13,7166.06,4,4,4,444
12586.0,9,3,1865.73,4,3,4,434
12588.0,34,3,743.88,3,3,3,333
12589.0,56,6,4048.98,2,4,4,244
12591.0,25,2,886.1,3,2,3,323
12592.0,154,3,2145.06,1,3,4,134
12594.0,13,5,1751.89,4,3,4,434
12595.0,139,1,299.02,1,1,1,111
12598.0,98,3,1511.01,2,3,3,233
12599.0,16,6,1264.14,4,4,3,443
12600.0,6,12,2444.88,4,4,4,444
12601.0,39,1,104.2,3,1,1,311
12605.0,11,4,1232.95,4,3,3,433
12606.0,317,1,21.0,1,1,1,111
12608.0,39,1,415.79,3,1,2,312
12609.0,9,6,2309.01,4,4,4,444
12613.0,23,5,3472.9900000000002,3,3,4,334
12615.0,48,4,3449.79,3,3,4,334
12616.0,23,1,417.8,3,1,2,312
12619.0,195,1,140.14,1,1,1,111
12621.0,0,16,11086.14,4,4,4,444
12623.0,51,6,3442.7400000000002,3,4,4,344
12625.0,144,2,2481.06,1,2,4,124
12629.0,20,2,1558.22,3,2,3,323
12631.0,91,5,2841.07,2,3,4,234
12632.0,155,2,804.88,1,2,3,123
12633.0,17,3,3514.18,4,3,4,434
12634.0,170,2,490.0,1,2,2,122
12635.0,27,2,1241.23,3,2,3,323
12636.0,373,1,141.0,1,1,1,111
12637.0,13,4,2280.91,4,3,4,434
12638.0,274,1,249.8,1,1,1,111
12639.0,69,2,826.27,2,2,3,223
12643.0,20,6,4960.18,3,4,4,344
12644.0,65,3,1440.58,2,3,3,233
12645.0,44,4,1764.12,3,3,4,334
12647.0,2,27,14201.53,4,4,4,444
12648.0,72,3,793.95,2,3,3,233
12649.0,17,5,1671.14,4,3,3,433
12651.0,13,3,263.75,4,3,1,431
12652.0,69,1,97.05000000000001,2,1,1,211
12653.0,161,1,1950.98,1,1,4,114
12655.0,58,1,261.35,2,1,1,211
12656.0,60,3,2356.66,2,3,4,234
12661.0,71,1,162.0,2,1,1,211
12662.0,8,10,3138.2400000000002,4,4,4,444
12663.0,259,2,239.4,1,2,1,121
12664.0,149,2,1188.16,1,2,3,123
12665.0,52,2,250.6,3,2,1,321
12666.0,29,1,1248.42,3,1,3,313
12668.0,13,6,7575.88,4,4,4,444
12670.0,20,2,764.24,3,2,3,323
12671.0,241,1,2622.481,1,1,4,114
12672.0,230,1,211.15,1,1,1,111
12673.0,36,1,619.5,3,1,2,312
12675.0,188,2,957.25,1,2,3,123
12676.0,43,5,1511.7,3,3,3,333
12677.0,190,2,395.1,1,2,2,122
12678.0,10,9,16652.72,4,4,4,444
12681.0,2,24,17080.74,4,4,4,444
12682.0,0,23,11745.69,4,4,4,444
12683.0,0,8,4220.21,4,4,4,444
12686.0,6,1,89.14,4,1,1,411
12687.0,115,2,2138.91,2,2,4,224
12691.0,55,1,134.6,2,1,1,211
12692.0,272,1,110.95,1,1,1,111
12693.0,31,3,847.11,3,3,3,333
12694.0,56,1,973.68,2,1,3,213
12695.0,163,3,825.02,1,3,3,133
12696.0,69,2,851.91,2,2,3,223
12698.0,225,1,339.75,1,1,2,112
12699.0,52,1,638.11,3,1,2,312
12701.0,164,4,1648.7,1,3,3,133
12703.0,268,3,722.98,1,3,3,133
12705.0,18,5,4893.81,3,3,4,334
12708.0,3,9,2601.19,4,4,4,444
12709.0,1,20,21107.94,4,4,4,444
12711.0,246,2,1339.05,1,2,3,123
12712.0,0,10,2797.53,4,4,4,444
12714.0,23,7,9384.85,3,4,4,344
12717.0,225,1,277.93,1,1,1,111
12720.0,4,6,2478.94,4,4,4,444
12721.0,20,2,1356.95,3,2,3,323
12724.0,18,3,1286.11,3,3,3,333
12725.0,6,4,2266.76,4,3,4,434
12726.0,22,4,1405.5,3,3,3,333
12727.0,77,3,1698.8300000000002,2,3,3,233
12728.0,18,1,233.84,3,1,1,311
12730.0,156,1,829.25,1,1,3,113
12731.0,77,5,6879.8,2,3,4,234
12733.0,24,3,2040.92,3,3,4,334
12734.0,9,2,529.25,4,2,2,422
12737.0,133,2,3710.5,2,2,4,224
12738.0,7,1,155.35,4,1,1,411
12739.0,20,2,1713.69,3,2,3,323
12741.0,164,2,406.07,1,2,2,122
12742.0,260,1,1201.52,1,1,3,113
12744.0,94,4,4037.77,2,3,4,234
12745.0,121,3,925.41,2,3,3,233
12746.0,175,1,254.55,1,1,1,111
12747.0,4,16,5061.03,4,4,4,444
12748.0,0,144,22457.9,4,4,4,444
12749.0,34,4,2806.48,3,3,4,334
12751.0,79,1,268.27,2,1,1,211
12755.0,0,10,5218.71,4,4,4,444
12758.0,94,5,7111.650000000001,2,3,4,234
12759.0,21,5,3489.3,3,3,4,334
12760.0,90,1,347.8,2,1,2,212
12761.0,92,2,782.95,2,2,3,223
12763.0,4,1,320.08,4,1,2,412
12765.0,107,6,1404.58,2,4,3,243
12766.0,1,3,3078.65,4,3,4,434
12767.0,10,1,949.82,4,1,3,413
12768.0,85,1,168.69,2,1,1,211
12770.0,91,1,1895.0,2,1,4,214
12771.0,120,1,282.3,2,1,1,211
12773.0,199,1,124.25,1,1,1,111
12774.0,170,1,98.7,1,1,1,111
12775.0,23,2,300.08000000000004,3,2,1,321
12776.0,302,1,55.5,1,1,1,111
12777.0,92,1,519.45,2,1,2,212
12778.0,31,3,953.4499999999999,3,3,3,333
12779.0,6,7,2740.91,4,4,4,444
12780.0,233,1,337.4,1,1,2,112
12782.0,9,6,2287.32,4,4,4,444
12784.0,164,1,1230.33,1,1,3,113
12785.0,170,2,788.45,1,2,3,123
12786.0,244,1,728.5000000000001,1,1,3,113
12787.0,48,1,398.52,3,1,2,312
12788.0,98,4,444.90000000000003,2,3,2,232
12789.0,147,2,181.5,1,2,1,121
12790.0,45,1,266.93,3,1,1,311
12791.0,8,6,863.51,4,4,3,443
12792.0,169,1,426.47,1,1,2,112
12793.0,6,2,471.85,4,2,2,422
12796.0,263,1,381.0,1,1,2,112
12797.0,0,2,552.08,4,2,2,422
12798.0,56,1,1533.89,2,1,3,213
12799.0,164,1,219.35,1,1,1,111
12800.0,105,3,584.25,2,3,2,232
12801.0,135,1,1071.82,2,1,3,213
12802.0,77,6,1988.84,2,4,4,244
12803.0,28,1,1092.81,3,1,3,313
12804.0,100,2,325.37,2,2,2,222
12805.0,16,4,1434.95,4,3,3,433
12806.0,70,4,2878.96,2,3,4,234
12807.0,18,1,330.35,3,1,2,312
12808.0,3,3,422.45,4,3,2,432
12809.0,200,2,1266.63,1,2,3,123
12810.0,169,2,534.99,1,2,2,122
12811.0,13,2,519.0500000000001,4,2,2,422
12813.0,136,3,1687.8,1,3,3,133
12817.0,34,2,524.94,3,2,2,322
12819.0,93,1,540.52,2,1,2,212
12820.0,32,7,1747.18,3,4,4,344
12821.0,246,1,128.08,1,1,1,111
12823.0,29,13,4742.0,3,4,4,344
12825.0,156,2,518.63,1,2,2,122
12826.0,0,6,1481.03,4,4,3,443
12829.0,185,1,92.3,1,1,1,111
12831.0,98,2,236.06,2,2,1,221
12835.0,62,41,5996.83,2,4,4,244
12836.0,24,11,3949.37,3,4,4,344
12837.0,204,1,528.5600000000001,1,1,2,112
12838.0,8,9,2694.75,4,4,4,444
12839.0,2,13,4480.31,4,4,4,444
12840.0,72,3,1315.2,2,3,3,233
12841.0,4,17,3472.61,4,4,4,444
12842.0,39,2,799.0,3,2,3,323
12843.0,17,22,4881.1,4,4,4,444
12844.0,77,2,322.64,2,2,2,222
12846.0,317,1,15.58,1,1,1,111
12847.0,22,1,765.36,3,1,3,313
12848.0,310,1,208.0,1,1,1,111
12849.0,16,4,2032.18,4,3,4,434
12850.0,80,1,330.0,2,1,2,212
12851.0,112,1,148.95,2,1,1,211
12853.0,62,5,1950.4,2,3,4,234
12854.0,196,4,1654.72,1,3,3,133
12855.0,7,4,612.84,4,3,2,432
12857.0,71,4,2581.6,2,3,4,234
12858.0,18,1,147.27,3,1,1,311
12859.0,93,1,575.1,2,1,2,212
12860.0,328,1,54.22,1,1,1,111
12861.0,254,1,68.25,1,1,1,111
12862.0,60,2,984.62,2,2,3,223
12863.0,14,5,2271.35,4,3,4,434
12864.0,143,1,152.45,1,1,1,111
12865.0,13,2,1755.24,4,2,4,424
12866.0,109,2,668.23,2,2,2,222
12867.0,32,6,3819.92,3,4,4,344
12868.0,8,3,640.0,4,3,2,432
12869.0,316,1,337.66999999999996,1,1,2,112
12870.0,10,3,1676.95,4,3,3,433
12871.0,74,1,363.38,2,1,2,212
12872.0,0,11,3062.52,4,4,4,444
12873.0,32,2,1653.3,3,2,3,323
12874.0,20,2,948.42,3,2,3,323
12875.0,106,3,1013.7600000000001,2,3,3,233
12876.0,29,2,1863.77,3,2,4,324
12877.0,36,8,1406.3700000000001,3,4,3,343
12880.0,16,2,640.13,4,2,2,422
12887.0,18,1,222.4,3,1,1,311
12889.0,16,4,385.46000000000004,4,3,2,432
12890.0,22,1,329.3,3,1,2,312
12891.0,93,8,509.5,2,4,2,242
12892.0,31,1,263.38,3,1,1,311
12894.0,210,1,157.35,1,1,1,111
12897.0,16,2,297.75,4,2,1,421
12898.0,98,2,296.21,2,2,1,221
12899.0,48,1,366.4,3,1,2,312
12900.0,57,1,340.33000000000004,2,1,2,212
12903.0,63,1,833.5300000000001,2,1,3,213
12905.0,211,2,1018.42,1,2,3,123
12907.0,30,2,508.91,3,2,2,322
12908.0,15,3,1026.0,4,3,3,433
12909.0,59,3,924.52,2,3,3,233
12910.0,14,5,2721.48,4,3,4,434
12911.0,186,1,1651.72,1,1,3,113
12913.0,3,9,4217.23,4,4,4,444
12914.0,35,1,223.98,3,1,1,311
12915.0,7,3,811.1,4,3,3,433
12916.0,77,3,1534.78,2,3,3,233
12917.0,35,5,3765.2,3,3,4,334
12918.0,261,1,10953.5,1,1,4,114
12920.0,206,3,323.86,1,3,2,132
12921.0,1,39,19333.95,4,4,4,444
12923.0,25,2,597.6,3,2,2,322
12924.0,28,8,1535.7,3,4,3,343
12925.0,227,1,35.28,1,1,1,111
12926.0,46,4,1523.97,3,3,3,333
12927.0,29,1,197.31,3,1,1,311
12928.0,13,7,2242.19,4,4,4,444
12931.0,15,42,50291.38,4,4,4,444
12932.0,174,8,1698.56,1,4,3,143
12933.0,15,5,1029.1,4,3,3,433
12934.0,371,1,181.65,1,1,1,111
12935.0,10,8,2083.16,4,4,4,444
12937.0,98,5,1593.34,2,3,3,233
12939.0,14,12,13683.0,4,4,4,444
12941.0,359,1,377.49,1,1,2,112
12942.0,0,1,258.75,4,1,1,411
12943.0,193,2,496.5,1,2,2,122
12945.0,291,1,437.16,1,1,2,112
12946.0,71,1,324.45,2,1,2,212
12947.0,8,1,304.04,4,1,1,411
12948.0,365,2,252.48,1,2,1,121
12949.0,17,14,11359.48,4,4,4,444
12951.0,21,9,2149.65,3,4,4,344
12953.0,157,1,498.96,1,1,2,112
12954.0,273,1,162.45,1,1,1,111
12956.0,319,3,413.82,1,3,2,132
12957.0,176,5,4689.43,1,3,4,134
12958.0,35,2,467.34,3,2,2,322
12959.0,119,1,150.95,2,1,1,211
12960.0,48,4,1322.0700000000002,3,3,3,333
12961.0,14,1,211.99,4,1,1,411
12963.0,0,5,1744.96,4,3,4,434
12964.0,72,1,132.24,2,1,1,211
12967.0,6,2,2646.02,4,2,4,424
12969.0,237,1,122.45,1,1,1,111
12970.0,15,6,1048.13,4,4,3,443
12971.0,1,33,4782.88,4,4,4,444
12972.0,48,4,1161.2,3,3,3,333
12973.0,48,1,385.55,3,1,2,312
12974.0,200,1,264.15,1,1,1,111
12975.0,71,6,2100.09,2,4,4,244
12976.0,13,7,2417.78,4,4,4,444
12977.0,136,3,474.64,1,3,2,132
12978.0,20,5,2502.82,3,3,4,334
12979.0,364,1,517.7,1,1,2,112
12980.0,21,12,8870.880000000001,3,4,4,344
12982.0,29,7,2354.27,3,4,4,344
12983.0,233,1,490.08,1,1,2,112
12986.0,63,10,2729.84,2,4,4,244
12987.0,55,3,753.51,2,3,3,233
12989.0,59,18,6627.64,2,4,4,244
12990.0,52,4,546.0,3,3,2,332
12991.0,24,1,261.06,3,1,1,311
12992.0,360,1,93.35,1,1,1,111
12993.0,80,4,844.87,2,3,3,233
12996.0,10,1,355.5,4,1,2,412
12997.0,29,4,884.02,3,3,3,333
12998.0,127,3,920.08,2,3,3,233
13000.0,360,1,497.65,1,1,2,112
13001.0,39,20,14256.68,3,4,4,344
13002.0,51,2,293.18,3,2,1,321
13004.0,21,18,5994.94,3,4,4,344
13005.0,66,2,485.98,2,2,2,222
13007.0,214,1,175.25,1,1,1,111
13008.0,32,2,382.66,3,2,2,322
13009.0,307,1,234.0,1,1,1,111
13010.0,9,2,330.12,4,2,2,422
13011.0,7,1,50.550000000000004,4,1,1,411
13012.0,64,3,1310.99,2,3,3,233
13013.0,6,18,7814.83,4,4,4,444
13014.0,67,1,1914.8,2,1,4,214
13015.0,73,6,3240.14,2,4,4,244
13018.0,48,7,2485.46,3,4,4,344
13019.0,14,6,1229.95,4,4,3,443
13020.0,197,2,618.96,1,2,2,122
13021.0,9,8,2270.86,4,4,4,444
13022.0,64,1,65.3,2,1,1,211
13023.0,163,1,759.13,1,1,3,113
13024.0,105,2,555.87,2,2,2,222
13025.0,366,1,323.39,1,1,2,112
13026.0,123,4,757.72,2,3,3,233
13027.0,20,13,10327.2,3,4,4,344
13029.0,9,2,679.8,4,2,2,422
13030.0,3,1,402.36,4,1,2,412
13031.0,42,5,3292.84,3,3,4,334
13032.0,27,7,1805.78,3,4,4,344
13033.0,64,1,30.0,2,1,1,211
13034.0,4,2,279.91,4,2,1,421
13035.0,66,1,442.32,2,1,2,212
13036.0,319,1,307.1,1,1,1,111
13037.0,34,9,3033.88,3,4,4,344
13039.0,219,4,1010.73,1,3,3,133
13041.0,85,4,799.13,2,3,3,233
13042.0,233,3,1488.59,1,3,3,133
13044.0,127,10,4287.58,2,4,4,244
13045.0,36,2,503.64,3,2,2,322
13046.0,91,1,319.94,2,1,2,212
13047.0,8,17,5557.62,4,4,4,444
13048.0,71,5,2229.7200000000003,2,3,4,234
13049.0,24,2,751.5600000000001,3,2,3,323
13050.0,1,19,6477.67,4,4,4,444
13051.0,213,2,155.8,1,2,1,121
13052.0,55,6,2771.18,2,4,4,244
13053.0,256,1,127.65,1,1,1,111
13055.0,64,1,1106.7,2,1,3,213
13056.0,186,1,209.48,1,1,1,111
13057.0,165,3,709.59,1,3,3,133
13059.0,48,9,2108.37,3,4,4,344
13063.0,115,1,188.4,2,1,1,211
13064.0,185,2,561.25,1,2,2,122
13065.0,8,5,1055.05,4,3,3,433
13067.0,44,2,393.05,3,2,2,322
13069.0,4,16,5185.51,4,4,4,444
13070.0,94,3,522.9,2,3,2,232
13071.0,247,1,129.22,1,1,1,111
13073.0,46,2,418.08,3,2,2,322
13074.0,146,4,1378.74,1,3,3,133
13076.0,92,1,135.4,2,1,1,211
13077.0,1,8,2326.35,4,4,4,444
13078.0,1,32,16904.51,4,4,4,444
13079.0,52,1,199.08,3,1,1,311
13080.0,36,3,222.65,3,3,1,331
13081.0,6,19,30867.77,4,4,4,444
13082.0,59,12,3722.12,2,4,4,244
13083.0,60,1,91.67999999999999,2,1,1,211
13084.0,126,1,122.39999999999999,2,1,1,211
13085.0,314,6,2017.2,1,4,4,144
13086.0,17,1,439.33000000000004,4,1,2,412
13087.0,361,1,313.64,1,1,2,112
13088.0,52,1,236.11,3,1,1,311
13089.0,3,109,57885.45,4,4,4,444
13090.0,0,13,5189.32,4,4,4,444
13091.0,364,2,1976.0,1,2,4,124
13092.0,49,7,1662.45,3,4,3,343
13093.0,8,48,47111.18,4,4,4,444
13094.0,3,2,505.80000000000007,4,2,2,422
13096.0,29,1,419.7000000000001,3,1,2,312
13097.0,23,18,7320.88,3,4,4,344
13101.0,133,3,594.21,2,3,2,232
13102.0,0,14,5272.83,4,4,4,444
13103.0,72,2,465.70000000000005,2,2,2,222
13104.0,50,3,610.62,3,3,2,332
13105.0,71,1,72.0,2,1,1,211
13106.0,48,1,526.96,3,1,2,312
13107.0,48,5,3721.45,3,3,4,334
13108.0,7,2,748.46,4,2,3,423
13109.0,186,1,347.49,1,1,2,112
13110.0,72,5,1468.8,2,3,3,233
13111.0,353,1,321.88000000000005,1,1,2,112
13112.0,176,1,20.599999999999998,1,1,1,111
13113.0,1,14,6357.08,4,4,4,444
13114.0,365,1,234.38,1,1,1,111
13115.0,14,6,3199.92,4,4,4,444
13117.0,0,12,1658.9,4,4,3,443
13118.0,11,4,1217.6,4,3,3,433
13119.0,303,1,134.9,1,1,1,111
13123.0,107,2,506.75,2,2,2,222
13124.0,20,1,885.33,3,1,3,313
13125.0,158,1,148.62,1,1,1,111
13126.0,1,7,1898.61,4,4,4,444
13128.0,266,1,263.5,1,1,1,111
13129.0,87,2,233.25,2,2,1,221
13131.0,53,4,2240.4700000000003,2,3,4,234
13133.0,94,1,90.65,2,1,1,211
13134.0,37,2,681.65,3,2,2,322
13135.0,126,1,275.45,2,1,1,211
13136.0,10,8,3666.9500000000003,4,4,4,444
13137.0,21,8,3983.65,3,4,4,344
13138.0,7,2,504.85,4,2,2,422
13139.0,72,1,3138.04,2,1,4,214
13140.0,1,3,790.71,4,3,3,433
13141.0,20,12,5267.33,3,4,4,344
13143.0,219,1,405.1,1,1,2,112
13144.0,66,1,24.4,2,1,1,211
13145.0,7,4,805.0,4,3,3,433
13148.0,24,14,4814.56,3,4,4,344
13150.0,119,3,449.96999999999997,2,3,2,232
13151.0,260,2,1207.3400000000001,1,2,3,123
13152.0,52,7,2146.38,3,4,4,344
13154.0,34,3,1624.84,3,3,3,333
13155.0,3,3,778.4200000000001,4,3,3,433
13156.0,20,3,1586.54,3,3,3,333
13157.0,44,5,3946.14,3,3,4,334
13158.0,23,1,307.12,3,1,1,311
13161.0,135,1,359.38,2,1,2,212
13162.0,15,12,7587.2,4,4,4,444
13163.0,245,1,17.65,1,1,1,111
13164.0,204,2,372.2,1,2,2,122
13165.0,48,1,429.68,3,1,2,312
13166.0,49,1,458.73,3,1,2,312
13167.0,25,1,333.82,3,1,2,312
13168.0,177,1,541.14,1,1,2,112
13169.0,197,1,127.2,1,1,1,111
13172.0,35,1,69.6,3,1,1,311
13173.0,2,10,2212.11,4,4,4,444
13174.0,4,10,6621.6,4,4,4,444
13175.0,217,2,831.45,1,2,3,123
13177.0,65,1,229.75,2,1,1,211
13178.0,32,10,8333.72,3,4,4,344
13179.0,253,1,572.3100000000001,1,1,2,112
13180.0,242,1,86.10000000000001,1,1,1,111
13181.0,16,1,359.69,4,1,2,412
13183.0,29,6,3078.4,3,4,4,344
13187.0,259,3,105.34,1,3,1,131
13190.0,179,3,570.66,1,3,2,132
13191.0,293,1,164.69,1,1,1,111
13192.0,170,4,1646.64,1,3,3,133
13194.0,56,1,412.08,2,1,2,212
13195.0,49,1,136.73,3,1,1,311
13196.0,78,3,1271.06,2,3,3,233
13197.0,244,1,373.01000000000005,1,1,2,112
13198.0,22,2,1572.99,3,2,3,323
13199.0,1,30,6615.77,4,4,4,444
13201.0,137,4,1233.06,1,3,3,133
13202.0,29,7,1580.3,3,4,3,343
13203.0,21,6,1778.79,3,4,4,344
13204.0,366,1,966.6600000000001,1,1,3,113
13205.0,78,1,2803.2,2,1,4,214
13206.0,35,13,8308.19,3,4,4,344
13207.0,86,2,285.6,2,2,1,221
13208.0,84,3,758.65,2,3,3,233
13209.0,149,5,2617.9,1,3,4,134
13211.0,16,7,1523.35,4,4,3,443
13213.0,18,6,2330.94,3,4,4,344
13214.0,52,7,3264.23,3,4,4,344
13215.0,37,1,81.6,3,1,1,311
13217.0,290,1,132.5,1,1,1,111
13219.0,253,1,76.23,1,1,1,111
13220.0,210,1,516.8,1,1,2,112
13222.0,212,1,88.5,1,1,1,111
13223.0,58,4,805.92,2,3,3,233
13225.0,56,9,9796.23,2,4,4,244
13226.0,28,1,204.25,3,1,1,311
13230.0,0,17,3457.83,4,4,4,444
13233.0,55,2,571.34,2,2,2,222
13234.0,307,2,346.5,1,2,2,122
13237.0,22,1,643.0,3,1,2,312
13238.0,65,2,305.9,2,2,1,221
13239.0,72,4,1265.1299999999999,2,3,3,233
13240.0,0,5,1036.21,4,3,3,433
13241.0,46,1,112.53,3,1,1,311
13242.0,86,4,429.0,2,3,2,232
13243.0,84,4,635.26,2,3,2,232
13245.0,67,1,558.72,2,1,2,212
13246.0,28,5,1390.23,3,3,3,333
13249.0,36,6,897.52,3,4,3,343
13250.0,95,2,253.09,2,2,1,221
13251.0,37,1,252.68,3,1,1,311
13252.0,29,2,399.3,3,2,2,322
13253.0,65,2,1920.71,2,2,4,224
13254.0,11,1,51.41,4,1,1,411
13255.0,8,2,504.95,4,2,2,422
13257.0,71,1,149.75,2,1,1,211
13258.0,14,2,336.59999999999997,4,2,2,422
13259.0,32,8,1119.36,3,4,3,343
13262.0,24,2,373.16,3,2,2,322
13263.0,28,4,1239.27,3,3,3,333
13264.0,77,1,722.5600000000001,2,1,3,213
13266.0,48,7,2300.78,3,4,4,344
13267.0,1,18,5236.77,4,4,4,444
13269.0,4,14,3545.47,4,4,4,444
13270.0,1,1,590.0,4,1,2,412
13274.0,44,1,360.85,3,1,2,312
13275.0,18,2,238.86,3,2,1,321
13276.0,32,3,1300.98,3,3,3,333
13277.0,15,3,264.9,4,3,1,431
13278.0,34,3,893.12,3,3,3,333
13280.0,14,4,1494.8700000000001,4,3,3,433
13281.0,74,1,350.85,2,1,2,212
13282.0,41,1,181.05,3,1,1,311
13283.0,202,2,279.7,1,2,1,121
13285.0,235,2,655.47,1,2,2,122
13286.0,235,1,734.91,1,1,3,113
13287.0,238,3,781.59,1,3,3,133
13288.0,78,5,927.61,2,3,3,233
13289.0,358,1,307.95,1,1,2,112
13290.0,73,1,208.63,2,1,1,211
13291.0,49,10,2909.68,3,4,4,344
13292.0,50,3,415.57,3,3,2,332
13293.0,27,6,1192.94,3,4,3,343
13294.0,281,1,815.79,1,1,3,113
13295.0,11,3,900.77,4,3,3,433
13296.0,58,5,705.11,2,3,3,233
13297.0,20,3,2278.77,3,3,4,334
13299.0,58,2,1076.2,2,2,3,223
13300.0,23,2,913.62,3,2,3,323
13302.0,161,1,95.45,1,1,1,111
13303.0,35,1,61.72,3,1,1,311
13304.0,90,3,917.57,2,3,3,233
13305.0,7,7,1751.75,4,4,4,444
13306.0,65,1,53.65,2,1,1,211
13307.0,122,2,258.34,2,2,1,221
13308.0,231,1,284.86,1,1,1,111
13309.0,27,1,249.58,3,1,1,311
13310.0,15,2,409.17,4,2,2,422
13312.0,86,1,124.75,2,1,1,211
13313.0,114,7,1890.0,2,4,4,244
13315.0,324,1,310.26000000000005,1,1,2,112
13316.0,27,6,7207.89,3,4,4,344
13317.0,20,13,4212.411,3,4,4,344
13319.0,0,34,11236.95,4,4,4,444
13320.0,69,2,679.4,2,2,2,222
13324.0,63,8,3391.52,2,4,4,244
13326.0,67,1,281.76,2,1,1,211
13327.0,0,14,6251.71,4,4,4,444
13329.0,1,7,4323.97,4,4,4,444
13330.0,90,3,1655.17,2,3,3,233
13331.0,36,1,262.4,3,1,1,311
13333.0,46,3,1015.74,3,3,3,333
13334.0,171,2,2699.48,1,2,4,124
13337.0,181,1,1575.26,1,1,3,113
13338.0,176,3,1958.6,1,3,4,134
13340.0,52,5,11364.08,3,3,4,334
13346.0,97,6,299.4,2,4,1,241
13357.0,129,4,3196.11,2,3,4,234
13359.0,38,1,603.75,3,1,2,312
13360.0,66,4,1553.65,2,3,3,233
13361.0,107,2,1450.5,2,2,3,223
13362.0,13,3,2303.33,4,3,4,434
13363.0,44,1,731.36,3,1,3,313
13367.0,66,1,510.2,2,1,2,212
13368.0,49,2,498.1,3,2,2,322
13369.0,0,1,308.28000000000003,4,1,2,412
13370.0,6,1,754.87,4,1,3,413
13371.0,140,2,2297.66,1,2,4,124
13373.0,50,3,4274.94,3,3,4,334
13374.0,49,2,422.8,3,2,2,322
13375.0,79,1,1013.58,2,1,3,213
13377.0,31,2,1552.88,3,2,3,323
13380.0,67,1,62.4,2,1,1,211
13381.0,14,6,4585.06,4,4,4,444
13382.0,63,4,1164.5900000000001,2,3,3,233
13383.0,178,1,305.28000000000003,1,1,1,111
13384.0,25,4,2528.9,3,3,4,334
13386.0,49,2,835.46,3,2,3,323
13387.0,52,1,186.94,3,1,1,311
13388.0,238,1,508.55,1,1,2,112
13392.0,312,1,91.14,1,1,1,111
13393.0,218,4,1131.45,1,3,3,133
13394.0,14,11,4101.68,4,4,4,444
13395.0,35,2,872.51,3,2,3,323
13397.0,72,5,1647.74,2,3,3,233
13398.0,83,1,213.0,2,1,1,211
13399.0,99,3,275.4,2,3,1,231
13400.0,217,1,310.83,1,1,2,112
13402.0,7,3,913.9,4,3,3,433
13403.0,22,2,154.5,3,2,1,321
13405.0,116,3,641.36,2,3,2,232
13406.0,62,2,568.92,2,2,2,222
13407.0,213,3,2244.7,1,3,4,134
13408.0,6,46,23616.422,4,4,4,444
13410.0,28,4,1198.9,3,3,3,333
13412.0,255,1,487.35,1,1,2,112
13413.0,274,6,429.44,1,4,2,142
13414.0,98,3,1103.64,2,3,3,233
13415.0,107,4,784.17,2,3,3,233
13416.0,371,1,228.3,1,1,1,111
13417.0,182,4,1028.66,1,3,3,133
13418.0,7,15,6055.47,4,4,4,444
13421.0,41,6,2225.04,3,4,4,344
13423.0,63,1,217.03,2,1,1,211
13424.0,84,1,572.77,2,1,2,212
13425.0,143,2,1766.22,1,2,4,124
13426.0,17,12,4526.06,4,4,4,444
13427.0,112,3,423.93,2,3,2,232
13428.0,149,2,276.76,1,2,1,121
13431.0,41,6,2047.14,3,4,4,344
13432.0,206,2,439.1,1,2,2,122
13433.0,136,4,658.32,1,3,2,132
13434.0,20,3,1132.6200000000001,3,3,3,333
13435.0,11,2,637.44,4,2,2,422
13438.0,182,1,46.5,1,1,1,111
13439.0,23,2,702.9,3,2,3,323
13440.0,58,7,1295.25,2,4,3,243
13441.0,66,1,424.26,2,1,2,212
13442.0,302,3,419.87,1,3,2,132
13443.0,83,6,1273.16,2,4,3,243
13444.0,9,2,619.08,4,2,2,422
13445.0,261,1,241.89999999999998,1,1,1,111
13446.0,65,11,3881.89,2,4,4,244
13448.0,8,9,5655.2,4,4,4,444
13450.0,9,7,2076.32,4,4,4,444
13451.0,16,6,4191.8,4,4,4,444
13452.0,107,1,139.8,2,1,1,211
13453.0,37,1,424.71,3,1,2,312
13454.0,276,1,219.87,1,1,1,111
13455.0,1,5,1847.5900000000001,4,3,4,434
13457.0,323,2,148.22,1,2,1,121
13458.0,14,2,2312.7000000000003,4,2,4,424
13459.0,259,2,1160.41,1,2,3,123
13461.0,42,3,2715.0,3,3,4,334
13462.0,45,4,1002.35,3,3,3,333
13464.0,29,5,2422.96,3,3,4,334
13465.0,81,2,931.12,2,2,3,223
13466.0,43,4,705.45,3,3,3,333
13468.0,3,38,7670.54,4,4,4,444
13469.0,288,1,82.4,1,1,1,111
13472.0,98,2,592.24,2,2,2,222
13473.0,209,6,2235.12,1,4,4,144
13474.0,78,2,419.75,2,2,2,222
13476.0,41,3,823.0,3,3,3,333
13477.0,90,5,1364.5900000000001,2,3,3,233
13478.0,104,5,2215.78,2,3,4,234
13479.0,87,2,550.42,2,2,2,222
13480.0,51,2,627.82,3,2,2,322
13481.0,9,6,2026.28,4,4,4,444
13482.0,262,1,151.45,1,1,1,111
13484.0,18,2,476.92,3,2,2,322
13485.0,11,10,2564.98,4,4,4,444
13487.0,140,2,271.47,1,2,1,121
13488.0,2,11,6619.57,4,4,4,444
13490.0,289,1,154.25,1,1,1,111
13491.0,7,18,3350.7400000000002,4,4,4,444
13495.0,3,6,3329.39,4,4,4,444
13497.0,3,5,972.2800000000001,4,3,3,433
13498.0,365,1,327.38,1,1,2,112
13500.0,36,1,299.53,3,1,1,311
13501.0,121,2,1544.79,2,2,3,223
13502.0,50,2,488.5,3,2,2,322
13503.0,114,5,1642.39,2,3,3,233
13506.0,4,4,1180.68,4,3,3,433
13508.0,277,1,176.07999999999998,1,1,1,111
13509.0,142,1,135.0,1,1,1,111
13510.0,10,7,2766.73,4,4,4,444
13511.0,311,1,282.76,1,1,1,111
13512.0,22,3,462.18,3,3,2,332
13513.0,76,2,619.49,2,2,2,222
13514.0,63,3,663.7,2,3,2,232
13515.0,84,2,374.7,2,2,2,222
13516.0,52,1,295.85,3,1,1,311
13519.0,77,1,220.46,2,1,1,211
13520.0,6,6,3285.05,4,4,4,444
13523.0,1,2,1136.64,4,2,3,423
13526.0,373,2,1182.0,1,2,3,123
13527.0,53,5,2298.93,2,3,4,234
13530.0,269,1,402.98,1,1,2,112
13531.0,1,5,1254.72,4,3,3,433
13534.0,14,10,1850.82,4,4,4,444
13535.0,37,1,89.5,3,1,1,311
13537.0,60,2,717.85,2,2,3,223
13538.0,31,5,1822.28,3,3,4,334
13539.0,55,4,938.02,2,3,3,233
13540.0,102,3,632.39,2,3,2,232
13541.0,62,2,785.25,2,2,3,223
13542.0,11,17,3959.4900000000002,4,4,4,444
13543.0,269,2,1439.61,1,2,3,123
13544.0,46,4,514.14,3,3,2,332
13545.0,25,2,364.93,3,2,2,322
13546.0,17,2,465.15,4,2,2,422
13547.0,43,1,167.08,3,1,1,311
13548.0,106,1,223.28,2,1,1,211
13549.0,22,1,87.6,3,1,1,311
13550.0,18,1,342.55,3,1,2,312
13551.0,301,1,152.39999999999998,1,1,1,111
13552.0,63,10,3208.85,2,4,4,244
13553.0,309,1,499.6,1,1,2,112
13554.0,15,7,1629.35,4,4,3,443
13555.0,13,9,4792.96,4,4,4,444
13556.0,64,2,200.82,2,2,1,221
13557.0,50,11,2448.2,3,4,4,344
13559.0,147,2,990.0,1,2,3,123
13561.0,32,10,1661.54,3,4,3,343
13562.0,36,5,3038.85,3,3,4,334
13564.0,3,35,15310.35,4,4,4,444
13565.0,46,1,174.57999999999998,3,1,1,311
13566.0,69,3,831.76,2,3,3,233
13567.0,63,4,1079.29,2,3,3,233
13569.0,2,3,497.74,4,3,2,432
13571.0,17,14,2448.32,4,4,4,444
13573.0,14,4,614.27,4,3,2,432
13574.0,46,1,404.45,3,1,2,312
13576.0,8,11,4834.4,4,4,4,444
13577.0,17,7,1801.68,4,4,4,444
13578.0,44,1,147.66,3,1,1,311
13579.0,4,4,1072.0,4,3,3,433
13580.0,41,1,107.75,3,1,1,311
13581.0,49,1,162.53,3,1,1,311
13582.0,24,2,241.68,3,2,1,321
13583.0,314,1,664.001,1,1,2,112
13584.0,133,2,243.3,2,2,1,221
13585.0,165,3,684.54,1,3,2,132
13586.0,176,1,127.28,1,1,1,111
13587.0,84,3,961.1,2,3,3,233
13589.0,84,4,741.09,2,3,3,233
13590.0,10,12,4354.12,4,4,4,444
13591.0,70,4,976.81,2,3,3,233
13593.0,22,9,3481.4100000000003,3,4,4,344
13594.0,120,1,136.35000000000002,2,1,1,211
13595.0,151,3,784.48,1,3,3,133
13597.0,35,2,396.71,3,2,2,322
13598.0,130,4,601.92,2,3,2,232
13599.0,1,14,5013.96,4,4,4,444
13600.0,269,1,298.9,1,1,1,111
13601.0,27,2,466.67,3,2,2,322
13602.0,16,3,596.28,4,3,2,432
13604.0,293,1,717.62,1,1,3,113
13605.0,22,2,522.67,3,2,2,322
13607.0,37,1,400.3,3,1,2,312
13608.0,175,1,232.05,1,1,1,111
13609.0,228,1,167.35,1,1,1,111
13610.0,22,7,1021.38,3,4,3,343
13611.0,9,7,2143.53,4,4,4,444
13612.0,267,1,818.29,1,1,3,113
13613.0,87,5,1039.8500000000001,2,3,3,233
13614.0,28,2,747.28,3,2,3,323
13615.0,34,7,5854.84,3,4,4,344
13616.0,203,2,283.85,1,2,1,121
13617.0,43,5,734.57,3,3,3,333
13619.0,179,2,224.94,1,2,1,121
13620.0,163,1,112.34,1,1,1,111
13622.0,331,1,658.95,1,1,2,112
13623.0,15,5,1805.32,4,3,4,434
13624.0,23,1,462.08,3,1,2,312
13625.0,231,1,301.26,1,1,1,111
13626.0,14,1,449.81,4,1,2,412
13627.0,123,2,607.43,2,2,2,222
13628.0,311,1,310.14,1,1,2,112
13629.0,48,8,5578.5,3,4,4,344
13632.0,29,3,1526.88,3,3,3,333
13634.0,9,11,3486.41,4,4,4,444
13635.0,77,3,1928.13,2,3,4,234
13639.0,71,1,312.93,2,1,2,212
13640.0,246,1,405.0,1,1,2,112
13641.0,275,5,1016.47,1,3,3,133
13642.0,67,3,159.92,2,3,1,231
13643.0,17,7,1637.33,4,4,3,443
13646.0,34,2,326.25,3,2,2,322
13647.0,129,4,1393.56,2,3,3,233
13648.0,35,8,1764.02,3,4,4,344
13649.0,1,5,1304.88,4,3,3,433
13650.0,9,4,1451.66,4,3,3,433
13651.0,16,1,132.65,4,1,1,411
13652.0,3,3,1475.77,4,3,3,433
13653.0,122,1,152.2,2,1,1,211
13654.0,15,5,3600.67,4,3,4,434
13655.0,9,4,1347.54,4,3,3,433
13656.0,134,2,699.2,2,2,2,222
13658.0,18,4,3386.33,3,3,4,334
13659.0,51,10,3321.68,3,4,4,344
13660.0,35,1,306.64,3,1,1,311
13661.0,238,1,325.24,1,1,2,112
13662.0,20,8,1352.35,3,4,3,343
13663.0,15,4,1858.04,4,3,4,434
13665.0,21,3,1711.66,3,3,3,333
13666.0,55,2,43.25,2,2,1,221
13668.0,18,14,6638.650000000001,3,4,4,344
13669.0,42,1,195.0,3,1,1,311
13671.0,29,1,172.6,3,1,1,311
13672.0,365,1,233.53,1,1,1,111
13674.0,67,1,240.68,2,1,1,211
13676.0,174,2,243.9,1,2,1,121
13677.0,39,2,551.24,3,2,2,322
13679.0,128,3,281.26,2,3,1,231
13680.0,106,8,7700.55,2,4,4,244
13683.0,92,1,258.6,2,1,1,211
13684.0,25,3,529.75,3,3,2,332
13686.0,15,2,337.04,4,2,2,422
13687.0,73,1,11880.84,2,1,4,214
13688.0,270,1,375.5,1,1,2,112
13689.0,79,1,349.5,2,1,2,212
13691.0,31,1,212.78,3,1,1,311
13692.0,43,2,1626.08,3,2,3,323
13693.0,9,9,2011.8200000000002,4,4,4,444
13694.0,8,94,131443.19,4,4,4,444
13695.0,212,1,266.6,1,1,1,111
13696.0,56,3,2020.4,2,3,4,234
13698.0,231,2,451.73,1,2,2,122
13699.0,185,1,455.57,1,1,2,112
13700.0,52,3,348.34,3,3,2,332
13701.0,81,1,161.0,2,1,1,211
13702.0,80,1,135.18,2,1,1,211
13703.0,50,1,326.06,3,1,2,312
13705.0,8,5,1323.47,4,3,3,433
13706.0,261,1,300.38,1,1,1,111
13707.0,64,3,2559.45,2,3,4,234
13709.0,81,5,1263.7,2,3,3,233
13710.0,58,2,329.04,2,2,2,222
13711.0,41,7,1540.2,3,4,3,343
13712.0,245,1,537.58,1,1,2,112
13713.0,43,3,740.76,3,3,3,333
13714.0,100,1,161.35,2,1,1,211
13715.0,7,13,7348.3,4,4,4,444
13717.0,92,2,318.29,2,2,2,222
13719.0,28,6,1741.4,3,4,4,344
13721.0,30,1,217.39999999999998,3,1,1,311
13722.0,55,7,3260.0,2,4,4,244
13723.0,27,5,994.23,3,3,3,333
13724.0,272,1,213.01,1,1,1,111
13727.0,246,6,740.6700000000001,1,4,3,143
13728.0,22,10,1839.03,3,4,4,344
13729.0,70,3,724.73,2,3,3,233
13733.0,45,2,487.03000000000003,3,2,2,322
13734.0,143,4,6695.6900000000005,1,3,4,134
13735.0,11,9,6879.2300000000005,4,4,4,444
13736.0,60,5,2022.67,2,3,4,234
13738.0,31,1,434.78000000000003,3,1,2,312
13739.0,162,1,75.3,1,1,1,111
13740.0,50,4,1232.02,3,3,3,333
13745.0,181,1,477.32,1,1,2,112
13746.0,48,1,176.69,3,1,1,311
13747.0,8,2,169.8,4,2,1,421
13748.0,8,5,1320.1,4,3,3,433
13750.0,15,6,1954.92,4,4,4,444
13752.0,162,1,404.45000000000005,1,1,2,112
13753.0,233,3,1353.31,1,3,3,133
13754.0,72,1,164.45,2,1,1,211
13756.0,2,10,3999.2300000000005,4,4,4,444
13757.0,309,1,195.55,1,1,1,111
13758.0,1,10,6226.43,4,4,4,444
13760.0,39,3,1076.85,3,3,3,333
13761.0,137,4,881.52,1,3,3,133
13762.0,228,4,2165.76,1,3,4,134
13763.0,52,2,3502.48,3,2,4,324
13764.0,204,3,1400.2,1,3,3,133
13765.0,288,1,352.821,1,1,2,112
13766.0,130,1,190.35,2,1,1,211
13767.0,4,39,18320.170000000002,4,4,4,444
13768.0,361,2,875.97,1,2,3,123
13769.0,2,11,3003.9100000000003,4,4,4,444
13770.0,57,4,785.37,2,3,3,233
13771.0,168,5,3094.37,1,3,4,134
13772.0,35,5,1977.39,3,3,4,334
13773.0,31,2,301.54,3,2,1,321
13775.0,225,1,1049.66,1,1,3,113
13776.0,63,2,623.98,2,2,2,222
13777.0,1,37,30501.260000000002,4,4,4,444
13778.0,126,3,945.79,2,3,3,233
13779.0,150,1,161.13,1,1,1,111
13780.0,42,1,372.06,3,1,2,312
13781.0,227,2,650.99,1,2,2,122
13782.0,88,7,877.22,2,4,3,243
13783.0,122,4,1542.09,2,3,3,233
13784.0,69,3,447.44,2,3,2,232
13785.0,63,4,542.49,2,3,2,232
13786.0,2,6,3127.9900000000002,4,4,4,444
13787.0,93,4,913.46,2,3,3,233
13788.0,140,1,3.75,1,1,1,111
13789.0,23,1,239.46,3,1,1,311
13792.0,57,1,188.4,2,1,1,211
13793.0,281,1,96.0,1,1,1,111
13794.0,181,1,126.03,1,1,1,111
13795.0,23,4,836.3,3,3,3,333
13796.0,134,1,289.7,2,1,1,211
13797.0,71,3,1179.45,2,3,3,233
13798.0,7,54,38683.02,4,4,4,444
13799.0,79,7,2114.71,2,4,4,244
13800.0,65,2,1121.24,2,2,3,223
13802.0,9,16,21659.69,4,4,4,444
13803.0,66,2,1061.84,2,2,3,223
13804.0,70,2,572.73,2,2,2,222
13807.0,2,3,422.2,4,3,2,432
13809.0,29,2,524.65,3,2,2,322
13813.0,162,4,1398.6100000000001,1,3,3,133
13814.0,162,1,678.2,1,1,2,112
13815.0,41,4,3448.38,3,3,4,334
13818.0,64,1,61.28,2,1,1,211
13819.0,304,3,1502.0,1,3,3,133
13820.0,53,3,652.75,2,3,2,232
13821.0,28,4,993.44,3,3,3,333
13823.0,15,5,2445.79,4,3,4,434
13824.0,14,7,1615.82,4,4,3,443
13825.0,256,2,255.59,1,2,1,121
13829.0,56,1,102.0,2,1,1,211
13830.0,216,1,156.85000000000002,1,1,1,111
13831.0,4,13,4795.09,4,4,4,444
13832.0,57,1,557.69,2,1,2,212
13833.0,39,1,316.56,3,1,2,312
13834.0,211,2,324.19,1,2,2,122
13835.0,154,3,260.7,1,3,1,131
13836.0,34,2,620.37,3,2,2,322
13838.0,4,7,1245.91,4,4,3,443
13839.0,121,1,139.95000000000002,2,1,1,211
13840.0,51,1,651.4,3,1,2,312
13842.0,1,10,2244.29,4,4,4,444
13843.0,16,1,319.75,4,1,2,412
13846.0,34,1,442.73,3,1,2,312
13847.0,354,1,310.72,1,1,2,112
13848.0,1,6,2080.0,4,4,4,444
13849.0,32,3,1931.35,3,3,4,334
13851.0,14,5,1955.0,4,3,4,434
13852.0,245,1,187.35000000000002,1,1,1,111
13854.0,0,15,4144.44,4,4,4,444
13855.0,135,4,1310.3400000000001,2,3,3,233
13856.0,98,8,753.53,2,4,3,243
13857.0,28,6,1001.01,3,4,3,343
13859.0,164,1,314.7,1,1,2,112
13861.0,64,2,273.26,2,2,1,221
13862.0,24,1,346.73,3,1,2,312
13863.0,100,3,933.77,2,3,3,233
13864.0,21,1,662.4000000000001,3,1,2,312
13869.0,16,6,4913.22,4,4,4,444
13870.0,22,7,2941.14,3,4,4,344
13871.0,63,4,1482.6000000000001,2,3,3,233
13872.0,162,3,919.57,1,3,3,133
13873.0,18,5,649.32,3,3,2,332
13874.0,139,6,1508.7,1,4,3,143
13875.0,22,9,3027.58,3,4,4,344
13877.0,105,2,332.44,2,2,2,222
13878.0,182,3,1145.33,1,3,3,133
13879.0,280,1,395.5,1,1,2,112
13880.0,2,5,1171.89,4,3,3,433
13881.0,10,23,28019.58,4,4,4,444
13883.0,38,10,3885.54,3,4,4,344
13884.0,11,5,1037.43,4,3,3,433
13888.0,39,5,1405.92,3,3,3,333
13889.0,17,5,1574.3300000000002,4,3,3,433
13890.0,9,4,1043.57,4,3,3,433
13891.0,13,3,859.21,4,3,3,433
13892.0,112,2,634.68,2,2,2,222
13895.0,150,2,1415.45,1,2,3,123
13896.0,260,1,388.55,1,1,2,112
13897.0,73,2,849.5600000000001,2,2,3,223
13898.0,46,1,530.47,3,1,2,312
13900.0,24,3,869.64,3,3,3,333
13901.0,9,10,2809.14,4,4,4,444
13902.0,267,5,34095.26,1,3,4,134
13903.0,35,1,165.45000000000002,3,1,1,311
13905.0,367,1,312.65,1,1,2,112
13906.0,44,1,42.0,3,1,1,311
13907.0,326,1,136.8,1,1,1,111
13909.0,58,2,282.85,2,2,1,221
13911.0,14,11,1654.08,4,4,3,443
13912.0,58,1,124.95,2,1,1,211
13913.0,141,1,42.22,1,1,1,111
13915.0,29,1,70.80000000000001,3,1,1,311
13916.0,98,4,1275.81,2,3,3,233
13919.0,59,2,975.87,2,2,3,223
13920.0,66,4,1774.68,2,3,4,234
13921.0,37,4,730.7,3,3,3,333
13922.0,72,2,692.95,2,2,2,222
13927.0,72,1,359.27,2,1,2,212
13929.0,51,9,2651.45,3,4,4,344
13931.0,27,9,4019.85,3,4,4,344
13935.0,231,3,6116.92,1,3,4,134
13936.0,17,2,563.08,4,2,2,422
13937.0,37,1,721.28,3,1,3,313
13939.0,66,4,992.41,2,3,3,233
13941.0,7,11,6009.34,4,4,4,444
13942.0,169,1,320.0,1,1,2,112
13943.0,212,1,246.54000000000002,1,1,1,111
13944.0,288,1,200.43,1,1,1,111
13945.0,29,2,854.1500000000001,3,2,3,323
13946.0,11,3,1314.66,4,3,3,433
13948.0,46,3,446.76,3,3,2,332
13952.0,15,12,9572.45,4,4,4,444
13953.0,44,5,3125.0,3,3,4,334
13955.0,10,1,221.10999999999999,4,1,1,411
13957.0,52,3,458.25,3,3,2,332
13958.0,14,8,4709.2300000000005,4,4,4,444
13959.0,34,3,470.73,3,3,2,332
13961.0,27,1,538.4,3,1,2,312
13962.0,70,1,193.25,2,1,1,211
13963.0,2,14,2347.33,4,4,4,444
13964.0,22,2,438.9,3,2,2,322
13965.0,111,3,996.61,2,3,3,233
13966.0,70,1,384.26,2,1,2,212
13967.0,31,1,85.6,3,1,1,311
13968.0,58,1,123.66,2,1,1,211
13969.0,0,18,4266.88,4,4,4,444
13970.0,21,2,846.55,3,2,3,323
13971.0,58,6,1909.31,2,4,4,244
13974.0,217,1,264.13,1,1,1,111
13975.0,28,6,2795.16,3,4,4,344
13976.0,141,3,834.38,1,3,3,133
13977.0,46,1,519.8100000000001,3,1,2,312
13979.0,28,6,2510.06,3,4,4,344
13980.0,74,4,568.68,2,3,2,232
13981.0,50,1,331.14,3,1,2,312
13982.0,0,6,2511.08,4,4,4,444
13983.0,1,10,4479.82,4,4,4,444
13984.0,1,8,1128.09,4,4,3,443
13985.0,9,7,2960.73,4,4,4,444
13987.0,14,2,682.54,4,2,2,422
13988.0,18,2,609.84,3,2,2,322
13989.0,99,3,759.98,2,3,3,233
13992.0,15,2,142.7,4,2,1,421
13993.0,14,10,3309.35,4,4,4,444
13995.0,14,9,2508.32,4,4,4,444
13996.0,21,2,895.76,3,2,3,323
13997.0,154,3,376.46,1,3,2,132
13998.0,81,3,566.7,2,3,2,232
13999.0,9,17,5600.45,4,4,4,444
14000.0,49,4,1410.68,3,3,3,333
14001.0,8,7,2487.01,4,4,4,444
14003.0,367,1,209.41,1,1,1,111
14004.0,28,4,1675.81,3,3,3,333
14006.0,163,4,1234.48,1,3,3,133
14007.0,147,1,79.48,1,1,1,111
14008.0,67,1,509.04,2,1,2,212
14009.0,97,1,404.29999999999995,2,1,2,212
14010.0,200,2,445.15,1,2,2,122
14011.0,115,2,457.82,2,2,2,222
14013.0,15,2,611.55,4,2,2,422
14014.0,11,2,1443.03,4,2,3,423
14016.0,31,7,7062.2,3,4,4,344
14017.0,206,1,229.75,1,1,1,111
14018.0,280,1,367.15,1,1,2,112
14020.0,111,2,606.21,2,2,2,222
14021.0,9,4,1084.68,4,3,3,433
14022.0,121,1,352.15000000000003,2,1,2,212
14024.0,25,1,318.04,3,1,2,312
14025.0,99,8,4057.9,2,4,4,244
14026.0,105,2,713.11,2,2,3,223
14028.0,185,3,10396.5,1,3,4,134
14030.0,1,14,5839.46,4,4,4,444
14031.0,0,27,23632.72,4,4,4,444
14032.0,1,6,1874.68,4,4,4,444
14033.0,190,1,109.44,1,1,1,111
14035.0,41,4,1366.73,3,3,3,333
14037.0,113,4,689.75,2,3,2,232
14038.0,32,2,1509.5,3,2,3,323
14039.0,210,1,115.08000000000001,1,1,1,111
14040.0,21,23,8963.49,3,4,4,344
14042.0,360,1,431.98,1,1,2,112
14043.0,126,2,302.59999999999997,2,2,1,221
14044.0,53,6,2431.28,2,4,4,244
14045.0,8,13,9653.28,4,4,4,444
14047.0,7,10,2946.42,4,4,4,444
14048.0,17,2,338.76,4,2,2,422
14049.0,22,9,7444.68,3,4,4,344
14051.0,1,15,6784.01,4,4,4,444
14052.0,25,1,241.3,3,1,1,311
14053.0,32,2,312.05,3,2,2,322
14055.0,212,2,795.3199999999999,1,2,3,123
14057.0,16,5,2135.0,4,3,4,434
14058.0,97,2,469.19,2,2,2,222
14060.0,1,13,3378.66,4,4,4,444
14061.0,142,3,917.4300000000001,1,3,3,133
14062.0,9,12,15120.800000000001,4,4,4,444
14063.0,73,9,22710.2,2,4,4,244
14064.0,65,10,1925.9,2,4,4,244
14065.0,24,3,891.02,3,3,3,333
14068.0,238,3,1250.8700000000001,1,3,3,133
14069.0,149,2,225.81,1,2,1,121
14070.0,319,1,321.6,1,1,2,112
14072.0,301,1,390.85,1,1,2,112
14074.0,258,1,219.4,1,1,1,111
14075.0,38,3,792.61,3,3,3,333
14077.0,30,1,115.66,3,1,1,311
14078.0,8,4,640.34,4,3,2,432
14079.0,317,1,243.63,1,1,1,111
14080.0,48,4,1070.08,3,3,3,333
14081.0,4,9,4369.47,4,4,4,444
14082.0,27,1,231.10999999999999,3,1,1,311
14083.0,6,3,373.3,4,3,2,432
14084.0,147,1,150.5,1,1,1,111
14085.0,3,16,5607.43,4,4,4,444
14086.0,97,1,39.95,2,1,1,211
14087.0,39,2,638.0,3,2,2,322
14088.0,41,3,13544.99,3,3,4,334
14091.0,289,2,9530.08,1,2,4,124
14092.0,9,10,3152.54,4,4,4,444
14094.0,74,1,311.77,2,1,2,212
14095.0,357,1,2.95,1,1,1,111
14097.0,116,2,422.86,2,2,2,222
14099.0,10,9,2646.7400000000002,4,4,4,444
14101.0,23,7,3985.14,3,4,4,344
14104.0,24,3,527.3199999999999,3,3,2,332
14105.0,43,4,4722.6,3,3,4,334
14106.0,372,1,214.8,1,1,1,111
14107.0,83,4,2174.07,2,3,4,234
14108.0,366,2,447.05,1,2,2,122
14110.0,70,21,7304.8,2,4,4,244
14112.0,86,6,2919.44,2,4,4,244
14113.0,10,12,5252.1900000000005,4,4,4,444
14114.0,30,5,977.5600000000001,3,3,3,333
14115.0,136,2,622.67,1,2,2,122
14118.0,63,1,458.45,2,1,2,212
14119.0,10,2,183.37,4,2,1,421
14122.0,41,3,362.42,3,3,2,332
14123.0,368,1,436.18,1,1,2,112
14126.0,79,1,466.33000000000004,2,1,2,212
14127.0,15,3,1190.3700000000001,4,3,3,433
14128.0,186,1,286.71,1,1,1,111
14129.0,34,4,1467.48,3,3,3,333
14130.0,10,3,1377.86,4,3,3,433
14131.0,283,1,168.22,1,1,1,111
14133.0,368,1,305.5,1,1,1,111
14134.0,17,15,11123.35,4,4,4,444
14135.0,2,11,4953.61,4,4,4,444
14136.0,35,5,1570.81,3,3,3,333
14137.0,330,1,332.7,1,1,2,112
14139.0,125,3,670.98,2,3,2,232
14142.0,8,2,671.34,4,2,2,422
14144.0,121,1,30.6,2,1,1,211
14145.0,94,3,3857.85,2,3,4,234
14146.0,18,7,5259.3,3,4,4,344
14147.0,23,7,2106.8,3,4,4,344
14148.0,49,1,309.09000000000003,3,1,2,312
14151.0,308,2,679.45,1,2,2,122
14152.0,22,5,1376.05,3,3,3,333
14153.0,118,1,233.39999999999998,2,1,1,211
14154.0,16,6,5115.08,4,4,4,444
14156.0,6,102,196549.74,4,4,4,444
14157.0,24,3,553.8000000000001,3,3,2,332
14159.0,14,9,3230.45,4,4,4,444
14160.0,245,7,8421.47,1,4,4,144
14161.0,4,5,2182.46,4,3,4,434
14163.0,97,1,148.71,2,1,1,211
14166.0,140,2,251.15,1,2,1,121
14167.0,99,4,711.7,2,3,3,233
14168.0,55,2,370.45,2,2,2,222
14169.0,65,2,621.51,2,2,2,222
14170.0,10,3,570.18,4,3,2,432
14171.0,365,1,135.0,1,1,1,111
14172.0,240,3,369.02,1,3,2,132
14173.0,276,2,135.16,1,2,1,121
14175.0,53,5,4456.58,2,3,4,234
14176.0,2,2,339.11,4,2,2,422
14177.0,16,9,1660.23,4,4,3,443
14180.0,7,9,1570.73,4,4,3,443
14181.0,45,2,308.35,3,2,2,322
14182.0,78,4,678.77,2,3,2,232
14183.0,46,2,278.34000000000003,3,2,1,321
14186.0,62,5,1550.63,2,3,3,233
14187.0,108,1,123.5,2,1,1,211
14189.0,3,2,1160.31,4,2,3,423
14190.0,301,1,79.9,1,1,1,111
14191.0,29,2,132.9,3,2,1,321
14192.0,23,1,293.74,3,1,1,311
14193.0,31,1,356.8,3,1,2,312
14194.0,27,15,7321.070000000001,3,4,4,344
14195.0,74,4,1603.6,2,3,3,233
14197.0,45,1,390.05,3,1,2,312
14198.0,35,5,868.33,3,3,3,333
14199.0,58,3,906.3,2,3,3,233
14200.0,252,1,379.2,1,1,2,112
14201.0,44,3,446.1,3,3,2,332
14202.0,16,3,847.76,4,3,3,433
14203.0,32,1,339.34,3,1,2,312
14204.0,57,3,874.22,2,3,3,233
14205.0,29,7,1947.5,3,4,4,344
14206.0,23,2,856.85,3,2,3,323
14207.0,322,1,157.8,1,1,1,111
14208.0,186,1,415.31,1,1,2,112
14209.0,20,9,2919.84,3,4,4,344
14210.0,6,11,3955.6800000000003,4,4,4,444
14211.0,46,9,2161.19,3,4,4,344
14212.0,80,1,1119.66,2,1,3,213
14213.0,39,1,1192.2,3,1,3,313
14215.0,3,4,1626.6100000000001,4,3,3,433
14216.0,49,1,310.74,3,1,2,312
14217.0,1,7,1411.91,4,4,3,443
14219.0,44,2,543.89,3,2,2,322
14220.0,202,2,882.5999999999999,1,2,3,123
14221.0,84,8,3084.69,2,4,4,244
14224.0,25,5,831.98,3,3,3,333
14225.0,69,4,2031.07,2,3,4,234
14226.0,76,1,770.34,2,1,3,213
14227.0,49,5,3017.75,3,3,4,334
14228.0,72,3,745.5,2,3,3,233
14229.0,38,4,1046.84,3,3,3,333
14230.0,70,3,979.8000000000001,2,3,3,233
14231.0,85,1,309.91,2,1,2,212
14233.0,100,3,1441.55,2,3,3,233
14235.0,133,4,1573.13,2,3,3,233
14236.0,7,4,1253.78,4,3,3,433
14237.0,8,2,471.14,4,2,2,422
14238.0,297,2,287.38,1,2,1,121
14239.0,66,10,1882.3200000000002,2,4,4,244
14240.0,58,1,357.15000000000003,2,1,2,212
14241.0,331,1,120.0,1,1,1,111
14243.0,0,8,4842.28,4,4,4,444
14244.0,295,1,366.41999999999996,1,1,2,112
14247.0,39,4,616.79,3,3,2,332
14248.0,94,2,730.37,2,2,3,223
14249.0,45,12,5400.461,3,4,4,344
14252.0,16,1,350.99,4,1,2,412
14253.0,128,2,363.40000000000003,2,2,2,222
14254.0,67,1,601.03,2,1,2,212
14255.0,181,1,1000.63,1,1,3,113
14256.0,126,3,1491.73,2,3,3,233
14257.0,15,4,2854.73,4,3,4,434
14258.0,30,16,19381.36,3,4,4,344
14260.0,106,3,824.28,2,3,3,233
14263.0,58,1,322.93,2,1,2,212
14264.0,14,4,1183.39,4,3,3,433
14265.0,99,2,843.1700000000001,2,2,3,223
14266.0,63,1,40.56,2,1,1,211
14268.0,105,1,354.85,2,1,2,212
14269.0,74,1,295.73,2,1,1,211
14271.0,44,1,101.86,3,1,1,311
14272.0,197,2,482.85,1,2,2,122
14274.0,321,1,256.6,1,1,1,111
14275.0,30,6,1189.3799999999999,3,4,3,343
14276.0,42,4,982.9399999999999,3,3,3,333
14277.0,46,6,13009.61,3,4,4,344
14278.0,44,1,205.83,3,1,1,311
14279.0,155,2,191.86,1,2,1,121
14281.0,43,1,245.15,3,1,1,311
14282.0,2,11,4120.32,4,4,4,444
14283.0,98,4,628.44,2,3,2,232
14284.0,288,1,704.4,1,1,3,113
14285.0,148,4,1374.41,1,3,3,133
14286.0,39,4,3851.01,3,3,4,334
14290.0,48,3,2201.91,3,3,4,334
14291.0,15,12,4020.85,4,4,4,444
14292.0,45,7,4354.32,3,4,4,344
14293.0,3,6,2221.37,4,4,4,444
14294.0,42,1,375.34000000000003,3,1,2,312
14295.0,73,4,2196.71,2,3,4,234
14296.0,56,2,456.4,2,2,2,222
14298.0,10,38,39667.19,4,4,4,444
14299.0,0,19,10533.87,4,4,4,444
14301.0,51,3,1352.04,3,3,3,333
14302.0,65,3,742.9000000000001,2,3,3,233
14303.0,42,2,277.94,3,2,1,321
14304.0,14,2,1341.56,4,2,3,423
14306.0,13,4,1058.0800000000002,4,3,3,433
14307.0,8,5,2075.31,4,3,4,434
14308.0,184,2,1147.02,1,2,3,123
14309.0,48,2,1428.28,3,2,3,323
14310.0,67,1,492.1,2,1,2,212
14311.0,202,1,206.19,1,1,1,111
14312.0,13,5,1478.7,4,3,3,433
14314.0,65,1,109.8,2,1,1,211
14315.0,199,2,716.69,1,2,3,123
14316.0,57,5,1370.34,2,3,3,233
14318.0,95,1,158.02,2,1,1,211
14319.0,59,1,494.85,2,1,2,212
14320.0,181,3,868.96,1,3,3,133
14321.0,66,2,687.3100000000001,2,2,2,222
14322.0,64,4,474.1,2,3,2,232
14324.0,44,2,701.61,3,2,2,322
14325.0,204,1,245.48000000000002,1,1,1,111
14326.0,98,2,757.13,2,2,3,223
14327.0,17,5,1583.28,4,3,3,433
14328.0,73,1,445.05,2,1,2,212
14329.0,10,8,4912.38,4,4,4,444
14330.0,258,1,200.63,1,1,1,111
14332.0,16,2,1077.2,4,2,3,423
14334.0,60,4,1766.27,2,3,4,234
14338.0,171,1,339.88,1,1,2,112
14339.0,63,1,310.75,2,1,2,212
14341.0,55,10,2285.04,2,4,4,244
14342.0,67,2,249.88,2,2,1,221
14343.0,56,4,1079.66,2,3,3,233
14344.0,2,14,2443.77,4,4,4,444
14346.0,60,3,1294.17,2,3,3,233
14347.0,371,1,82.60000000000001,1,1,1,111
14350.0,15,2,689.1,4,2,2,422
14353.0,45,2,285.9,3,2,1,321
14355.0,0,3,840.0500000000001,4,3,3,433
14358.0,24,2,400.06,3,2,2,322
14361.0,213,1,214.71,1,1,1,111
14363.0,37,2,227.47000000000003,3,2,1,321
14365.0,29,2,634.68,3,2,2,322
14366.0,160,1,136.0,1,1,1,111
14369.0,277,2,469.13,1,2,2,122
14370.0,85,6,1175.78,2,4,3,243
14372.0,78,2,860.08,2,2,3,223
14374.0,176,1,108.0,1,1,1,111
14375.0,85,2,871.26,2,2,3,223
14376.0,318,1,215.46,1,1,1,111
14378.0,256,1,131.25,1,1,1,111
14379.0,28,2,917.0600000000001,3,2,3,323
14380.0,317,1,48.96,1,1,1,111
14381.0,86,1,423.26,2,1,2,212
14382.0,25,1,578.14,3,1,2,312
14384.0,135,1,58.5,2,1,1,211
14388.0,7,9,3488.16,4,4,4,444
14389.0,59,3,854.55,2,3,3,233
14390.0,7,5,1731.16,4,3,4,434
14391.0,211,1,135.6,1,1,1,111
14392.0,67,1,266.4,2,1,1,211
14394.0,199,1,93.8,1,1,1,111
14395.0,7,12,4630.7,4,4,4,444
14396.0,6,6,1591.74,4,4,3,443
14398.0,36,2,707.79,3,2,3,323
14399.0,29,8,2108.21,3,4,4,344
14400.0,43,2,1157.77,3,2,3,323
14401.0,59,9,2744.42,2,4,4,244
14402.0,287,1,285.6,1,1,1,111
14403.0,224,2,404.7,1,2,2,122
14404.0,4,8,1404.04,4,4,3,443
14405.0,21,1,195.0,3,1,1,311
14408.0,106,4,1503.24,2,3,3,233
14409.0,3,5,1696.64,4,3,3,433
14410.0,11,2,1531.63,4,2,3,423
14412.0,59,1,656.16,2,1,2,212
14413.0,45,3,643.47,3,3,2,332
14414.0,9,1,902.35,4,1,3,413
14415.0,14,10,6124.52,4,4,4,444
14417.0,22,1,524.65,3,1,2,312
14419.0,17,1,202.85,4,1,1,411
14420.0,31,3,1251.65,3,3,3,333
14421.0,147,4,1656.26,1,3,3,133
14422.0,9,13,6007.88,4,4,4,444
14423.0,72,2,651.4100000000001,2,2,2,222
14425.0,69,3,661.39,2,3,2,232
14426.0,38,7,7246.27,3,4,4,344
14427.0,129,2,900.1800000000001,2,2,3,223
14429.0,38,1,516.28,3,1,2,312
14430.0,146,3,1220.9,1,3,3,133
14431.0,14,3,2143.84,4,3,4,434
14433.0,100,1,280.7,2,1,1,211
14435.0,136,1,90.42,1,1,1,111
14436.0,188,1,182.64,1,1,1,111
14437.0,0,5,873.34,4,3,3,433
14439.0,78,4,6781.8,2,3,4,234
14440.0,0,9,4281.05,4,4,4,444
14441.0,9,7,2898.8,4,4,4,444
14442.0,49,5,3777.2,3,3,4,334
14443.0,3,2,966.27,4,2,3,423
14444.0,91,1,120.44,2,1,1,211
14445.0,90,1,221.65,2,1,1,211
14446.0,21,1,189.93,3,1,1,311
14447.0,35,1,548.5,3,1,2,312
14449.0,7,5,1555.4,4,3,3,433
14450.0,14,4,645.19,4,3,2,432
14451.0,24,10,2614.78,3,4,4,344
14452.0,30,2,399.9,3,2,2,322
14454.0,11,5,977.3000000000001,4,3,3,433
14455.0,67,4,617.72,2,3,2,232
14458.0,15,1,228.07,4,1,1,411
14459.0,286,1,3537.821,1,1,4,114
14460.0,31,6,659.16,3,4,2,342
14461.0,17,10,4573.85,4,4,4,444
14462.0,67,1,262.24,2,1,1,211
14463.0,134,1,256.95,2,1,1,211
14464.0,203,2,111.0,1,2,1,121
14465.0,63,8,2887.41,2,4,4,244
14466.0,7,7,2374.5,4,4,4,444
14467.0,24,8,1606.98,3,4,3,343
14468.0,368,1,204.24,1,1,1,111
14469.0,51,4,2093.46,3,3,4,334
14470.0,65,1,250.85,2,1,1,211
14471.0,226,2,400.95,1,2,2,122
14472.0,324,1,266.05,1,1,1,111
14474.0,214,1,711.23,1,1,3,113
14475.0,43,1,225.3,3,1,1,311
14477.0,71,3,660.0,2,3,2,232
14478.0,17,4,1276.66,4,3,3,433
14479.0,0,3,982.86,4,3,3,433
14480.0,37,3,1020.47,3,3,3,333
14481.0,42,3,1648.18,3,3,3,333
14482.0,14,6,2283.91,4,4,4,444
14483.0,371,1,120.0,1,1,1,111
14484.0,36,3,749.0600000000001,3,3,3,333
14486.0,146,2,175.5,1,2,1,121
14487.0,3,2,225.89000000000001,4,2,1,421
14489.0,72,3,1111.55,2,3,3,233
14490.0,41,2,1273.47,3,2,3,323
14491.0,7,1,127.2,4,1,1,411
14492.0,65,7,1921.91,2,4,4,244
14493.0,25,5,2704.62,3,3,4,334
14494.0,36,2,261.9,3,2,1,321
14495.0,294,1,51.0,1,1,1,111
14496.0,8,6,2129.42,4,4,4,444
14497.0,308,1,221.69,1,1,1,111
14498.0,36,5,1943.51,3,3,4,334
14499.0,9,4,1293.3500000000001,4,3,3,433
14505.0,39,11,6019.65,3,4,4,344
14506.0,4,3,1256.6000000000001,4,3,3,433
14507.0,13,5,1848.8600000000001,4,3,4,434
14508.0,11,3,554.87,4,3,2,432
14509.0,169,1,110.95,1,1,1,111
14510.0,10,3,979.85,4,3,3,433
14512.0,18,5,940.69,3,3,3,333
14513.0,71,3,332.42,2,3,2,232
14514.0,71,6,3389.84,2,4,4,244
14515.0,22,6,1647.17,3,4,3,343
14516.0,151,1,151.17,1,1,1,111
14519.0,318,2,203.14,1,2,1,121
14521.0,126,1,199.45000000000002,2,1,1,211
14522.0,230,4,773.88,1,3,3,133
14524.0,44,4,1066.03,3,3,3,333
14525.0,63,8,3810.64,2,4,4,244
14526.0,24,1,258.65,3,1,1,311
14527.0,0,69,19257.08,4,4,4,444
14530.0,31,10,3226.76,3,4,4,344
14531.0,114,1,376.34,2,1,2,212
14532.0,46,7,2912.93,3,4,4,344
14533.0,42,4,1516.65,3,3,3,333
14534.0,32,8,1790.3600000000001,3,4,4,344
14535.0,30,6,3118.39,3,4,4,344
14537.0,258,1,285.84,1,1,1,111
14538.0,165,3,982.59,1,3,3,133
14540.0,14,8,2756.98,4,4,4,444
14541.0,51,6,1038.03,3,4,3,343
14543.0,15,23,10988.14,4,4,4,444
14544.0,105,1,934.23,2,1,3,213
14545.0,309,1,349.25,1,1,2,112
14546.0,11,6,2610.91,4,4,4,444
14548.0,119,7,1888.49,2,4,4,244
14549.0,55,3,624.36,2,3,2,232
14550.0,23,2,587.69,3,2,2,322
14551.0,46,5,691.86,3,3,2,332
14552.0,15,2,343.71,4,2,2,422
14553.0,46,4,959.3299999999999,3,3,3,333
14555.0,16,4,1991.49,4,3,4,434
14556.0,231,3,815.69,1,3,3,133
14558.0,289,3,655.5,1,3,2,132
14559.0,25,1,75.6,3,1,1,311
14560.0,14,22,3876.2599999999998,4,4,4,444
14562.0,25,8,1631.38,3,4,3,343
14563.0,144,2,640.54,1,2,2,122
14564.0,69,2,2605.62,2,2,4,224
14565.0,108,1,760.1,2,1,3,213
14566.0,52,3,2660.0,3,3,4,334
14568.0,70,1,919.7,2,1,3,213
14569.0,87,3,369.94,2,3,2,232
14570.0,78,1,395.69,2,1,2,212
14571.0,60,1,160.0,2,1,1,211
14572.0,52,4,2722.34,3,3,4,334
14573.0,7,5,925.3,4,3,3,433
14574.0,367,1,143.70000000000002,1,1,1,111
14575.0,123,1,420.22,2,1,2,212
14576.0,7,1,35.400000000000006,4,1,1,411
14577.0,29,3,504.44,3,3,2,332
14579.0,67,1,105.56,2,1,1,211
14580.0,153,1,14.85,1,1,1,111
14581.0,179,1,271.05,1,1,1,111
14583.0,18,3,673.33,3,3,2,332
14584.0,56,4,705.1,2,3,3,233
14585.0,17,4,986.22,4,3,3,433
14588.0,213,1,135.39,1,1,1,111
14589.0,6,1,39.75,4,1,1,411
14590.0,59,20,2993.37,2,4,4,244
14593.0,32,9,3048.38,3,4,4,344
14594.0,8,1,255.0,4,1,1,411
14595.0,88,2,423.85,2,2,2,222
14596.0,261,1,222.22,1,1,1,111
14597.0,14,4,1318.39,4,3,3,433
14598.0,204,1,162.07,1,1,1,111
14599.0,25,2,457.89,3,2,2,322
14600.0,28,1,471.84,3,1,2,312
14602.0,291,1,205.35999999999999,1,1,1,111
14604.0,268,1,143.85999999999999,1,1,1,111
14605.0,9,4,921.5600000000001,4,3,3,433
14606.0,1,102,18482.1,4,4,4,444
14607.0,102,8,7553.63,2,4,4,244
14608.0,14,7,1567.79,4,4,3,443
14609.0,25,6,884.64,3,4,3,343
14610.0,30,2,24.35,3,2,1,321
14611.0,78,2,604.33,2,2,2,222
14612.0,50,1,877.7,3,1,3,313
14613.0,315,1,76.32000000000001,1,1,1,111
14614.0,21,1,295.13,3,1,1,311
14615.0,29,5,951.76,3,3,3,333
14616.0,20,2,121.7,3,2,1,321
14617.0,37,2,190.47,3,2,1,321
14618.0,11,4,788.88,4,3,3,433
14619.0,176,1,896.8,1,1,3,113
14621.0,146,4,1212.21,1,3,3,133
14623.0,15,5,1130.28,4,3,3,433
14624.0,50,4,588.22,3,3,2,332
14625.0,9,9,3598.25,4,4,4,444
14626.0,30,7,2619.65,3,4,4,344
14627.0,14,1,462.75,4,1,2,412
14628.0,77,3,1326.04,2,3,3,233
14630.0,119,1,338.65,2,1,2,212
14631.0,21,3,1018.71,3,3,3,333
14634.0,72,4,2124.46,2,3,4,234
14635.0,88,1,215.22,2,1,1,211
14637.0,312,1,106.68,1,1,1,111
14639.0,43,3,1994.47,3,3,4,334
14640.0,44,4,1541.98,3,3,3,333
14643.0,252,3,986.08,1,3,3,133
14644.0,49,5,1416.96,3,3,3,333
14645.0,269,1,279.8,1,1,1,111
14646.0,9,78,248396.5,4,4,4,444
14647.0,158,1,270.0,1,1,1,111
14648.0,51,15,4466.65,3,4,4,344
14649.0,17,5,2248.6,4,3,4,434
14650.0,223,1,62.5,1,1,1,111
14651.0,29,7,1371.77,3,4,3,343
14653.0,148,5,1666.41,1,3,3,133
14654.0,373,1,246.86,1,1,1,111
14655.0,23,3,1946.28,3,3,4,334
14656.0,50,3,498.95,3,3,2,332
14657.0,64,2,601.97,2,2,2,222
14662.0,62,3,635.06,2,3,2,232
14663.0,65,2,490.6,2,2,2,222
14665.0,62,2,913.95,2,2,3,223
14667.0,0,31,12418.01,4,4,4,444
14668.0,80,1,111.63,2,1,1,211
14669.0,268,4,1957.54,1,3,4,134
14670.0,367,1,190.47,1,1,1,111
14671.0,184,2,1127.45,1,2,3,123
14672.0,150,2,347.59,1,2,2,122
14673.0,2,3,1674.41,4,3,3,433
14674.0,144,1,173.66,1,1,1,111
14675.0,23,1,419.21999999999997,3,1,2,312
14676.0,29,6,5808.55,3,4,4,344
14677.0,227,1,184.91,1,1,1,111
14678.0,214,1,403.39,1,1,2,112
14679.0,16,3,1289.44,4,3,3,433
14680.0,6,43,28615.27,4,4,4,444
14681.0,22,3,376.20000000000005,3,3,2,332
14682.0,63,4,1462.81,2,3,3,233
14683.0,223,1,146.56,1,1,1,111
14684.0,25,1,228.52,3,1,1,311
14685.0,211,8,4536.64,1,4,4,144
14686.0,49,5,852.53,3,3,3,333
14687.0,35,2,773.6800000000001,3,2,3,323
14688.0,8,8,2056.3,4,4,4,444
14690.0,27,2,422.63,3,2,2,322
14692.0,15,8,1123.59,4,4,3,443
14693.0,60,6,992.46,2,4,3,243
14694.0,252,1,244.31,1,1,1,111
14695.0,154,3,1534.22,1,3,3,133
14696.0,8,2,688.95,4,2,2,422
14699.0,70,3,593.47,2,3,2,232
14700.0,50,2,880.96,3,2,3,323
14701.0,77,6,1961.02,2,4,4,244
14702.0,0,13,3427.44,4,4,4,444
14704.0,59,2,258.96,2,2,1,221
14706.0,253,1,367.54,1,1,2,112
14707.0,70,2,139.2,2,2,1,221
14708.0,3,3,1085.91,4,3,3,433
14709.0,14,12,3965.29,4,4,4,444
14710.0,14,9,1300.31,4,4,3,443
14712.0,53,1,411.0,2,1,2,212
14713.0,0,11,2752.51,4,4,4,444
14714.0,42,3,746.05,3,3,3,333
14715.0,77,4,958.0699999999999,2,3,3,233
14716.0,79,1,235.77,2,1,1,211
14717.0,368,1,81.3,1,1,1,111
14718.0,45,1,226.42,3,1,1,311
14721.0,14,1,109.07,4,1,1,411
14722.0,112,2,309.1,2,2,2,222
14723.0,6,7,927.89,4,4,3,443
14724.0,225,1,341.9,1,1,2,112
14725.0,29,3,597.16,3,3,2,332
14726.0,289,1,116.5,1,1,1,111
14727.0,181,2,195.15,1,2,1,121
14728.0,48,1,190.58,3,1,1,311
14729.0,8,3,586.24,4,3,2,432
14732.0,27,11,2814.58,3,4,4,344
14733.0,2,4,6579.26,4,3,4,434
14734.0,60,4,1056.42,2,3,3,233
14735.0,23,24,6174.47,3,4,4,344
14736.0,120,2,374.05,2,2,2,222
14737.0,35,1,2389.62,3,1,4,314
14738.0,195,2,507.45,1,2,2,122
14739.0,2,19,8385.22,4,4,4,444
14740.0,44,8,2712.85,3,4,4,344
14741.0,7,2,497.25,4,2,2,422
14742.0,70,1,579.85,2,1,2,212
14743.0,227,1,50.480000000000004,1,1,1,111
14744.0,1,8,2785.1,4,4,4,444
14745.0,136,7,1331.15,1,4,3,143
14746.0,41,4,593.5,3,3,2,332
14748.0,3,7,1736.57,4,4,4,444
14749.0,114,1,310.15,2,1,2,212
14750.0,371,1,112.03,1,1,1,111
14751.0,319,2,126.45,1,2,1,121
14753.0,95,1,306.36,2,1,1,211
14754.0,60,4,909.88,2,3,3,233
14755.0,16,14,4962.27,4,4,4,444
14756.0,17,2,1914.8,4,2,4,424
14758.0,31,3,1380.91,3,3,3,333
14761.0,79,1,192.02,2,1,1,211
14762.0,261,1,117.05,1,1,1,111
14766.0,1,6,4082.76,4,4,4,444
14767.0,109,1,382.81,2,1,2,212
14769.0,25,9,5097.13,3,4,4,344
14770.0,102,6,2761.2200000000003,2,4,4,244
14771.0,256,2,594.62,1,2,2,122
14773.0,227,1,140.55,1,1,1,111
14774.0,163,1,241.45000000000002,1,1,1,111
14775.0,7,1,406.56,4,1,2,412
14776.0,22,4,1170.0,3,3,3,333
14777.0,38,1,307.56,3,1,2,312
14783.0,294,1,307.3,1,1,2,112
14784.0,24,1,159.94,3,1,1,311
14786.0,185,1,90.96,1,1,1,111
14787.0,106,1,110.65,2,1,1,211
14788.0,231,1,476.88,1,1,2,112
14790.0,9,6,1781.56,4,4,4,444
14791.0,241,1,303.63,1,1,1,111
14793.0,170,1,396.91,1,1,2,112
14794.0,37,3,633.99,3,3,2,332
14796.0,1,11,2865.05,4,4,4,444
14797.0,142,1,300.31,1,1,1,111
14798.0,16,5,550.5699999999999,4,4,2,442
14799.0,372,1,180.45000000000002,1,1,1,111
14800.0,4,6,3415.38,4,4,4,444
14802.0,73,2,1502.98,2,2,3,223
14805.0,39,3,536.15,3,3,2,332
14806.0,74,1,110.04,2,1,1,211
14807.0,25,2,504.14,3,2,2,322
14809.0,256,2,686.76,1,2,2,122
14810.0,4,3,446.59,4,3,2,432
14811.0,22,1,170.5,3,1,1,311
14812.0,233,1,178.85,1,1,1,111
14813.0,4,4,888.91,4,3,3,433
14814.0,216,1,154.21,1,1,1,111
14817.0,30,5,2849.52,3,4,4,344
14818.0,93,3,495.76,2,3,2,232
14819.0,129,2,184.34,2,2,1,221
14820.0,15,5,767.47,4,4,3,443
14821.0,1,7,1230.15,4,4,3,443
14822.0,120,1,157.7,2,1,1,211
14824.0,14,6,2895.2000000000003,4,4,4,444
14825.0,3,13,2698.17,4,4,4,444
14826.0,216,2,385.2,1,2,2,122
14828.0,23,10,7699.7,3,4,4,344
14829.0,7,4,995.29,4,3,3,433
14831.0,315,3,1676.57,1,3,3,133
14832.0,265,1,322.69,1,1,2,112
14833.0,133,1,94.8,2,1,1,211
14834.0,42,1,485.86,3,1,2,312
14835.0,163,2,297.0,1,2,1,121
14837.0,77,5,1810.82,2,4,4,244
14838.0,58,2,769.9200000000001,2,2,3,223
14839.0,53,3,915.28,2,3,3,233
14840.0,174,1,299.86,1,1,1,111
14841.0,9,8,3867.2400000000002,4,4,4,444
14843.0,71,1,211.8,2,1,1,211
14844.0,65,6,3512.62,2,4,4,244
14845.0,234,1,150.0,1,1,1,111
14846.0,62,1,437.4,2,1,2,212
14847.0,42,2,1039.55,3,2,3,323
14848.0,39,1,310.56,3,1,2,312
14849.0,8,21,7832.91,4,4,4,444
14850.0,52,6,1445.21,3,4,3,343
14851.0,265,1,318.06,1,1,2,112
14852.0,59,12,3295.7400000000002,2,4,4,244
14853.0,58,3,901.0699999999999,2,3,3,233
14854.0,25,4,1563.03,3,3,3,333
14855.0,109,5,5874.65,2,4,4,244
14857.0,77,5,2478.731,2,4,4,244
14858.0,140,1,180.75,1,1,1,111
14859.0,189,1,351.9,1,1,2,112
14861.0,15,9,1254.94,4,4,3,443
14865.0,7,3,77.52,4,3,1,431
14866.0,1,8,6460.32,4,4,4,444
14867.0,30,13,2241.78,3,4,4,344
14868.0,15,4,1230.42,4,3,3,433
14869.0,23,4,2056.69,3,3,4,334
14870.0,48,5,1511.7,3,4,3,343
14871.0,128,5,726.89,2,4,3,243
14872.0,118,3,816.6,2,3,3,233
14873.0,268,1,334.45,1,1,2,112
14874.0,170,1,116.18,1,1,1,111
14875.0,76,1,1397.08,2,1,3,213
14876.0,156,2,256.7,1,2,1,121
14877.0,53,2,425.85,2,2,2,222
14878.0,11,16,2600.41,4,4,4,444
14879.0,319,1,185.06,1,1,1,111
14882.0,25,12,2956.95,3,4,4,344
14884.0,304,1,120.6,1,1,1,111
14885.0,62,2,832.8,2,2,3,223
14890.0,253,2,691.6,1,2,2,122
14891.0,51,2,552.35,3,2,2,322
14892.0,325,1,202.35000000000002,1,1,1,111
14893.0,252,1,571.76,1,1,2,112
14894.0,78,2,837.0600000000001,2,2,3,223
14895.0,18,18,13980.83,3,4,4,344
14896.0,0,7,1614.45,4,4,3,443
14897.0,44,4,1774.16,3,3,4,334
14898.0,6,9,2195.14,4,4,4,444
14899.0,30,1,1331.38,3,1,3,313
14900.0,157,1,13.919999999999998,1,1,1,111
14901.0,1,5,860.11,4,4,3,443
14902.0,30,2,702.96,3,2,3,323
14904.0,43,2,605.05,3,2,2,322
14905.0,9,6,1355.24,4,4,3,443
14906.0,80,1,68.44,2,1,1,211
14907.0,2,10,2664.69,4,4,4,444
14908.0,98,1,104.10000000000001,2,1,1,211
14909.0,72,3,1404.68,2,3,3,233
14911.0,0,205,152121.22,4,4,4,444
14912.0,36,4,1021.4,3,3,3,333
14913.0,23,4,2845.7000000000003,3,3,4,334
14915.0,10,9,1503.77,4,4,3,443
14916.0,66,4,1773.97,2,3,4,234
14917.0,231,2,1123.75,1,2,3,123
14918.0,39,7,4345.66,3,4,4,344
14919.0,174,1,359.35,1,1,2,112
14920.0,200,1,629.4,1,1,2,112
14922.0,28,2,843.74,3,2,3,323
14924.0,245,2,620.96,1,2,2,122
14926.0,16,2,359.4,4,2,2,422
14927.0,31,1,308.2,3,1,2,312
14928.0,262,1,223.91000000000003,1,1,1,111
14929.0,56,1,612.8100000000001,2,1,2,212
14930.0,105,3,2873.77,2,3,4,234
14932.0,0,2,666.13,4,2,2,422
14933.0,78,4,1770.0,2,3,4,234
14934.0,13,3,1612.56,4,3,3,433
14935.0,254,1,1065.1200000000001,1,1,3,113
14936.0,25,4,4273.79,3,3,4,334
14938.0,197,2,2322.43,1,2,4,124
14940.0,52,2,531.49,3,2,2,322
14941.0,213,1,182.1,1,1,1,111
14942.0,36,4,746.56,3,3,3,333
14943.0,298,1,107.62,1,1,1,111
14944.0,24,7,3884.42,3,4,4,344
14945.0,48,1,179.4,3,1,1,311
14947.0,23,4,758.97,3,3,3,333
14949.0,104,4,515.0,2,3,2,232
14952.0,31,21,9529.86,3,4,4,344
14953.0,53,3,685.65,2,3,2,232
14954.0,338,1,167.27,1,1,1,111
14955.0,367,1,163.77,1,1,1,111
14956.0,56,1,1325.0,2,1,3,213
14957.0,279,1,203.2,1,1,1,111
14958.0,230,3,458.26,1,3,2,132
14961.0,14,13,9365.47,4,4,4,444
14962.0,174,3,240.21000000000004,1,3,1,131
14963.0,14,7,1651.23,4,4,3,443
14966.0,22,5,881.24,3,4,3,343
14967.0,76,5,1518.81,2,4,3,243
14968.0,93,1,353.65,2,1,2,212
14969.0,338,1,906.23,1,1,3,113
14970.0,44,8,3327.29,3,4,4,344
14972.0,16,1,30.300000000000004,4,1,1,411
14975.0,56,1,192.45,2,1,1,211
14977.0,360,1,31.93,1,1,1,111
14978.0,65,5,1190.82,2,4,3,243
14979.0,370,1,429.66,1,1,2,112
14980.0,372,1,150.68,1,1,1,111
14981.0,58,1,270.8,2,1,1,211
14982.0,207,1,237.78,1,1,1,111
14983.0,324,1,183.20000000000002,1,1,1,111
14984.0,23,4,1058.1399999999999,3,3,3,333
14986.0,11,2,563.1,4,2,2,422
14987.0,0,7,1387.4499999999998,4,4,3,443
14988.0,15,6,1704.1100000000001,4,4,3,443
14989.0,296,1,342.4,1,1,2,112
14990.0,247,2,304.17,1,2,1,121
14991.0,65,1,314.67,2,1,2,212
14992.0,77,1,210.5,2,1,1,211
14993.0,198,1,36.13,1,1,1,111
14994.0,17,5,946.72,4,4,3,443
14996.0,116,2,442.28999999999996,2,2,2,222
14997.0,290,1,230.4,1,1,1,111
14998.0,63,2,338.31,2,2,2,222
14999.0,227,1,129.48000000000002,1,1,1,111
15001.0,29,2,199.10999999999999,3,2,1,321
15002.0,2,6,3127.9700000000003,4,4,4,444
15003.0,108,6,1027.03,2,4,3,243
15005.0,1,29,7681.71,4,4,4,444
15006.0,88,1,277.4,2,1,1,211
15008.0,115,2,360.0,2,2,2,222
15011.0,30,2,416.6,3,2,2,322
15012.0,8,2,429.78,4,2,2,422
15013.0,122,10,1610.82,2,4,3,243
15015.0,136,13,2354.97,1,4,4,144
15016.0,28,4,450.85,3,3,2,332
15018.0,2,1,111.25,4,1,1,411
15020.0,14,1,198.47,4,1,1,411
15021.0,1,4,826.91,4,3,3,433
15022.0,312,1,281.05,1,1,1,111
15023.0,4,10,5287.64,4,4,4,444
15024.0,2,8,2414.18,4,4,4,444
15025.0,203,1,617.83,1,1,2,112
15026.0,10,2,579.89,4,2,2,422
15027.0,30,6,2129.45,3,4,4,344
15028.0,3,3,521.78,4,3,2,432
15029.0,254,1,365.1,1,1,2,112
15030.0,15,6,1461.63,4,4,3,443
15031.0,29,10,2449.75,3,4,4,344
15032.0,1,7,8821.55,4,4,4,444
15034.0,21,6,3957.04,3,4,4,344
15037.0,11,2,397.76,4,2,2,422
15038.0,4,4,579.67,4,3,2,432
15039.0,3,47,19960.3,4,4,4,444
15040.0,176,1,7.49,1,1,1,111
15041.0,79,1,109.47,2,1,1,211
15042.0,230,1,179.52,1,1,1,111
15043.0,98,5,2333.3199999999997,2,4,4,244
15044.0,14,18,8389.42,4,4,4,444
15046.0,60,10,2533.37,2,4,4,244
15048.0,3,1,98.7,4,1,1,411
15050.0,56,2,2349.5,2,2,4,224
15051.0,14,6,2543.55,4,4,4,444
15055.0,109,3,549.12,2,3,2,232
15056.0,155,1,113.65,1,1,1,111
15057.0,78,3,1766.46,2,3,4,234
15058.0,11,5,1285.04,4,4,3,443
15059.0,11,10,2153.48,4,4,4,444
15061.0,2,86,83284.38,4,4,4,444
15062.0,58,4,1597.76,2,3,3,233
15064.0,45,4,1254.41,3,3,3,333
15065.0,45,1,168.73,3,1,1,311
15067.0,48,2,2118.12,3,2,4,324
15068.0,53,2,621.54,2,2,2,222
15070.0,7,3,737.0500000000001,4,3,3,433
15071.0,21,2,473.49,3,2,2,322
15072.0,114,1,187.52,2,1,1,211
15073.0,35,5,1744.61,3,4,4,344
15074.0,64,2,817.46,2,2,3,223
15076.0,127,2,566.89,2,2,2,222
15077.0,129,2,2428.08,2,2,4,224
15078.0,3,23,8018.77,4,4,4,444
15079.0,0,8,2871.7400000000002,4,4,4,444
15080.0,62,2,546.25,2,2,2,222
15081.0,2,8,1460.92,4,4,3,443
15082.0,303,1,93.35000000000001,1,1,1,111
15084.0,14,2,965.1999999999999,4,2,3,423
15085.0,364,1,347.54,1,1,2,112
15086.0,199,2,218.53,1,2,1,121
15091.0,309,2,565.9,1,2,2,122
15092.0,97,1,318.65,2,1,2,212
15093.0,7,18,9729.09,4,4,4,444
15094.0,98,2,83.0,2,2,1,221
15095.0,55,6,1771.04,2,4,4,244
15097.0,218,2,660.27,1,2,2,122
15100.0,1,6,2018.6999999999998,4,4,4,444
15101.0,150,4,1160.41,1,3,3,133
15102.0,165,2,554.67,1,2,2,122
15105.0,65,2,795.98,2,2,3,223
15107.0,7,4,620.85,4,3,2,432
15109.0,214,2,498.15000000000003,1,2,2,122
15110.0,38,2,509.75,3,2,2,322
15111.0,7,3,1163.39,4,3,3,433
15112.0,246,1,209.4,1,1,1,111
15114.0,18,2,639.56,3,2,2,322
15115.0,367,1,191.74,1,1,1,111
15117.0,83,3,934.19,2,3,3,233
15122.0,57,8,2853.4900000000002,2,4,4,244
15123.0,56,3,2456.86,2,3,4,234
15124.0,111,2,266.63,2,2,1,221
15125.0,114,9,5496.39,2,4,4,244
15126.0,171,2,449.49,1,2,2,122
15127.0,154,1,304.97,1,1,1,111
15128.0,65,1,312.68,2,1,2,212
15129.0,20,12,3412.78,3,4,4,344
15131.0,29,1,80.28,3,1,1,311
15133.0,17,2,824.48,4,2,3,423
15134.0,16,2,208.3,4,2,1,421
15135.0,191,1,166.63,1,1,1,111
15137.0,155,2,823.4,1,2,3,123
15138.0,28,1,502.52,3,1,2,312
15140.0,77,1,889.44,2,1,3,213
15141.0,92,7,1388.47,2,4,3,243
15142.0,45,5,2121.18,3,4,4,344
15143.0,67,1,304.18,2,1,1,211
15144.0,14,12,5579.87,4,4,4,444
15149.0,211,4,1033.81,1,3,3,133
15150.0,91,3,3686.61,2,3,4,234
15151.0,58,2,2085.61,2,2,4,224
15152.0,336,1,518.14,1,1,2,112
15154.0,113,2,1089.44,2,2,3,223
15155.0,18,1,383.96999999999997,3,1,2,312
15157.0,204,2,718.04,1,2,3,123
15158.0,36,1,204.62,3,1,1,311
15159.0,30,4,3475.7200000000003,3,3,4,334
15160.0,9,3,431.11,4,3,2,432
15161.0,23,1,119.92,3,1,1,311
15162.0,366,1,312.9,1,1,2,112
15164.0,24,6,1203.53,3,4,3,343
15165.0,8,1,487.75,4,1,2,412
15166.0,102,1,167.16,2,1,1,211
15167.0,42,4,1468.82,3,3,3,333
15169.0,17,2,569.22,4,2,2,422
15170.0,41,1,81.15,3,1,1,311
15173.0,15,7,1494.6,4,4,3,443
15174.0,45,1,345.71,3,1,2,312
15176.0,302,1,988.0400000000001,1,1,3,113
15177.0,60,1,948.9300000000001,2,1,3,213
15179.0,27,8,5284.97,3,4,4,344
15180.0,2,3,816.9300000000001,4,3,3,433
15181.0,55,2,510.72,2,2,2,222
15182.0,20,9,2376.102,3,4,4,344
15183.0,182,3,639.93,1,3,2,132
15184.0,22,2,283.19,3,2,1,321
15186.0,109,3,991.7900000000001,2,3,3,233
15188.0,360,1,310.43,1,1,2,112
15189.0,16,5,1298.99,4,4,3,443
15190.0,69,1,834.4399999999999,2,1,3,213
15191.0,98,3,588.05,2,3,2,232
15192.0,0,3,937.07,4,3,3,433
15194.0,3,14,4811.16,4,4,4,444
15196.0,67,2,313.7,2,2,2,222
15197.0,29,3,797.9,3,3,3,333
15198.0,43,3,377.71,3,3,2,332
15199.0,9,6,1853.7,4,4,4,444
15200.0,129,1,549.0500000000001,2,1,2,212
15201.0,74,2,606.4100000000001,2,2,2,222
15202.0,55,3,6001.49,2,3,4,234
15203.0,25,9,2572.38,3,4,4,344
15207.0,51,3,683.92,3,3,2,332
15208.0,58,1,100.4,2,1,1,211
15209.0,365,1,178.98000000000002,1,1,1,111
15210.0,13,2,845.01,4,2,3,423
15211.0,0,1,383.07,4,1,2,412
15212.0,11,1,106.47999999999999,4,1,1,411
15215.0,28,4,1687.49,3,3,3,333
15216.0,253,1,389.49,1,1,2,112
15217.0,198,1,426.24,1,1,2,112
15218.0,24,11,5711.9400000000005,3,4,4,344
15219.0,283,1,379.7,1,1,2,112
15221.0,1,4,2062.2,4,3,4,434
15222.0,107,10,2965.91,2,4,4,244
15223.0,244,3,662.2,1,3,2,132
15224.0,147,3,549.28,1,3,2,132
15227.0,31,4,1269.0900000000001,3,3,3,333
15228.0,63,2,2193.56,2,2,4,224
15229.0,221,1,160.5,1,1,1,111
15231.0,256,1,250.26000000000002,1,1,1,111
15233.0,36,1,59.400000000000006,3,1,1,311
15235.0,4,6,690.3000000000001,4,4,2,442
15240.0,9,7,2753.41,4,4,4,444
15241.0,65,3,1293.72,2,3,3,233
15242.0,57,1,302.04,2,1,1,211
15243.0,70,1,610.6,2,1,2,212
15244.0,301,1,280.51,1,1,1,111
15245.0,37,5,2095.0,3,4,4,344
15246.0,190,1,266.25,1,1,1,111
15247.0,112,2,620.06,2,2,2,222
15248.0,46,3,1893.93,3,3,4,334
15249.0,65,5,2577.54,2,4,4,244
15250.0,275,1,60.0,1,1,1,111
15251.0,49,10,9839.55,3,4,4,344
15252.0,56,3,1362.63,2,3,3,233
15253.0,38,3,1136.89,3,3,3,333
15254.0,181,2,787.99,1,2,3,123
15255.0,31,8,2815.17,3,4,4,344
15256.0,196,1,71.95,1,1,1,111
15257.0,49,1,368.75,3,1,2,312
15259.0,147,4,1182.3799999999999,1,3,3,133
15260.0,7,20,7377.46,4,4,4,444
15261.0,16,3,1253.18,4,3,3,433
15262.0,15,2,239.87,4,2,1,421
15264.0,165,1,454.66,1,1,2,112
15265.0,239,2,1839.52,1,2,4,124
15266.0,14,4,732.91,4,3,3,433
15268.0,113,3,961.9000000000001,2,3,3,233
15269.0,15,2,816.5600000000001,4,2,3,423
15270.0,35,14,6145.37,3,4,4,344
15271.0,0,10,2146.95,4,4,4,444
15272.0,85,4,1309.01,2,3,3,233
15273.0,234,1,228.96,1,1,1,111
15276.0,29,3,491.17,3,3,2,332
15277.0,60,1,220.44,2,1,1,211
15278.0,196,4,496.16,1,3,2,132
15279.0,15,4,1290.03,4,3,3,433
15280.0,123,2,284.4,2,2,1,221
15281.0,13,7,6211.42,4,4,4,444
15282.0,205,1,348.59,1,1,2,112
15283.0,25,3,148.32999999999998,3,3,1,331
15284.0,135,1,24.75,2,1,1,211
15285.0,42,1,94.92,3,1,1,311
15287.0,14,3,369.34000000000003,4,3,2,432
15288.0,0,6,1574.51,4,4,3,443
15289.0,93,2,653.3100000000001,2,2,2,222
15290.0,28,8,2553.06,3,4,4,344
15291.0,8,26,9178.26,4,4,4,444
15293.0,300,1,247.5,1,1,1,111
15294.0,45,1,233.35,3,1,1,311
15295.0,289,1,207.04,1,1,1,111
15296.0,55,6,6650.17,2,4,4,244
15298.0,1,12,4659.47,4,4,4,444
15299.0,7,6,3484.5299999999997,4,4,4,444
15301.0,3,6,2533.09,4,4,4,444
15302.0,365,1,308.0,1,1,2,112
15303.0,200,2,650.16,1,2,2,122
15304.0,3,2,225.15,4,2,1,421
15305.0,190,1,93.6,1,1,1,111
15306.0,135,6,2310.38,2,4,4,244
15309.0,245,4,797.96,1,3,3,133
15310.0,113,1,1634.64,2,1,3,213
15311.0,0,121,55942.74,4,4,4,444
15312.0,18,8,2005.34,3,4,4,344
15314.0,48,2,492.48,3,2,2,322
15317.0,312,1,129.75,1,1,1,111
15321.0,72,9,3961.42,2,4,4,244
15322.0,111,1,711.18,2,1,3,213
15323.0,197,3,434.6,1,3,2,132
15324.0,336,1,140.22000000000003,1,1,1,111
15325.0,30,7,1439.72,3,4,3,343
15326.0,244,4,1388.81,1,3,3,133
15328.0,42,1,107.24,3,1,1,311
15329.0,9,8,1909.13,4,4,4,444
15331.0,134,3,767.91,2,3,3,233
15332.0,1,6,4892.68,4,4,4,444
15336.0,36,1,240.5,3,1,1,311
15337.0,46,1,373.02,3,1,2,312
15338.0,312,1,277.93,1,1,1,111
15339.0,56,5,1246.95,2,4,3,243
15340.0,196,1,105.5,1,1,1,111
15341.0,84,1,382.2,2,1,2,212
15346.0,60,2,343.7,2,2,2,222
15347.0,1,4,1162.0,4,3,3,433
15350.0,8,2,547.6,4,2,2,422
15351.0,4,4,1770.23,4,3,4,434
15352.0,183,1,111.15,1,1,1,111
15353.0,2,6,2336.0,4,4,4,444
15354.0,238,3,284.4,1,3,1,131
15356.0,3,4,664.66,4,3,2,432
15358.0,0,22,8703.21,4,4,4,444
15359.0,297,8,181.35,1,4,1,141
15361.0,161,3,270.15,1,3,1,131
15362.0,83,2,613.08,2,2,2,222
15363.0,7,2,678.11,4,2,2,422
15365.0,38,6,2242.81,3,4,4,344
15366.0,44,5,1786.57,3,4,4,344
15367.0,53,7,3203.7400000000002,2,4,4,244
15368.0,29,1,275.8,3,1,1,311
15369.0,127,11,6251.26,2,4,4,244
15370.0,45,1,1352.96,3,1,3,313
15371.0,297,1,59.400000000000006,1,1,1,111
15372.0,85,7,4009.66,2,4,4,244
15373.0,6,6,1002.93,4,4,3,443
15374.0,259,1,139.32,1,1,1,111
15375.0,325,1,60.959999999999994,1,1,1,111
15377.0,17,4,1211.75,4,3,3,433
15378.0,97,2,246.5,2,2,1,221
15379.0,35,1,1174.55,3,1,3,313
15380.0,0,7,1788.8,4,4,4,444
15381.0,58,3,1293.72,2,3,3,233
15382.0,9,6,7777.84,4,4,4,444
15384.0,16,2,1385.38,4,2,3,423
15385.0,27,2,625.2,3,2,2,322
15387.0,127,1,468.65,2,1,2,212
15389.0,35,4,2233.8,3,3,4,334
15390.0,31,2,1216.66,3,2,3,323
15391.0,219,1,289.87,1,1,1,111
15392.0,9,3,1376.09,4,3,3,433
15393.0,202,3,659.48,1,3,2,132
15394.0,30,7,3103.26,3,4,4,344
15396.0,218,1,508.20000000000005,1,1,2,112
15400.0,55,3,586.1,2,3,2,232
15401.0,87,2,216.95,2,2,1,221
15402.0,22,4,1203.77,3,3,3,333
15403.0,126,2,170.88,2,2,1,221
15404.0,10,1,257.06,4,1,1,411
15405.0,211,1,310.74,1,1,2,112
15406.0,88,2,465.16,2,2,2,222
15409.0,356,1,131.25,1,1,1,111
15410.0,203,2,1234.88,1,2,3,123
15413.0,326,5,6798.72,1,4,4,144
15416.0,113,3,588.5,2,3,2,232
15418.0,60,2,449.42,2,2,2,222
15420.0,69,6,743.0,2,4,3,243
15421.0,20,6,2854.98,3,4,4,344
15422.0,14,5,1522.27,4,4,3,443
15423.0,216,2,223.39000000000001,1,2,1,121
15424.0,98,1,214.44,2,1,1,211
15425.0,35,4,1941.1200000000001,3,3,4,334
15426.0,4,5,1134.85,4,4,3,443
15428.0,22,3,668.97,3,3,2,332
15430.0,102,2,954.75,2,2,3,223
15431.0,137,1,153.24,1,1,1,111
15432.0,176,1,149.57,1,1,1,111
15434.0,9,6,1525.5800000000002,4,4,3,443
15437.0,275,1,193.29000000000002,1,1,1,111
15439.0,39,4,1269.05,3,3,3,333
15441.0,31,3,1254.21,3,3,3,333
15443.0,109,7,1900.64,2,4,4,244
15445.0,225,1,171.0,1,1,1,111
15446.0,11,3,399.75,4,3,2,432
15447.0,162,4,337.71000000000004,1,3,2,132
15448.0,309,1,294.17,1,1,1,111
15451.0,69,2,226.86,2,2,1,221
15452.0,25,3,1256.63,3,3,3,333
15454.0,253,1,126.89,1,1,1,111
15455.0,232,1,38.25,1,1,1,111
15456.0,38,7,1656.93,3,4,3,343
15458.0,37,1,208.8,3,1,1,311
15459.0,52,2,202.83,3,2,1,321
15461.0,95,2,429.7,2,2,2,222
15462.0,80,1,502.45,2,1,2,212
15465.0,4,15,5281.53,4,4,4,444
15466.0,24,3,1225.93,3,3,3,333
15468.0,27,1,962.97,3,1,3,313
15469.0,73,1,335.70000000000005,2,1,2,212
15470.0,210,1,63.419999999999995,1,1,1,111
15471.0,15,2,837.53,4,2,3,423
15473.0,79,1,274.8,2,1,1,211
15474.0,230,1,150.35,1,1,1,111
15476.0,15,4,2209.98,4,3,4,434
15477.0,284,1,368.4,1,1,2,112
15478.0,210,1,583.5600000000001,1,1,2,112
15479.0,368,1,147.4,1,1,1,111
15480.0,100,4,5373.5,2,3,4,234
15481.0,36,1,1993.34,3,1,4,314
15482.0,21,7,3537.6,3,4,4,344
15483.0,20,6,592.56,3,4,2,342
15484.0,175,2,1061.69,1,2,3,123
15485.0,8,5,3186.01,4,4,4,444
15486.0,162,1,102.0,1,1,1,111
15487.0,314,1,231.32,1,1,1,111
15488.0,91,4,340.6,2,3,2,232
15489.0,35,5,1285.3300000000002,3,4,3,343
15490.0,65,1,210.85,2,1,1,211
15493.0,24,4,2168.27,3,3,4,334
15494.0,113,3,2422.02,2,3,4,234
15495.0,14,1,246.5,4,1,1,411
15496.0,266,1,146.14,1,1,1,111
15497.0,17,7,7395.19,4,4,4,444
15498.0,1,19,12633.18,4,4,4,444
15499.0,358,1,158.65,1,1,1,111
15501.0,39,2,399.95,3,2,2,322
15502.0,3,5,3548.34,4,4,4,444
15503.0,361,1,116.26,1,1,1,111
15504.0,155,3,349.87,1,3,2,132
15506.0,16,3,1058.25,4,3,3,433
15509.0,15,1,152.41,4,1,1,411
15512.0,25,2,210.58,3,2,1,321
15513.0,0,18,12992.33,4,4,4,444
15514.0,14,7,2368.34,4,4,4,444
15515.0,22,1,171.81,3,1,1,311
15518.0,14,7,2268.44,4,4,4,444
15519.0,18,2,344.61,3,2,2,322
15521.0,35,8,4098.04,3,4,4,344
15523.0,23,15,16847.18,3,4,4,344
15524.0,241,1,151.4,1,1,1,111
15525.0,8,2,430.78000000000003,4,2,2,422
15527.0,29,15,3126.36,3,4,4,344
15529.0,1,2,1116.72,4,2,3,423
15530.0,147,1,311.37,1,1,2,112
15532.0,11,6,2174.12,4,4,4,444
15534.0,360,1,162.25,1,1,1,111
15535.0,39,2,541.47,3,2,2,322
15536.0,44,1,259.09,3,1,1,311
15538.0,172,6,3358.4,1,4,4,144
15540.0,10,1,247.38,4,1,1,411
15542.0,147,3,855.71,1,3,3,133
15543.0,94,1,114.4,2,1,1,211
15544.0,7,12,4615.72,4,4,4,444
15545.0,6,1,135.32999999999998,4,1,1,411
15546.0,241,2,1079.1000000000001,1,2,3,123
15547.0,11,12,5146.45,4,4,4,444
15548.0,230,1,158.09,1,1,1,111
15549.0,56,5,652.7,2,4,2,242
15550.0,13,8,1635.42,4,4,3,443
15551.0,29,6,1243.75,3,4,3,343
15552.0,258,1,162.4,1,1,1,111
15555.0,0,22,7267.83,4,4,4,444
15558.0,274,1,202.68,1,1,1,111
15559.0,203,1,1109.4,1,1,3,113
15560.0,32,2,153.52,3,2,1,321
15561.0,18,4,1133.8,3,3,3,333
15562.0,59,2,536.88,2,2,2,222
15563.0,149,3,1459.02,1,3,3,133
15564.0,98,2,70.74000000000001,2,2,1,221
15566.0,27,2,227.87,3,2,1,321
15569.0,25,5,2207.74,3,4,4,344
15570.0,4,14,5105.32,4,4,4,444
15571.0,21,10,3241.92,3,4,4,344
15572.0,15,3,1431.78,4,3,3,433
15573.0,253,3,597.23,1,3,2,132
15574.0,7,3,774.84,4,3,3,433
15575.0,254,1,30.1,1,1,1,111
15577.0,358,2,137.15,1,2,1,121
15579.0,18,3,923.03,3,3,3,333
15580.0,11,8,1375.39,4,4,3,443
15581.0,1,26,4076.9700000000003,4,4,4,444
15583.0,11,1,95.96,4,1,1,411
15584.0,34,2,547.34,3,2,2,322
15586.0,227,3,1139.1000000000001,1,3,3,133
15587.0,27,3,608.4,3,3,2,332
15588.0,312,1,579.6,1,1,2,112
15590.0,17,5,1496.6,4,4,3,443
15591.0,217,3,217.9,1,3,1,131
15595.0,122,1,357.59999999999997,2,1,2,212
15596.0,0,5,1723.45,4,4,4,444
15597.0,210,1,238.8,1,1,1,111
15598.0,62,1,307.34,2,1,2,212
15599.0,80,1,488.32,2,1,2,212
15600.0,63,4,1199.31,2,3,3,233
15601.0,7,17,8183.56,4,4,4,444
15602.0,3,8,1932.64,4,4,4,444
15603.0,283,1,40.0,1,1,1,111
15605.0,8,5,738.57,4,4,3,443
15606.0,25,8,2310.83,3,4,4,344
15607.0,178,8,1604.21,1,4,3,143
15608.0,50,1,692.3,3,1,2,312
15611.0,18,13,1405.83,3,4,3,343
15613.0,245,1,433.71999999999997,1,1,2,112
15614.0,72,4,3147.36,2,3,4,234
15615.0,25,24,10974.23,3,4,4,344
15616.0,73,1,317.11,2,1,2,212
15617.0,31,3,828.5500000000001,3,3,3,333
15620.0,44,1,389.18,3,1,2,312
15622.0,62,8,4143.05,2,4,4,244
15623.0,28,7,2136.02,3,4,4,344
15625.0,11,5,1702.1399999999999,4,4,3,443
15626.0,56,1,391.72,2,1,2,212
15627.0,92,2,566.9,2,2,2,222
15628.0,1,9,2782.02,4,4,4,444
15629.0,85,4,2240.9,2,3,4,234
15630.0,279,1,295.05,1,1,1,111
15631.0,277,1,596.67,1,1,2,112
15633.0,144,13,4335.96,1,4,4,144
15634.0,18,1,311.1,3,1,2,312
15635.0,30,1,100.35,3,1,1,311
15636.0,72,2,719.82,2,2,3,223
15637.0,48,4,574.23,3,3,2,332
15638.0,13,6,2265.2,4,4,4,444
15639.0,86,2,639.76,2,2,2,222
15640.0,7,15,11411.92,4,4,4,444
15641.0,31,8,3458.35,3,4,4,344
15642.0,364,1,105.78,1,1,1,111
15645.0,49,2,443.16,3,2,2,322
15646.0,7,3,526.97,4,3,2,432
15647.0,50,1,169.0,3,1,1,311
15649.0,2,3,1354.35,4,3,3,433
15650.0,156,2,553.88,1,2,2,122
15651.0,55,2,612.76,2,2,2,222
15652.0,22,4,1068.2,3,3,3,333
15658.0,7,4,1399.3700000000001,4,3,3,433
15659.0,21,2,226.04,3,2,1,321
15660.0,0,7,1212.13,4,4,3,443
15661.0,14,6,906.15,4,4,3,443
15662.0,296,2,283.73,1,2,1,121
15664.0,84,3,867.6,2,3,3,233
15665.0,46,3,1764.86,3,3,4,334
15666.0,107,2,632.94,2,2,2,222
15670.0,191,1,152.15,1,1,1,111
15672.0,360,1,45.300000000000004,1,1,1,111
15673.0,86,5,3478.09,2,4,4,244
15674.0,52,8,4501.63,3,4,4,344
15675.0,39,1,218.35,3,1,1,311
15677.0,56,2,648.4,2,2,2,222
15678.0,30,2,1473.24,3,2,3,323
15680.0,1,8,3173.9,4,4,4,444
15681.0,14,9,1563.54,4,4,3,443
15682.0,234,2,318.24,1,2,2,122
15683.0,108,1,330.79,2,1,2,212
15684.0,182,3,173.95,1,3,1,131
15685.0,85,1,55.980000000000004,2,1,1,211
15686.0,55,1,90.0,2,1,1,211
15688.0,53,1,190.57,2,1,1,211
15689.0,252,1,266.93,1,1,1,111
15691.0,29,3,434.5,3,3,2,332
15693.0,294,1,37.5,1,1,1,111
15694.0,0,12,4331.41,4,4,4,444
15695.0,232,2,721.0600000000001,1,2,3,123
15696.0,58,5,1170.1100000000001,2,4,3,243
15697.0,324,1,246.75,1,1,1,111
15698.0,259,1,46.2,1,1,1,111
15702.0,111,2,140.39,2,2,1,221
15704.0,137,2,1441.04,1,2,3,123
15708.0,4,3,969.19,4,3,3,433
15709.0,224,1,194.6,1,1,1,111
15710.0,52,1,898.87,3,1,3,313
15711.0,191,2,420.25,1,2,2,122
15712.0,14,7,2400.05,4,4,4,444
15713.0,1,3,654.09,4,3,2,432
15714.0,88,3,453.93,2,3,2,232
15715.0,190,5,658.02,1,4,2,142
15716.0,4,8,1913.55,4,4,4,444
15717.0,56,4,456.70000000000005,2,3,2,232
15718.0,175,1,293.79,1,1,1,111
15719.0,16,18,5165.9,4,4,4,444
15720.0,185,1,140.49,1,1,1,111
15722.0,80,6,3022.79,2,4,4,244
15723.0,46,3,740.0,3,3,3,333
15724.0,35,1,92.6,3,1,1,311
15726.0,25,1,321.91,3,1,2,312
15727.0,22,8,4212.65,3,4,4,344
15728.0,14,2,544.6,4,2,2,422
15729.0,35,2,107.55000000000001,3,2,1,321
15730.0,16,2,605.7,4,2,2,422
15731.0,188,1,125.3,1,1,1,111
15732.0,7,9,1387.95,4,4,3,443
15734.0,71,2,923.85,2,2,3,223
15735.0,56,1,327.68,2,1,2,212
15736.0,70,2,1767.1200000000001,2,2,4,224
15738.0,7,26,8560.55,4,4,4,444
15741.0,93,2,208.62,2,2,1,221
15742.0,254,1,156.87,1,1,1,111
15747.0,10,6,1553.17,4,4,3,443
15748.0,84,2,465.45,2,2,2,222
15750.0,1,12,4330.461,4,4,4,444
15751.0,95,11,1380.44,2,4,3,243
15752.0,7,3,1557.96,4,3,3,433
15754.0,128,6,2579.04,2,4,4,244
15755.0,14,11,3628.87,4,4,4,444
15757.0,21,4,2225.94,3,3,4,334
15759.0,146,4,577.89,1,3,2,132
15760.0,265,2,13916.34,1,2,4,124
15761.0,77,1,143.05,2,1,1,211
15764.0,69,2,1223.1100000000001,2,2,3,223
15765.0,301,1,370.63,1,1,2,112
15766.0,91,2,516.0,2,2,2,222
15768.0,111,31,14687.06,2,4,4,244
15769.0,6,21,32451.6,4,4,4,444
15770.0,247,1,321.45,1,1,2,112
15771.0,239,3,1006.54,1,3,3,133
15772.0,53,1,280.88,2,1,1,211
15773.0,44,1,138.84,3,1,1,311
15774.0,53,5,1017.5400000000001,2,4,3,243
15775.0,266,1,45.599999999999994,1,1,1,111
15777.0,31,3,715.5,3,3,3,333
15778.0,66,1,307.95000000000005,2,1,2,212
15779.0,98,2,124.08000000000001,2,2,1,221
15782.0,65,1,1399.36,2,1,3,213
15784.0,102,2,848.33,2,2,3,223
15785.0,14,11,3640.96,4,4,4,444
15786.0,52,2,3582.62,3,2,4,324
15788.0,143,1,221.83,1,1,1,111
15789.0,66,5,1610.71,2,4,3,243
15791.0,164,3,1995.65,1,3,4,134
15792.0,34,2,933.84,3,2,3,323
15793.0,13,5,1433.96,4,4,3,443
15794.0,371,2,777.0,1,2,3,123
15795.0,65,7,1369.8600000000001,2,4,3,243
15796.0,9,9,2463.02,4,4,4,444
15797.0,216,2,613.6800000000001,1,2,2,122
15798.0,127,3,1535.37,2,3,3,233
15799.0,53,1,537.2,2,1,2,212
15800.0,88,5,530.18,2,4,2,242
15803.0,80,3,1513.84,2,3,3,233
15805.0,20,13,4660.75,3,4,4,344
15807.0,43,2,913.62,3,2,3,323
15808.0,4,18,14482.03,4,4,4,444
15809.0,94,2,758.6700000000001,2,2,3,223
15810.0,21,4,1607.06,3,3,3,333
15811.0,0,2,1557.38,4,2,3,423
15812.0,70,7,3400.33,2,4,4,244
15814.0,28,2,689.11,3,2,2,322
15816.0,177,2,144.15,1,2,1,121
15817.0,55,3,2766.4,2,3,4,234
15818.0,223,1,340.5,1,1,2,112
15819.0,66,6,2029.3400000000001,2,4,4,244
15822.0,128,4,954.59,2,3,3,233
15823.0,7,3,3882.17,4,3,4,434
15824.0,88,2,890.94,2,2,3,223
15826.0,203,1,943.97,1,1,3,113
15827.0,7,16,1957.98,4,4,4,444
15828.0,10,1,1108.82,4,1,3,413
15833.0,372,1,80.4,1,1,1,111
15834.0,11,3,1539.24,4,3,3,433
15837.0,120,1,385.03000000000003,2,1,2,212
15838.0,2,16,40519.92,4,4,4,444
15841.0,21,5,1518.35,3,4,3,343
15842.0,28,2,548.8000000000001,3,2,2,322
15845.0,171,3,714.51,1,3,3,133
15846.0,20,1,107.01,3,1,1,311
15847.0,63,3,433.3,2,3,2,232
15848.0,256,1,137.99,1,1,1,111
15850.0,11,4,771.87,4,3,3,433
15851.0,161,1,109.73,1,1,1,111
15852.0,161,1,96.55,1,1,1,111
15854.0,11,9,2609.16,4,4,4,444
15855.0,111,1,340.48,2,1,2,212
15856.0,0,26,17703.63,4,4,4,444
15857.0,65,1,273.48,2,1,1,211
15858.0,2,9,2508.77,4,4,4,444
15859.0,67,1,438.46,2,1,2,212
15860.0,3,10,1498.8,4,4,3,443
15861.0,91,4,1222.28,2,3,3,233
15862.0,8,10,2033.64,4,4,4,444
15863.0,252,3,286.26,1,3,1,131
15864.0,16,1,244.44,4,1,1,411
15865.0,48,2,1346.29,3,2,3,323
15867.0,4,17,5224.81,4,4,4,444
15868.0,218,1,94.53,1,1,1,111
15869.0,261,1,171.47,1,1,1,111
15870.0,31,3,506.02000000000004,3,3,2,332
15871.0,72,1,33.099999999999994,2,1,1,211
15872.0,13,2,413.0,4,2,2,422
15873.0,134,4,313.91999999999996,2,3,2,232
15874.0,22,14,6878.88,3,4,4,344
15875.0,281,1,108.52,1,1,1,111
15876.0,44,2,1449.14,3,2,3,323
15878.0,196,2,330.77,1,2,2,122
15879.0,39,4,1137.8,3,3,3,333
15880.0,4,1,329.03,4,1,2,412
15882.0,3,6,979.62,4,4,3,443
15884.0,67,2,244.60000000000002,2,2,1,221
15885.0,18,12,1572.47,3,4,3,343
15886.0,51,3,871.78,3,3,3,333
15887.0,41,3,1027.15,3,3,3,333
15888.0,35,2,260.85,3,2,1,321
15889.0,4,7,1279.6,4,4,3,443
15890.0,29,5,535.65,3,4,2,342
15892.0,304,1,128.2,1,1,1,111
15893.0,116,1,305.28000000000003,2,1,1,211
15894.0,4,1,151.44,4,1,1,411
15898.0,2,22,4129.26,4,4,4,444
15899.0,3,1,56.25,4,1,1,411
15900.0,48,3,549.29,3,3,2,332
15901.0,86,4,335.99,2,3,2,232
15902.0,15,1,145.01,4,1,1,411
15903.0,13,5,3813.08,4,4,4,444
15905.0,178,1,114.69,1,1,1,111
15906.0,9,3,962.5,4,3,3,433
15908.0,125,2,758.62,2,2,3,223
15910.0,35,7,1432.29,3,4,3,343
15911.0,258,8,1700.24,1,4,3,143
15912.0,71,7,810.08,2,4,3,243
15913.0,169,1,6.300000000000001,1,1,1,111
15914.0,13,2,205.99,4,2,1,421
15915.0,36,1,364.45,3,1,2,312
15916.0,1,7,1874.83,4,4,4,444
15917.0,241,4,407.07,1,3,2,132
15918.0,266,1,248.65,1,1,1,111
15919.0,3,1,214.07999999999998,4,1,1,411
15920.0,59,5,401.64,2,4,2,242
15921.0,31,3,452.23,3,3,2,332
15922.0,8,1,369.5,4,1,2,412
15923.0,7,1,127.08,4,1,1,411
15924.0,366,1,102.82,1,1,1,111
15926.0,177,1,134.44,1,1,1,111
15927.0,282,1,106.54,1,1,1,111
15928.0,291,1,293.53,1,1,1,111
15929.0,279,1,594.0,1,1,2,112
15931.0,63,1,239.9,2,1,1,211
15934.0,52,2,2190.66,3,2,4,324
15936.0,14,2,282.79,4,2,1,421
15938.0,91,4,330.23,2,3,2,232
15939.0,9,1,2945.38,4,1,4,414
15941.0,272,1,405.0,1,1,2,112
15943.0,284,2,271.28999999999996,1,2,1,121
15944.0,28,3,1839.14,3,3,4,334
15945.0,0,4,646.27,4,3,2,432
15946.0,137,3,2304.18,1,3,4,134
15948.0,59,1,553.85,2,1,2,212
15950.0,10,6,5376.2,4,4,4,444
15951.0,16,1,304.95,4,1,1,411
15953.0,4,11,1990.8,4,4,4,444
15954.0,224,1,190.75,1,1,1,111
15955.0,7,9,4242.1,4,4,4,444
15956.0,186,2,617.6,1,2,2,122
15957.0,55,2,492.36,2,2,2,222
15958.0,38,3,357.77,3,3,2,332
15959.0,317,3,542.89,1,3,2,132
15960.0,9,4,410.95,4,3,2,432
15961.0,14,1,451.28999999999996,4,1,2,412
15962.0,84,1,289.48,2,1,1,211
15964.0,298,1,269.21000000000004,1,1,1,111
15965.0,2,10,2119.26,4,4,4,444
15966.0,85,1,426.53,2,1,2,212
15967.0,14,10,2568.32,4,4,4,444
15968.0,23,1,404.55,3,1,2,312
15969.0,60,2,460.95,2,2,2,222
15970.0,233,1,703.22,1,1,3,113
15971.0,20,6,1702.98,3,4,3,343
15972.0,91,5,1769.33,2,4,4,244
15973.0,1,3,680.62,4,3,2,432
15976.0,45,4,1266.77,3,3,3,333
15978.0,67,2,2180.64,2,2,4,224
15979.0,237,1,329.21999999999997,1,1,2,112
15980.0,125,4,4144.82,2,3,4,234
15981.0,36,13,5954.29,3,4,4,344
15982.0,240,1,324.51,1,1,2,112
15983.0,0,6,2458.9,4,4,4,444
15984.0,3,21,5735.09,4,4,4,444
15985.0,71,5,1572.8600000000001,2,4,3,243
15986.0,16,1,186.3,4,1,1,411
15987.0,3,2,216.70000000000002,4,2,1,421
15988.0,186,2,582.11,1,2,2,122
15989.0,10,2,368.31,4,2,2,422
15990.0,129,5,1205.64,2,4,3,243
15991.0,169,1,150.55,1,1,1,111
15992.0,31,2,854.61,3,2,3,323
15994.0,46,2,761.41,3,2,3,323
15995.0,49,1,694.54,3,1,2,312
15996.0,1,2,617.07,4,2,2,422
15998.0,28,11,5193.92,3,4,4,344
15999.0,370,1,20.4,1,1,1,111
16001.0,16,1,583.39,4,1,2,412
16002.0,260,1,169.21,1,1,1,111
16003.0,16,5,2878.46,4,4,4,444
16004.0,109,5,2146.39,2,4,4,244
16005.0,10,6,1786.78,4,4,4,444
16006.0,22,1,231.42,3,1,1,311
16007.0,18,3,1359.25,3,3,3,333
16008.0,17,12,4860.35,4,4,4,444
16010.0,11,8,1302.46,4,4,3,443
16011.0,1,14,2486.0,4,4,4,444
16012.0,36,2,1563.3,3,2,3,323
16013.0,6,39,20009.84,4,4,4,444
16014.0,43,2,453.45,3,2,2,322
16016.0,1,4,980.91,4,3,3,433
16017.0,52,4,1333.7,3,3,3,333
16018.0,31,2,289.23,3,2,1,321
16019.0,16,18,13542.92,4,4,4,444
16021.0,30,2,487.03,3,2,2,322
16024.0,46,2,232.96,3,2,1,321
16027.0,92,9,1113.74,2,4,3,243
16028.0,230,1,82.2,1,1,1,111
16029.0,7,47,41184.3,4,4,4,444
16032.0,91,6,1965.72,2,4,4,244
16033.0,4,8,1985.63,4,4,4,444
16034.0,29,3,473.62,3,3,2,332
16035.0,195,1,217.73,1,1,1,111
16036.0,59,2,1797.92,2,2,4,224
16037.0,179,2,654.32,1,2,2,122
16039.0,58,2,456.4,2,2,2,222
16040.0,65,4,1103.3500000000001,2,3,3,233
16042.0,14,3,1067.85,4,3,3,433
16043.0,14,4,1082.6,4,3,3,433
16044.0,70,1,340.84000000000003,2,1,2,212
16045.0,51,4,2094.23,3,3,4,334
16046.0,197,1,235.78,1,1,1,111
16047.0,317,1,107.14,1,1,1,111
16048.0,8,4,818.7900000000001,4,3,3,433
16049.0,10,3,777.34,4,3,3,433
16050.0,18,2,162.8,3,2,1,321
16051.0,316,1,188.44,1,1,1,111
16053.0,48,4,2122.89,3,3,4,334
16054.0,53,3,1327.98,2,3,3,233
16057.0,154,3,1591.73,1,3,3,133
16058.0,41,1,62.7,3,1,1,311
16059.0,2,7,1718.66,4,4,4,444
16060.0,35,3,541.95,3,3,2,332
16061.0,66,1,89.65,2,1,1,211
16062.0,14,4,1709.83,4,3,3,433
16064.0,360,1,109.31,1,1,1,111
16065.0,0,8,1992.13,4,4,4,444
16067.0,197,3,3269.11,1,3,4,134
16068.0,228,1,115.73,1,1,1,111
16069.0,52,1,457.7,3,1,2,312
16071.0,162,3,750.5600000000001,1,3,3,133
16072.0,63,3,3595.77,2,3,4,234
16074.0,25,1,252.5,3,1,1,311
16075.0,137,2,736.9300000000001,1,2,3,123
16077.0,260,1,2300.4,1,1,4,114
16078.0,304,1,283.79,1,1,1,111
16080.0,20,2,385.4,3,2,2,322
16081.0,1,4,1637.14,4,3,3,433
16082.0,305,1,106.75,1,1,1,111
16083.0,17,2,1033.8,4,2,3,423
16085.0,15,7,1359.52,4,4,3,443
16086.0,2,6,1743.6,4,4,4,444
16087.0,24,5,1739.92,3,4,4,344
16088.0,210,2,1437.43,1,2,3,123
16089.0,21,2,263.49,3,2,1,321
16090.0,259,1,180.56,1,1,1,111
16092.0,139,3,770.08,1,3,3,133
16094.0,10,7,2617.33,4,4,4,444
16095.0,91,1,447.05,2,1,2,212
16096.0,51,3,1264.3500000000001,3,3,3,333
16098.0,8,8,2435.67,4,4,4,444
16099.0,52,4,841.3,3,3,3,333
16100.0,97,1,582.64,2,1,2,212
16101.0,69,3,1938.46,2,3,4,234
16103.0,24,16,4762.07,3,4,4,344
16104.0,53,8,2476.25,2,4,4,244
16105.0,73,4,2049.23,2,3,4,234
16108.0,69,3,1393.42,2,3,3,233
16109.0,333,1,327.59999999999997,1,1,2,112
16110.0,157,1,460.64,1,1,2,112
16111.0,63,1,549.33,2,1,2,212
16115.0,32,4,892.92,3,3,3,333
16117.0,37,2,422.19,3,2,2,322
16118.0,287,1,4376.25,1,1,4,114
16119.0,29,6,1297.45,3,4,3,343
16120.0,57,2,1658.3700000000001,2,2,3,223
16121.0,25,3,595.38,3,3,2,332
16122.0,1,3,316.92,4,3,2,432
16124.0,53,3,1523.49,2,3,3,233
16125.0,2,14,4292.35,4,4,4,444
16126.0,14,11,8356.83,4,4,4,444
16127.0,361,1,145.06,1,1,1,111
16128.0,15,6,1920.8300000000002,4,4,4,444
16129.0,42,3,1396.05,3,3,3,333
16130.0,57,4,987.48,2,3,3,233
16131.0,10,6,6450.88,4,4,4,444
16132.0,179,2,664.1999999999999,1,2,2,122
16133.0,11,23,8403.22,4,4,4,444
16134.0,58,3,1527.25,2,3,3,233
16135.0,218,1,301.9,1,1,1,111
16136.0,298,1,237.42000000000002,1,1,1,111
16137.0,315,1,422.7,1,1,2,112
16138.0,13,3,910.35,4,3,3,433
16139.0,357,2,475.74,1,2,2,122
16140.0,6,2,832.4200000000001,4,2,3,423
16141.0,52,1,335.54,3,1,2,312
16143.0,4,7,2485.89,4,4,4,444
16145.0,23,8,3005.9500000000003,3,4,4,344
16146.0,83,1,212.25,2,1,1,211
16147.0,35,4,2023.91,3,3,4,334
16148.0,71,1,310.3,2,1,2,212
16149.0,64,1,141.7,2,1,1,211
16150.0,7,6,2342.57,4,4,4,444
16153.0,55,6,3309.26,2,4,4,244
16155.0,16,5,796.9,4,4,3,443
16156.0,17,11,3096.14,4,4,4,444
16158.0,157,9,628.32,1,4,2,142
16159.0,105,3,884.59,2,3,3,233
16161.0,3,25,7210.59,4,4,4,444
16163.0,0,5,1992.98,4,4,4,444
16165.0,140,1,79.9,1,1,1,111
16166.0,63,2,435.83,2,2,2,222
16167.0,49,5,1386.12,3,4,3,343
16168.0,4,40,6848.87,4,4,4,444
16170.0,30,14,4983.95,3,4,4,344
16172.0,108,3,744.34,2,3,3,233
16174.0,126,4,1237.2,2,3,3,233
16175.0,106,3,798.85,2,3,3,233
16176.0,56,4,2052.69,2,3,4,234
16177.0,71,7,1915.3600000000001,2,4,4,244
16178.0,36,1,414.7,3,1,2,312
16180.0,113,5,5995.69,2,4,4,244
16182.0,73,5,3354.0,2,4,4,244
16183.0,29,3,739.1,3,3,3,333
16185.0,199,1,115.31,1,1,1,111
16186.0,7,15,5019.17,4,4,4,444
16188.0,43,1,105.80000000000001,3,1,1,311
16190.0,29,7,2508.4700000000003,3,4,4,344
16191.0,10,11,10497.300000000001,4,4,4,444
16192.0,370,1,351.3,1,1,2,112
16193.0,45,1,315.98,3,1,2,312
16194.0,10,1,308.6,4,1,2,412
16195.0,358,1,323.25,1,1,2,112
16196.0,123,1,93.3,2,1,1,211
16197.0,104,9,2016.71,2,4,4,244
16198.0,72,1,629.36,2,1,2,212
16199.0,27,7,942.75,3,4,3,343
16200.0,17,10,4539.23,4,4,4,444
16201.0,50,1,248.65,3,1,1,311
16202.0,52,8,2136.72,3,4,4,344
16203.0,7,3,521.64,4,3,2,432
16204.0,15,2,534.53,4,2,2,422
16205.0,31,3,1062.48,3,3,3,333
16206.0,22,9,2052.81,3,4,4,344
16208.0,29,8,2776.19,3,4,4,344
16209.0,17,4,1884.16,4,3,4,434
16210.0,3,19,17403.21,4,4,4,444
16211.0,56,2,543.5699999999999,2,2,2,222
16212.0,253,2,603.37,1,2,2,122
16214.0,70,1,975.5,2,1,3,213
16218.0,8,7,1355.29,4,4,3,443
16219.0,135,1,40.8,2,1,1,211
16221.0,2,7,1325.8,4,4,3,443
16222.0,356,1,498.50000000000006,1,1,2,112
16223.0,9,2,1087.05,4,2,3,423
16224.0,22,1,321.24,3,1,2,312
16225.0,37,10,1762.99,3,4,4,344
16226.0,13,2,417.05,4,2,2,422
16227.0,129,2,713.0,2,2,3,223
16228.0,20,3,885.71,3,3,3,333
16229.0,16,4,1857.26,4,3,4,434
16231.0,14,4,1074.47,4,3,3,433
16232.0,55,3,1722.09,2,3,4,234
16233.0,1,7,1429.03,4,4,3,443
16234.0,111,3,333.18,2,3,2,232
16235.0,10,4,1186.4,4,3,3,433
16237.0,72,1,136.65,2,1,1,211
16238.0,57,1,63.66,2,1,1,211
16239.0,17,4,1078.0,4,3,3,433
16241.0,4,4,1680.2,4,3,3,433
16242.0,16,7,3824.79,4,4,4,444
16244.0,7,1,1056.63,4,1,3,413
16246.0,94,2,821.35,2,2,3,223
16250.0,8,2,401.94,4,2,2,422
16251.0,147,1,128.31,1,1,1,111
16252.0,17,1,295.09000000000003,4,1,1,411
16253.0,55,5,3588.34,2,4,4,244
16254.0,13,3,967.44,4,3,3,433
16255.0,0,8,2284.34,4,4,4,444
16256.0,128,2,876.9399999999999,2,2,3,223
16258.0,22,10,6739.01,3,4,4,344
16259.0,45,3,340.94,3,3,2,332
16261.0,21,2,312.62,3,2,2,322
16262.0,13,1,755.15,4,1,3,413
16263.0,58,1,348.16,2,1,2,212
16264.0,73,2,823.53,2,2,3,223
16265.0,21,3,1488.17,3,3,3,333
16266.0,58,7,896.06,2,4,3,243
16267.0,226,1,186.66,1,1,1,111
16269.0,72,1,717.57,2,1,3,213
16271.0,92,5,1993.18,2,4,4,244
16273.0,283,2,318.34000000000003,1,2,2,122
16274.0,8,1,351.75,4,1,2,412
16275.0,109,2,1591.24,2,2,3,223
16276.0,114,2,1818.79,2,2,4,224
16277.0,368,1,188.69,1,1,1,111
16278.0,115,2,551.46,2,2,2,222
16279.0,20,6,4195.5,3,4,4,344
16280.0,360,1,238.05,1,1,1,111
16281.0,58,2,1361.96,2,2,3,223
16282.0,122,2,1139.28,2,2,3,223
16283.0,53,3,2779.51,2,3,4,234
16284.0,28,1,205.8,3,1,1,311
16285.0,281,1,176.9,1,1,1,111
16286.0,112,2,328.95,2,2,2,222
16287.0,11,4,864.48,4,3,3,433
16288.0,105,1,129.85,2,1,1,211
16289.0,97,1,136.31,2,1,1,211
16290.0,99,4,1957.7,2,3,4,234
16291.0,317,1,117.72,1,1,1,111
16292.0,15,4,951.51,4,3,3,433
16293.0,2,6,2408.96,4,4,4,444
16294.0,111,1,126.05000000000001,2,1,1,211
16296.0,261,4,1313.67,1,3,3,133
16298.0,32,4,487.5,3,3,2,332
16299.0,112,1,193.65,2,1,1,211
16300.0,65,3,1367.32,2,3,3,233
16301.0,371,1,107.33,1,1,1,111
16303.0,27,4,2567.64,3,3,4,334
16304.0,329,1,381.66,1,1,2,112
16306.0,2,2,560.55,4,2,2,422
16307.0,64,3,1194.92,2,3,3,233
16308.0,41,3,2560.0,3,3,4,334
16310.0,49,2,460.08,3,2,2,322
16312.0,67,1,171.15,2,1,1,211
16314.0,24,3,1491.4,3,3,3,333
16315.0,171,1,176.34,1,1,1,111
16316.0,15,5,2806.0,4,4,4,444
16317.0,185,2,850.86,1,2,3,123
16320.0,88,4,4590.53,2,3,4,234
16321.0,261,2,230.9,1,2,1,121
16323.0,212,1,146.16,1,1,1,111
16325.0,59,9,3003.26,2,4,4,244
16326.0,18,10,1682.03,3,4,3,343
16327.0,4,11,6874.97,4,4,4,444
16328.0,198,1,310.83,1,1,2,112
16329.0,62,4,1664.92,2,3,3,233
16330.0,59,4,373.46999999999997,2,3,2,232
16331.0,67,6,2037.7,2,4,4,244
16332.0,66,4,417.21,2,3,2,232
16334.0,127,1,263.73,2,1,1,211
16335.0,186,7,2753.52,1,4,4,144
16336.0,55,4,3517.69,2,3,4,234
16340.0,74,2,961.93,2,2,3,223
16341.0,72,3,1878.92,2,3,4,234
16343.0,42,1,285.54,3,1,1,311
16344.0,144,3,741.3199999999999,1,3,3,133
16345.0,118,1,613.33,2,1,2,212
16346.0,20,1,224.51,3,1,1,311
16347.0,23,9,2595.51,3,4,4,344
16348.0,65,1,328.77,2,1,2,212
16350.0,9,5,1137.42,4,4,3,443
16351.0,46,12,3176.13,3,4,4,344
16353.0,4,16,3323.75,4,4,4,444
16354.0,14,3,723.66,4,3,3,433
16355.0,10,1,416.35,4,1,2,412
16356.0,11,3,204.10000000000002,4,3,1,431
16357.0,16,1,209.49,4,1,1,411
16358.0,29,1,892.1500000000001,3,1,3,313
16359.0,11,7,946.83,4,4,3,443
16362.0,72,1,212.17000000000002,2,1,1,211
16365.0,2,7,1766.78,4,4,4,444
16366.0,217,3,1220.83,1,3,3,133
16367.0,18,1,549.8100000000001,3,1,2,312
16368.0,70,1,141.53,2,1,1,211
16369.0,71,4,1111.15,2,3,3,233
16371.0,83,1,157.2,2,1,1,211
16372.0,44,3,934.58,3,3,3,333
16373.0,17,2,309.49,4,2,2,422
16374.0,37,3,1256.67,3,3,3,333
16375.0,105,2,104.0,2,2,1,221
16377.0,252,1,632.28,1,1,2,112
16381.0,30,2,247.85,3,2,1,321
16382.0,43,2,353.1,3,2,2,322
16383.0,31,5,2252.93,3,4,4,344
16384.0,64,2,774.45,2,2,3,223
16385.0,1,3,473.69,4,3,2,432
16386.0,22,1,765.59,3,1,3,313
16387.0,30,4,788.1,3,3,3,333
16388.0,288,1,186.05,1,1,1,111
16390.0,171,3,467.5,1,3,2,132
16391.0,35,4,1052.26,3,3,3,333
16392.0,48,2,538.81,3,2,2,322
16393.0,4,11,2441.61,4,4,4,444
16395.0,28,9,2036.35,3,4,4,344
16396.0,111,1,137.8,2,1,1,211
16397.0,263,1,123.13,1,1,1,111
16399.0,24,1,222.20000000000002,3,1,1,311
16400.0,30,8,2755.92,3,4,4,344
16401.0,14,11,2750.83,4,4,4,444
16402.0,4,1,205.65,4,1,1,411
16406.0,85,2,374.01,2,2,2,222
16407.0,24,4,681.97,3,3,2,332
16408.0,226,1,231.93,1,1,1,111
16409.0,15,7,3629.76,4,4,4,444
16410.0,369,1,130.32,1,1,1,111
16411.0,4,3,673.24,4,3,2,432
16412.0,28,4,457.2,3,3,2,332
16413.0,10,1,259.83,4,1,1,411
16414.0,66,3,424.96000000000004,2,3,2,232
16415.0,218,2,496.49,1,2,2,122
16416.0,25,6,1906.48,3,4,4,344
16417.0,127,1,35.7,2,1,1,211
16418.0,43,2,397.62,3,2,2,322
16419.0,212,2,504.99,1,2,2,122
16420.0,31,1,75.0,3,1,1,311
16421.0,11,3,526.27,4,3,2,432
16422.0,4,59,28904.670000000002,4,4,4,444
16424.0,17,1,309.5,4,1,2,412
16428.0,48,3,638.49,3,3,2,332
16430.0,16,6,817.09,4,4,3,443
16433.0,43,1,200.26,3,1,1,311
16434.0,81,5,1161.89,2,4,3,243
16435.0,147,3,1003.0699999999999,1,3,3,133
16436.0,303,3,319.14,1,3,2,132
16437.0,16,2,301.25,4,2,1,421
16439.0,357,1,310.70000000000005,1,1,2,112
16440.0,128,1,216.3,2,1,1,211
16441.0,52,3,637.93,3,3,2,332
16442.0,239,2,282.68,1,2,1,121
16443.0,155,1,162.24,1,1,1,111
16444.0,25,13,2971.21,3,4,4,344
16445.0,21,3,352.65,3,3,2,332
16447.0,225,2,471.19,1,2,2,122
16448.0,106,1,178.13,2,1,1,211
16450.0,219,2,1193.81,1,2,3,123
16451.0,196,2,746.1800000000001,1,2,3,123
16452.0,265,2,332.17,1,2,2,122
16453.0,165,2,251.71,1,2,1,121
16454.0,241,2,24.05,1,2,1,121
16455.0,6,6,2535.69,4,4,4,444
16456.0,8,9,4630.16,4,4,4,444
16458.0,10,12,2208.15,4,4,4,444
16459.0,364,1,71.78999999999999,1,1,1,111
16461.0,225,2,1402.91,1,2,3,123
16465.0,55,2,746.24,2,2,3,223
16466.0,18,8,2171.13,3,4,4,344
16467.0,143,7,2869.16,1,4,4,144
16468.0,105,2,712.62,2,2,3,223
16469.0,149,1,178.48000000000002,1,1,1,111
16470.0,31,7,1664.08,3,4,3,343
16471.0,28,3,966.03,3,3,3,333
16472.0,69,2,789.6,2,2,3,223
16473.0,9,1,154.72,4,1,1,411
16476.0,66,1,350.35,2,1,2,212
16477.0,6,5,1825.56,4,4,4,444
16481.0,317,1,453.38,1,1,2,112
16485.0,67,4,1923.54,2,3,4,234
16486.0,172,1,134.36,1,1,1,111
16487.0,212,2,209.4,1,2,1,121
16489.0,15,2,303.7,4,2,1,421
16490.0,71,1,205.41000000000003,2,1,1,211
16491.0,48,1,801.66,3,1,3,313
16492.0,175,1,385.56,1,1,2,112
16493.0,79,3,780.46,2,3,3,233
16496.0,66,3,731.25,2,3,3,233
16497.0,48,17,3729.59,3,4,4,344
16499.0,9,6,2212.89,4,4,4,444
16500.0,9,3,443.05,4,3,2,432
16501.0,18,1,1191.23,3,1,3,313
16502.0,255,2,258.55,1,2,1,121
16503.0,30,7,2182.41,3,4,4,344
16507.0,207,1,142.71,1,1,1,111
16508.0,265,1,240.95,1,1,1,111
16510.0,7,6,1777.5,4,4,4,444
16511.0,32,3,842.16,3,3,3,333
16515.0,14,5,1554.92,4,4,3,443
16518.0,56,2,475.05,2,2,2,222
16519.0,0,3,327.68,4,3,2,432
16520.0,0,4,1427.57,4,3,3,433
16521.0,50,3,1140.11,3,3,3,333
16522.0,70,2,433.36,2,2,2,222
16523.0,50,7,2497.86,3,4,4,344
16524.0,81,2,306.19,2,2,1,221
16525.0,1,23,11535.29,4,4,4,444
16526.0,219,1,426.85,1,1,2,112
16527.0,59,1,1004.88,2,1,3,213
16529.0,112,3,1531.55,2,3,3,233
16530.0,303,1,48.35,1,1,1,111
16531.0,16,4,1053.74,4,3,3,433
16532.0,66,2,2007.84,2,2,4,224
16534.0,277,1,635.9,1,1,2,112
16535.0,20,2,378.28999999999996,3,2,2,322
16537.0,276,1,23.35,1,1,1,111
16538.0,176,3,395.07,1,3,2,132
16539.0,8,7,2343.2,4,4,4,444
16540.0,49,1,205.75,3,1,1,311
16541.0,370,1,424.03,1,1,2,112
16542.0,36,1,137.7,3,1,1,311
16543.0,226,1,292.21,1,1,1,111
16544.0,154,4,376.70000000000005,1,3,2,132
16545.0,10,1,350.52,4,1,2,412
16546.0,7,4,4819.32,4,3,4,434
16547.0,181,1,104.25999999999999,1,1,1,111
16548.0,234,1,30.15,1,1,1,111
16549.0,32,24,8746.9,3,4,4,344
16550.0,3,14,7069.27,4,4,4,444
16551.0,58,4,1315.0,2,3,3,233
16552.0,8,1,95.28999999999999,4,1,1,411
16553.0,31,21,10864.19,3,4,4,344
16554.0,21,5,2004.6200000000001,3,4,4,344
16555.0,140,4,1629.79,1,3,3,133
16556.0,10,10,4698.79,4,4,4,444
16558.0,1,19,5535.02,4,4,4,444
16559.0,32,1,175.0,3,1,1,311
16560.0,32,6,2206.9700000000003,3,4,4,344
16562.0,111,1,223.86,2,1,1,211
16563.0,35,5,3334.82,3,4,4,344
16564.0,204,1,87.80000000000001,1,1,1,111
16565.0,41,3,599.35,3,3,2,332
16568.0,62,2,1020.9,2,2,3,223
16569.0,266,4,1331.03,1,3,3,133
16570.0,14,10,3695.91,4,4,4,444
16571.0,30,7,2827.05,3,4,4,344
16574.0,58,2,850.34,2,2,3,223
16576.0,55,2,540.87,2,2,2,222
16577.0,301,1,380.0,1,1,2,112
16578.0,261,1,156.6,1,1,1,111
16579.0,60,1,295.05,2,1,1,211
16583.0,8,2,297.95,4,2,1,421
16584.0,67,3,2220.09,2,3,4,234
16585.0,228,2,341.59000000000003,1,2,2,122
16586.0,79,2,998.83,2,2,3,223
16588.0,21,4,1361.28,3,3,3,333
16589.0,85,1,153.12,2,1,1,211
16590.0,35,2,605.9,3,2,2,322
16592.0,10,12,3694.23,4,4,4,444
16593.0,25,5,741.11,3,4,3,343
16595.0,11,4,1397.59,4,3,3,433
16596.0,1,3,329.48,4,3,2,432
16599.0,20,1,172.8,3,1,1,311
16600.0,9,7,1339.89,4,4,3,443
16601.0,25,2,434.3,3,2,2,322
16602.0,23,1,235.25,3,1,1,311
16604.0,197,2,432.45000000000005,1,2,2,122
16605.0,359,1,60.48,1,1,1,111
16606.0,39,2,357.66,3,2,2,322
16607.0,34,11,2359.16,3,4,4,344
16608.0,88,2,1286.6200000000001,2,2,3,223
16611.0,38,5,1655.64,3,4,3,343
16612.0,14,5,2057.77,4,4,4,444
16614.0,37,2,673.6,3,2,2,322
16615.0,261,1,291.5,1,1,1,111
16619.0,18,3,1712.1200000000001,3,3,3,333
16620.0,24,4,1579.97,3,3,3,333
16622.0,178,1,225.4,1,1,1,111
16623.0,36,3,885.79,3,3,3,333
16625.0,57,4,1320.95,2,3,3,233
16628.0,42,2,130.05,3,2,1,321
16630.0,42,1,106.80000000000001,3,1,1,311
16631.0,116,7,1892.52,2,4,4,244
16632.0,120,2,406.4,2,2,2,222
16634.0,7,5,1596.71,4,4,3,443
16635.0,41,1,473.0,3,1,2,312
16636.0,73,4,3802.04,2,3,4,234
16638.0,3,6,749.8100000000001,4,4,3,443
16639.0,44,1,490.47,3,1,2,312
16640.0,32,1,179.4,3,1,1,311
16641.0,336,1,323.4,1,1,2,112
16642.0,50,1,389.12,3,1,2,312
16643.0,57,1,435.6,2,1,2,212
16645.0,370,1,160.39,1,1,1,111
16646.0,84,1,678.8,2,1,2,212
16647.0,77,2,327.84,2,2,2,222
16648.0,90,2,382.14,2,2,2,222
16649.0,155,1,306.58,1,1,1,111
16650.0,55,6,1397.69,2,4,3,243
16651.0,221,1,136.2,1,1,1,111
16652.0,39,9,10776.42,3,4,4,344
16654.0,3,5,1110.2,4,4,3,443
16655.0,46,7,2633.74,3,4,4,344
16656.0,55,15,8207.37,2,4,4,244
16658.0,3,6,690.83,4,4,2,442
16660.0,57,3,611.9,2,3,2,232
16661.0,175,4,932.76,1,3,3,133
16662.0,29,1,151.05,3,1,1,311
16663.0,364,1,165.0,1,1,1,111
16664.0,204,1,109.2,1,1,1,111
16666.0,256,1,98.73,1,1,1,111
16668.0,22,7,555.7,3,4,2,342
16670.0,28,9,3934.25,3,4,4,344
16673.0,314,1,171.13,1,1,1,111
16675.0,76,2,608.86,2,2,2,222
16676.0,37,2,769.78,3,2,3,323
16677.0,46,2,880.62,3,2,3,323
16679.0,1,3,663.31,4,3,2,432
16680.0,163,2,637.75,1,2,2,122
16681.0,276,1,151.5,1,1,1,111
16683.0,168,1,320.25,1,1,2,112
16684.0,14,27,80489.21,4,4,4,444
16686.0,24,9,1921.19,3,4,4,344
16687.0,25,1,157.63,3,1,1,311
16690.0,28,2,127.45,3,2,1,321
16691.0,53,2,178.83,2,2,1,221
16692.0,43,2,638.6999999999999,3,2,2,322
16693.0,46,3,701.62,3,3,3,333
16694.0,358,1,98.30000000000001,1,1,1,111
16695.0,196,2,191.9,1,2,1,121
16699.0,15,7,994.6,4,4,3,443
16700.0,1,13,4091.16,4,4,4,444
16701.0,58,13,4518.43,2,4,4,244
16702.0,50,4,1110.83,3,3,3,333
16704.0,253,2,664.16,1,2,2,122
16705.0,35,22,29480.061,3,4,4,344
16707.0,35,4,533.41,3,3,2,332
16709.0,14,9,6026.14,4,4,4,444
16710.0,3,13,3823.78,4,4,4,444
16711.0,14,4,1217.45,4,3,3,433
16712.0,36,2,621.5600000000001,3,2,2,322
16713.0,1,18,7619.21,4,4,4,444
16714.0,305,1,368.27,1,1,2,112
16715.0,197,1,323.8,1,1,2,112
16716.0,265,1,1248.48,1,1,3,113
16717.0,1,9,3127.85,4,4,4,444
16718.0,4,5,3006.08,4,4,4,444
16719.0,3,8,2174.13,4,4,4,444
16720.0,11,2,605.79,4,2,2,422
16722.0,1,11,4258.27,4,4,4,444
16723.0,78,2,654.96,2,2,2,222
16724.0,39,1,147.35,3,1,1,311
16725.0,6,8,1052.14,4,4,3,443
16726.0,18,2,705.14,3,2,3,323
16727.0,27,3,1121.45,3,3,3,333
16731.0,283,1,170.3,1,1,1,111
16732.0,38,3,3783.89,3,3,4,334
16733.0,164,1,259.68,1,1,1,111
16735.0,28,9,3970.0,3,4,4,344
16736.0,140,5,2956.56,1,4,4,144
16737.0,212,1,417.6,1,1,2,112
16739.0,171,1,463.43,1,1,2,112
16740.0,30,1,226.91,3,1,1,311
16741.0,260,1,173.06,1,1,1,111
16742.0,127,13,2334.9700000000003,2,4,4,244
16743.0,91,7,1999.02,2,4,4,244
16746.0,18,24,11366.64,3,4,4,344
16748.0,23,9,2121.43,3,4,4,344
16749.0,226,2,4157.88,1,2,4,124
16752.0,7,1,207.5,4,1,1,411
16754.0,7,29,65500.07,4,4,4,444
16755.0,102,4,1389.25,2,3,3,233
16756.0,39,6,1072.97,3,4,3,343
16757.0,44,1,163.65,3,1,1,311
16760.0,65,1,228.0,2,1,1,211
16763.0,373,1,352.85,1,1,2,112
16765.0,17,1,420.75,4,1,2,412
16767.0,53,4,2481.2,2,3,4,234
16768.0,18,6,1220.48,3,4,3,343
16769.0,113,3,755.51,2,3,3,233
16770.0,7,5,1152.63,4,4,3,443
16771.0,92,5,1706.99,2,4,3,243
16772.0,58,3,3698.05,2,3,4,234
16773.0,71,2,249.65,2,2,1,221
16774.0,58,4,905.96,2,3,3,233
16775.0,2,6,1361.23,4,4,3,443
16776.0,50,1,220.97,3,1,1,311
16777.0,48,3,1069.56,3,3,3,333
16779.0,1,32,22554.22,4,4,4,444
16780.0,42,1,174.16,3,1,1,311
16781.0,7,2,623.0,4,2,2,422
16782.0,0,26,7732.37,4,4,4,444
16783.0,71,1,391.95,2,1,2,212
16784.0,11,4,784.73,4,3,3,433
16785.0,44,1,533.78,3,1,2,312
16786.0,28,1,51.84,3,1,1,311
16787.0,32,4,1017.53,3,3,3,333
16788.0,39,3,1334.54,3,3,3,333
16791.0,18,8,2251.85,3,4,4,344
16792.0,18,3,513.08,3,3,2,332
16794.0,15,5,856.1999999999999,4,4,3,443
16795.0,0,3,2062.41,4,3,4,434
16797.0,28,5,1802.02,3,4,4,344
16798.0,189,3,841.16,1,3,3,133
16799.0,67,2,452.78000000000003,2,2,2,222
16802.0,314,2,582.61,1,2,2,122
16805.0,212,3,630.75,1,3,2,132
16807.0,105,3,1002.29,2,3,3,233
16809.0,67,4,812.74,2,3,3,233
16810.0,55,1,532.5,2,1,2,212
16812.0,13,3,1912.65,4,3,4,434
16814.0,4,16,5781.4400000000005,4,4,4,444
16815.0,88,2,406.02,2,2,2,222
16817.0,3,5,1200.15,4,4,3,443
16819.0,100,2,182.59,2,2,1,221
16821.0,16,1,113.35,4,1,1,411
16822.0,321,1,181.39,1,1,1,111
16823.0,22,6,1884.71,3,4,4,344
16824.0,28,1,225.6,3,1,1,311
16825.0,13,3,1051.71,4,3,3,433
16827.0,28,5,392.13,3,4,2,342
16829.0,23,1,316.1,3,1,2,312
16830.0,77,3,881.59,2,3,3,233
16831.0,199,1,91.8,1,1,1,111
16832.0,63,2,218.46,2,2,1,221
16833.0,74,2,1302.51,2,2,3,223
16834.0,309,1,485.5,1,1,2,112
16835.0,8,5,1357.56,4,4,3,443
16836.0,41,2,530.5,3,2,2,322
16838.0,165,2,570.76,1,2,2,122
16839.0,4,11,5716.14,4,4,4,444
16840.0,238,2,139.85,1,2,1,121
16841.0,63,6,2136.2400000000002,2,4,4,244
16843.0,57,19,9374.86,2,4,4,244
16844.0,197,2,614.34,1,2,2,122
16845.0,253,1,253.88,1,1,1,111
16846.0,212,2,628.09,1,2,2,122
16847.0,253,1,421.45,1,1,2,112
16848.0,11,3,1130.2,4,3,3,433
16854.0,52,2,1408.96,3,2,3,323
16856.0,52,2,323.09000000000003,3,2,2,322
16857.0,77,1,352.8,2,1,2,212
16858.0,3,10,4292.59,4,4,4,444
16859.0,51,5,1184.6,3,4,3,343
16860.0,87,3,1610.62,2,3,3,233
16861.0,25,3,772.83,3,3,3,333
16862.0,182,4,662.33,1,3,2,132
16863.0,1,2,495.72,4,2,2,422
16864.0,69,2,409.25,2,2,2,222
16865.0,36,1,130.95,3,1,1,311
16867.0,324,1,76.74000000000001,1,1,1,111
16868.0,29,3,384.56,3,3,2,332
16870.0,104,1,450.16,2,1,2,212
16872.0,62,3,533.11,2,3,2,232
16873.0,64,6,7493.77,2,4,4,244
16874.0,14,1,209.89000000000001,4,1,1,411
16875.0,72,6,2139.0,2,4,4,244
16876.0,38,1,136.01,3,1,1,311
16880.0,128,1,321.78000000000003,2,1,2,212
16883.0,6,18,2101.61,4,4,4,444
16884.0,191,2,641.13,1,2,2,122
16885.0,20,1,234.19,3,1,1,311
16886.0,91,1,134.0,2,1,1,211
16887.0,35,2,465.84000000000003,3,2,2,322
16888.0,35,3,434.2,3,3,2,332
16889.0,32,3,947.98,3,3,3,333
16890.0,111,3,285.41,2,3,1,231
16891.0,6,7,1202.77,4,4,3,443
16892.0,189,2,236.56,1,2,1,121
16893.0,1,2,249.89000000000001,4,2,1,421
16894.0,137,3,1306.96,1,3,3,133
16895.0,73,4,900.63,2,3,3,233
16896.0,190,1,103.95,1,1,1,111
16898.0,3,3,496.26,4,3,2,432
16899.0,13,2,424.71000000000004,4,2,2,422
16901.0,364,1,204.26,1,1,1,111
16903.0,15,2,678.55,4,2,2,422
16904.0,2,7,1360.31,4,4,3,443
16905.0,6,11,1923.57,4,4,4,444
16906.0,63,3,851.33,2,3,3,233
16907.0,0,5,722.0500000000001,4,4,3,443
16908.0,357,1,252.59,1,1,1,111
16911.0,270,2,255.25,1,2,1,121
16912.0,56,4,1904.93,2,3,4,234
16913.0,286,2,310.47,1,2,2,122
16915.0,21,5,921.5,3,4,3,343
16916.0,7,3,536.04,4,3,2,432
16917.0,267,1,1460.3600000000001,1,1,3,113
16918.0,57,10,2137.72,2,4,4,244
16919.0,3,14,2515.76,4,4,4,444
16920.0,46,1,355.45,3,1,2,312
16921.0,77,2,255.03,2,2,1,221
16922.0,207,1,611.08,1,1,2,112
16923.0,10,13,6088.05,4,4,4,444
16925.0,175,1,125.65,1,1,1,111
16926.0,6,5,1169.6100000000001,4,4,3,443
16928.0,8,13,1199.08,4,4,3,443
16931.0,4,3,629.4,4,3,2,432
16932.0,58,2,262.32,2,2,1,221
16933.0,24,7,2536.07,3,4,4,344
16934.0,18,4,1152.1100000000001,3,3,3,333
16935.0,16,3,530.86,4,3,2,432
16936.0,20,1,286.39,3,1,1,311
16937.0,134,1,196.25,2,1,1,211
16938.0,16,5,4283.68,4,4,4,444
16939.0,123,3,433.84999999999997,2,3,2,232
16940.0,85,5,3377.78,2,4,4,244
16941.0,246,1,33.0,1,2,1,121
16943.0,174,2,482.76,1,2,2,122
16944.0,244,1,101.36,1,2,1,121
16945.0,28,14,4202.66,3,4,4,344
16946.0,18,5,1222.04,3,4,3,343
16947.0,97,4,548.73,2,3,2,232
16948.0,64,4,433.75,2,3,2,232
16950.0,2,8,2535.21,4,4,4,444
16952.0,76,3,628.22,2,3,2,232
16954.0,14,11,3996.7999999999997,4,4,4,444
16955.0,3,4,790.74,4,3,3,433
16958.0,70,1,778.49,2,2,3,223
16960.0,25,5,1483.83,3,4,3,343
16961.0,23,2,560.39,3,2,2,322
16962.0,44,1,251.04,3,2,1,321
16964.0,368,2,207.85,1,2,1,121
16970.0,261,1,71.4,1,2,1,121
16972.0,17,2,749.0,4,2,3,423
16973.0,21,1,127.0,3,2,1,321
16974.0,157,2,365.5,1,2,2,122
16975.0,58,3,926.12,2,3,3,233
16977.0,30,4,496.0,3,3,2,332
16978.0,301,2,424.55,1,2,2,122
16979.0,18,3,1007.74,3,3,3,333
16980.0,63,1,394.37,2,2,2,222
16983.0,4,5,1748.15,4,4,4,444
16984.0,39,7,5891.01,3,4,4,344
16985.0,11,13,5459.04,4,4,4,444
16986.0,80,9,3015.55,2,4,4,244
16987.0,11,4,904.6,4,3,3,433
16988.0,14,1,256.55,4,2,1,421
16990.0,57,1,165.0,2,2,1,221
16991.0,56,1,1041.21,2,2,3,223
16992.0,22,8,3862.19,3,4,4,344
16993.0,98,2,1950.95,2,2,4,224
16996.0,17,3,666.6500000000001,4,3,2,432
16998.0,79,1,107.0,2,2,1,221
17000.0,31,2,406.3,3,2,2,322
17001.0,11,8,2651.23,4,4,4,444
17002.0,78,4,1077.82,2,3,3,233
17003.0,37,4,828.21,3,3,3,333
17004.0,27,2,1012.22,3,2,3,323
17005.0,105,2,622.36,2,2,2,222
17006.0,27,4,853.49,3,3,3,333
17007.0,72,1,230.17000000000002,2,2,1,221
17008.0,64,1,81.36,2,2,1,221
17009.0,186,1,242.06,1,2,1,121
17011.0,282,2,400.8,1,2,2,122
17012.0,360,1,360.61,1,2,2,122
17016.0,211,1,552.4,1,2,2,122
17017.0,0,13,5416.35,4,4,4,444
17018.0,22,4,1367.6,3,3,3,333
17019.0,3,8,2703.03,4,4,4,444
17020.0,177,2,935.62,1,2,3,123
17021.0,77,6,1182.22,2,4,3,243
17022.0,67,1,189.0,2,2,1,221
17023.0,52,3,800.1800000000001,3,3,3,333
17025.0,8,4,1152.8700000000001,4,3,3,433
17026.0,4,2,54.15,4,2,1,421
17027.0,81,3,433.07,2,3,2,232
17028.0,216,3,1593.83,1,3,3,133
17029.0,17,5,1421.3,4,4,3,443
17031.0,13,4,2393.5,4,3,4,434
17032.0,182,8,2984.32,1,4,4,144
17033.0,32,1,302.65000000000003,3,2,1,321
17034.0,44,2,530.9,3,2,2,322
17035.0,226,2,180.06,1,2,1,121
17036.0,18,1,176.9,3,2,1,321
17038.0,50,1,630.77,3,2,2,322
17039.0,239,1,1954.99,1,2,4,124
17040.0,185,1,13.52,1,2,1,121
17041.0,32,3,583.71,3,3,2,332
17043.0,10,4,858.47,4,3,3,433
17044.0,9,11,11013.82,4,4,4,444
17045.0,11,2,488.24,4,2,2,422
17046.0,79,4,1264.05,2,3,3,233
17047.0,66,3,1188.33,2,3,3,233
17048.0,72,4,1146.33,2,3,3,233
17049.0,10,10,4287.5,4,4,4,444
17050.0,10,5,1462.95,4,4,3,443
17051.0,81,3,465.6,2,3,2,232
17055.0,80,1,232.85000000000002,2,2,1,221
17056.0,373,1,128.60000000000002,1,2,1,121
17057.0,231,1,294.74,1,2,1,121
17059.0,4,5,2506.54,4,4,4,444
17062.0,0,4,645.8100000000001,4,3,2,432
17063.0,42,6,2177.39,3,4,4,344
17065.0,272,2,194.7,1,2,1,121
17066.0,361,1,228.34,1,2,1,121
17067.0,359,3,454.54,1,3,2,132
17068.0,3,27,4601.69,4,4,4,444
17069.0,8,6,3084.58,4,4,4,444
17070.0,45,1,133.18,3,2,1,321
17071.0,16,4,1364.68,4,3,3,433
17072.0,260,1,273.35,1,2,1,121
17074.0,197,1,203.05,1,2,1,121
17075.0,64,6,1402.51,2,4,3,243
17076.0,27,3,401.67,3,3,2,332
17077.0,213,1,306.0,1,2,1,121
17080.0,14,5,669.91,4,4,2,442
17081.0,30,4,660.48,3,3,2,332
17082.0,29,4,2728.18,3,3,4,334
17083.0,44,6,2644.01,3,4,4,344
17084.0,31,1,2253.22,3,2,4,324
17085.0,11,23,6285.27,4,4,4,444
17087.0,372,1,221.53,1,2,1,121
17089.0,21,1,128.45,3,2,1,321
17090.0,9,6,1105.53,4,4,3,443
17091.0,2,11,3961.44,4,4,4,444
17092.0,72,7,3737.38,2,4,4,244
17093.0,227,1,235.88,1,2,1,121
17094.0,58,1,100.2,2,2,1,221
17095.0,65,4,1248.09,2,3,3,233
17096.0,18,7,2675.8,3,4,4,344
17097.0,0,2,363.66,4,2,2,422
17098.0,16,3,591.07,4,3,2,432
17099.0,168,1,582.17,1,2,2,122
17101.0,29,3,885.32,3,3,3,333
17103.0,357,1,424.3,1,2,2,122
17104.0,58,1,474.03000000000003,2,2,2,222
17106.0,24,1,481.58000000000004,3,2,2,322
17107.0,32,4,5255.24,3,3,4,334
17108.0,298,1,174.95,1,2,1,121
17109.0,41,2,410.42,3,2,2,322
17110.0,155,2,336.6,1,2,2,122
17111.0,60,1,227.97,2,2,1,221
17112.0,137,1,197.57,1,2,1,121
17113.0,209,6,2305.59,1,4,4,144
17115.0,183,4,1923.99,1,3,4,134
17116.0,283,1,389.78,1,2,2,122
17121.0,37,1,314.74,3,2,2,322
17122.0,23,3,432.18,3,3,2,332
17123.0,74,2,631.87,2,2,2,222
17126.0,16,4,1026.98,4,3,3,433
17127.0,63,5,1155.0300000000002,2,4,3,243
17129.0,155,1,31.85,1,2,1,121
17132.0,87,2,1220.91,2,2,3,223
17133.0,109,5,9730.09,2,4,4,244
17134.0,77,1,212.1,2,2,1,221
17135.0,6,4,798.03,4,3,3,433
17136.0,297,1,231.68,1,2,1,121
17137.0,51,6,1099.81,3,4,3,343
17138.0,24,6,4036.77,3,4,4,344
17139.0,24,13,8915.99,3,4,4,344
17141.0,53,4,727.58,2,3,3,233
17142.0,39,3,696.25,3,3,2,332
17143.0,52,2,880.97,3,2,3,323
17145.0,147,4,3120.91,1,3,4,134
17146.0,70,10,5102.86,2,4,4,244
17147.0,87,5,1485.36,2,4,3,243
17149.0,86,1,143.10000000000002,2,2,1,221
17150.0,11,6,1357.95,4,4,3,443
17151.0,370,1,231.90000000000003,1,2,1,121
17152.0,60,1,327.0,2,2,2,222
17155.0,162,5,640.76,1,4,2,142
17156.0,126,1,591.87,2,2,2,222
17157.0,115,17,4832.900000000001,2,4,4,244
17158.0,182,2,713.03,1,2,3,123
17159.0,112,2,560.71,2,2,2,222
17160.0,9,11,6691.13,4,4,4,444
17161.0,79,1,856.01,2,2,3,223
17163.0,80,2,406.68,2,2,2,222
17165.0,16,5,1635.64,4,4,3,443
17167.0,14,3,867.11,4,3,3,433
17168.0,133,1,400.2,2,2,2,222
17169.0,213,1,320.95,1,2,2,122
17170.0,9,2,178.68,4,2,1,421
17171.0,296,1,159.68,1,2,1,121
17172.0,65,2,638.81,2,2,2,222
17176.0,161,2,596.1899999999999,1,2,2,122
17177.0,140,1,119.5,1,2,1,121
17178.0,366,1,432.96000000000004,1,2,2,122
17179.0,17,3,795.47,4,3,3,433
17180.0,57,7,1452.8,2,4,3,243
17181.0,8,2,225.45000000000002,4,2,1,421
17182.0,57,2,321.3,2,2,2,222
17184.0,204,2,198.41000000000003,1,2,1,121
17185.0,226,3,229.46,1,3,1,131
17187.0,161,1,263.76,1,2,1,121
17188.0,81,6,2118.7000000000003,2,4,4,244
17189.0,195,3,569.88,1,3,2,132
17190.0,38,5,1281.83,3,4,3,343
17191.0,3,11,2726.77,4,4,4,444
17192.0,171,1,75.28,1,2,1,121
17193.0,21,2,610.74,3,2,2,322
17194.0,165,1,549.88,1,2,2,122
17195.0,290,1,562.98,1,2,2,122
17196.0,62,1,327.75,2,2,2,222
17198.0,0,2,521.66,4,2,2,422
17199.0,217,1,135.04000000000002,1,2,1,121
17200.0,22,4,356.71,3,3,2,332
17201.0,158,3,853.32,1,3,3,133
17202.0,55,1,160.65,2,2,1,221
17203.0,23,4,2004.01,3,3,4,334
17204.0,9,5,3940.13,4,4,4,444
17205.0,51,2,615.27,3,2,2,322
17207.0,287,1,292.62,1,2,1,121
17208.0,30,1,111.15,3,2,1,321
17209.0,284,3,595.7,1,3,2,132
17210.0,27,1,251.72,3,2,1,321
17211.0,4,6,1729.43,4,4,4,444
17212.0,93,2,567.56,2,2,2,222
17213.0,1,7,2401.07,4,4,4,444
17215.0,99,1,186.15,2,2,1,221
17216.0,189,1,63.6,1,2,1,121
17217.0,254,1,96.6,1,2,1,121
17218.0,3,9,2226.96,4,4,4,444
17219.0,51,1,144.9,3,2,1,321
17220.0,52,7,1269.76,3,4,3,343
17221.0,226,3,642.14,1,3,2,132
17222.0,112,5,1250.8600000000001,2,4,3,243
17223.0,3,2,433.99,4,2,2,422
17224.0,136,1,100.86000000000001,1,2,1,121
17225.0,216,1,131.15,1,2,1,121
17226.0,79,2,501.98,2,2,2,222
17227.0,3,7,1081.8600000000001,4,4,3,443
17228.0,2,7,1269.89,4,4,3,443
17230.0,198,10,5750.08,1,4,4,144
17231.0,24,15,3940.08,3,4,4,344
17233.0,83,2,369.98,2,2,2,222
17235.0,7,7,1354.82,4,4,3,443
17236.0,45,6,1013.13,3,4,3,343
17237.0,10,2,679.44,4,2,2,422
17238.0,6,17,3982.66,4,4,4,444
17239.0,22,3,806.95,3,3,3,333
17240.0,231,1,130.60000000000002,1,2,1,121
17241.0,20,12,2736.64,3,4,4,344
17242.0,91,3,1754.24,2,3,4,234
17243.0,4,44,11920.43,4,4,4,444
17244.0,18,4,871.14,3,3,3,333
17245.0,324,1,200.18,1,2,1,121
17246.0,181,2,38.92,1,2,1,121
17248.0,116,1,181.89000000000001,2,2,1,221
17249.0,63,1,68.03,2,2,1,221
17251.0,17,2,529.15,4,2,2,422
17254.0,36,1,198.29,3,2,1,321
17255.0,25,2,490.21999999999997,3,2,2,322
17256.0,116,3,258.93,2,3,1,231
17257.0,71,2,189.78,2,2,1,221
17258.0,31,2,417.3,3,2,2,322
17259.0,3,5,1239.11,4,4,3,443
17260.0,46,1,120.95,3,2,1,321
17261.0,144,1,221.59,1,2,1,121
17262.0,1,7,1504.26,4,4,3,443
17264.0,59,1,268.28,2,2,1,221
17266.0,134,2,205.14,2,2,1,221
17268.0,80,7,970.25,2,4,3,243
17269.0,20,1,491.81,3,2,2,322
17270.0,104,2,601.45,2,2,2,222
17271.0,371,1,204.3,1,2,1,121
17273.0,59,1,141.12,2,2,1,221
17274.0,30,1,465.4,3,2,2,322
17275.0,18,1,114.1,3,2,1,321
17276.0,37,1,502.49,3,2,2,322
17278.0,200,1,25.2,1,2,1,121
17280.0,73,1,118.86,2,2,1,221
17281.0,9,6,797.85,4,4,3,443
17282.0,91,2,623.08,2,2,2,222
17283.0,13,1,188.46,4,2,1,421
17284.0,24,2,1140.58,3,2,3,323
17285.0,263,2,407.94,1,2,2,122
17286.0,35,2,237.81,3,2,1,321
17287.0,2,16,3000.5,4,4,4,444
17288.0,25,4,1050.8,3,3,3,333
17289.0,11,6,1110.78,4,4,3,443
17290.0,16,6,974.95,4,4,3,443
17292.0,107,2,271.75,2,2,1,221
17293.0,29,8,1896.57,3,4,4,344
17294.0,304,2,467.79,1,2,2,122
17296.0,365,1,338.13,1,2,2,122
17298.0,9,3,455.84,4,3,2,432
17299.0,74,2,336.62,2,2,2,222
17300.0,25,2,393.64,3,2,2,322
17301.0,259,1,131.15,1,2,1,121
17304.0,169,1,111.5,1,2,1,121
17305.0,283,1,2135.46,1,2,4,124
17306.0,28,2,1151.04,3,2,3,323
17307.0,30,11,3999.8900000000003,3,4,4,344
17308.0,28,2,4511.76,3,2,4,324
17309.0,16,2,237.64000000000001,4,2,1,421
17310.0,22,2,1025.1,3,2,3,323
17311.0,27,4,2181.71,3,3,4,334
17314.0,28,9,2376.51,3,4,4,344
17315.0,10,5,3318.35,4,4,4,444
17316.0,55,1,124.45,2,2,1,221
17318.0,360,1,157.32999999999998,1,2,1,121
17319.0,304,1,29.099999999999998,1,2,1,121
17320.0,3,4,1695.15,4,3,3,433
17321.0,29,4,1008.05,3,3,3,333
17322.0,11,5,922.59,4,4,3,443
17323.0,42,5,644.52,3,4,2,342
17324.0,1,9,1311.64,4,4,3,443
17325.0,45,2,512.77,3,2,2,322
17326.0,43,2,312.35,3,2,2,322
17327.0,44,2,152.35,3,2,1,321
17328.0,308,1,104.7,1,2,1,121
17329.0,366,3,475.42,1,3,2,132
17330.0,179,2,59.900000000000006,1,2,1,121
17332.0,163,5,838.27,1,4,3,143
17334.0,41,1,328.13,3,2,2,322
17335.0,18,2,497.04,3,2,2,322
17336.0,107,1,81.12,2,2,1,221
17338.0,10,9,5395.79,4,4,4,444
17339.0,0,2,119.0,4,2,1,421
17340.0,1,8,9935.93,4,4,4,444
17341.0,1,3,1006.53,4,3,3,433
17342.0,14,4,1227.54,4,3,3,433
17343.0,11,5,1066.3,4,4,3,443
17344.0,363,1,299.74,1,2,1,121
17345.0,10,6,1066.94,4,4,3,443
17346.0,8,12,2509.84,4,4,4,444
17348.0,72,4,1285.69,2,3,3,233
17349.0,15,4,674.16,4,3,2,432
17350.0,29,3,612.381,3,3,2,332
17351.0,62,9,1401.08,2,4,3,243
17352.0,331,1,36.25,1,2,1,121
17353.0,126,2,1502.0,2,2,3,223
17354.0,63,3,1740.8999999999999,2,3,4,234
17355.0,21,1,273.31,3,2,1,321
17356.0,189,4,768.25,1,3,3,133
17358.0,11,3,500.2,4,3,2,432
17359.0,283,1,156.6,1,2,1,121
17360.0,20,3,632.27,3,3,2,332
17361.0,311,2,383.59000000000003,1,2,2,122
17362.0,35,5,711.8100000000001,3,4,3,343
17363.0,30,3,920.46,3,3,3,333
17364.0,11,17,7510.24,4,4,4,444
17365.0,21,7,3417.13,3,4,4,344
17366.0,67,2,1077.24,2,2,3,223
17368.0,10,6,879.42,4,4,3,443
17369.0,90,1,979.2,2,2,3,223
17371.0,258,3,236.97,1,3,1,131
17372.0,16,20,3010.13,4,4,4,444
17373.0,53,3,520.58,2,3,2,232
17374.0,30,1,231.34,3,2,1,321
17375.0,66,1,260.45,2,2,1,221
17376.0,39,2,250.44,3,2,1,321
17377.0,0,60,14174.25,4,4,4,444
17378.0,9,1,10.95,4,2,1,421
17380.0,69,3,645.0,2,3,2,232
17381.0,3,12,19726.76,4,4,4,444
17382.0,70,7,836.88,2,4,3,243
17383.0,88,1,110.7,2,2,1,221
17384.0,102,1,171.15,2,2,1,221
17386.0,20,1,126.35000000000001,3,2,1,321
17388.0,55,7,1415.81,2,4,3,243
17389.0,9,27,25381.65,4,4,4,444
17390.0,55,1,149.3,2,2,1,221
17392.0,85,1,168.65,2,2,1,221
17393.0,45,2,381.15000000000003,3,2,2,322
17395.0,143,1,97.5,1,2,1,121
17396.0,6,7,1476.3,4,4,3,443
17397.0,51,1,516.87,3,2,2,322
17400.0,216,3,2525.44,1,3,4,134
17401.0,176,1,114.85,1,2,1,121
17402.0,4,12,2461.68,4,4,4,444
17403.0,85,1,118.95,2,2,1,221
17404.0,44,8,15874.300000000001,3,4,4,344
17406.0,1,11,2704.63,4,4,4,444
17407.0,46,1,552.9,3,2,2,322
17408.0,135,2,283.44,2,2,1,221
17409.0,56,8,7021.66,2,4,4,244
17411.0,21,2,646.44,3,2,2,322
17412.0,7,10,3159.46,4,4,4,444
17413.0,39,2,560.14,3,2,2,322
17414.0,58,4,1471.52,2,3,3,233
17416.0,28,15,10405.03,3,4,4,344
17417.0,183,1,164.18,1,2,1,121
17418.0,22,1,206.6,3,2,1,321
17419.0,2,8,2273.95,4,4,4,444
17420.0,8,4,485.6,4,3,2,432
17421.0,21,3,1059.41,3,3,3,333
17422.0,16,5,1615.39,4,4,3,443
17423.0,28,1,420.54,3,2,2,322
17426.0,87,7,3040.51,2,4,4,244
17428.0,3,18,14562.91,4,4,4,444
17429.0,31,2,832.54,3,2,3,323
17430.0,0,3,469.40999999999997,4,3,2,432
17432.0,20,7,1363.23,3,4,3,343
17433.0,20,1,266.8,3,2,1,321
17435.0,46,1,331.35,3,2,2,322
17436.0,43,3,317.76,3,3,2,332
17437.0,164,1,369.68,1,2,2,122
17438.0,79,4,1034.32,2,3,3,233
17439.0,290,1,325.74,1,2,2,122
17440.0,184,1,137.16,1,2,1,121
17441.0,367,1,293.35,1,2,1,121
17442.0,16,9,2371.7400000000002,4,4,4,444
17448.0,132,46,14523.67,2,4,4,244
17449.0,22,6,2348.94,3,4,4,344
17450.0,2,7,52422.3,4,4,4,444
17454.0,97,6,1030.41,2,4,3,243
17456.0,0,2,975.5600000000001,4,2,3,423
17457.0,14,9,4247.11,4,4,4,444
17458.0,16,1,213.08,4,2,1,421
17460.0,7,12,1605.8400000000001,4,4,3,443
17463.0,195,2,659.4,1,2,2,122
17464.0,157,2,617.1800000000001,1,2,2,122
17465.0,60,7,2542.79,2,4,4,244
17467.0,30,1,102.6,3,2,1,321
17468.0,10,1,57.8,4,2,1,421
17469.0,35,12,3180.28,3,4,4,344
17470.0,2,7,1679.8,4,4,3,443
17471.0,109,1,321.65000000000003,2,2,2,222
17472.0,263,1,224.81,1,2,1,121
17473.0,43,2,607.0,3,2,2,322
17474.0,234,1,1047.0,1,2,3,123
17476.0,30,2,489.86,3,2,2,322
17477.0,247,2,1144.3,1,2,3,123
17478.0,43,2,1272.8000000000002,3,2,3,323
17479.0,267,1,389.26000000000005,1,2,2,122
17480.0,79,1,370.41,2,2,2,222
17482.0,122,2,775.64,2,2,3,223
17483.0,49,1,177.69,3,2,1,321
17484.0,211,2,209.57,1,2,1,121
17487.0,363,1,160.55,1,2,1,121
17488.0,276,1,336.5,1,2,2,122
17490.0,23,2,658.1800000000001,3,2,2,322
17491.0,2,8,2422.2,4,4,4,444
17492.0,113,2,747.85,2,2,3,223
17493.0,20,1,100.91,3,2,1,321
17494.0,136,1,54.7,1,2,1,121
17495.0,25,1,309.16,3,2,2,322
17496.0,198,3,1141.84,1,3,3,133
17497.0,25,2,287.25,3,2,1,321
17499.0,196,1,718.51,1,2,3,123
17504.0,15,9,6493.14,4,4,4,444
17505.0,185,3,1289.64,1,3,3,133
17508.0,16,7,4191.92,4,4,4,444
17510.0,55,1,206.08,2,2,1,221
17511.0,2,31,84541.17,4,4,4,444
17512.0,87,8,2542.83,2,4,4,244
17513.0,43,2,645.6,3,2,2,322
17514.0,304,1,313.35,1,2,2,122
17515.0,29,5,963.49,3,4,3,343
17516.0,13,1,182.62,4,2,1,421
17518.0,60,2,329.42,2,2,2,222
17519.0,3,10,3265.4500000000003,4,4,4,444
17521.0,29,2,554.85,3,2,2,322
17524.0,73,2,394.14,2,2,2,222
17525.0,32,2,739.2,3,2,3,323
17526.0,0,9,2970.14,4,4,4,444
17529.0,245,2,1240.25,1,2,3,123
17530.0,0,3,725.21,4,3,3,433
17531.0,162,2,970.12,1,2,3,123
17532.0,20,1,65.34,3,2,1,321
17533.0,69,1,34.8,2,2,1,221
17534.0,86,4,1445.47,2,3,3,233
17536.0,55,2,288.33,2,2,1,221
17539.0,252,4,1176.84,1,3,3,133
17540.0,18,4,1011.7,3,3,3,333
17541.0,144,1,119.86,1,2,1,121
17542.0,276,2,170.1,1,2,1,121
17543.0,184,1,120.05,1,2,1,121
17544.0,25,3,944.82,3,3,3,333
17545.0,25,3,767.54,3,3,3,333
17547.0,10,2,727.85,4,2,3,423
17548.0,13,3,627.96,4,3,2,432
17550.0,32,6,2239.48,3,4,4,344
17552.0,7,10,2154.88,4,4,4,444
17553.0,107,3,2270.0,2,3,4,234
17555.0,60,3,565.43,2,3,2,232
17556.0,14,1,142.77,4,2,1,421
17557.0,367,1,34.0,1,2,1,121
17558.0,28,1,259.17,3,2,1,321
17559.0,147,1,167.62,1,2,1,121
17560.0,30,4,1040.85,3,3,3,333
17561.0,25,3,537.9,3,3,2,332
17563.0,213,2,392.38,1,2,2,122
17565.0,221,1,131.83,1,2,1,121
17567.0,7,2,1024.55,4,2,3,423
17568.0,268,1,374.45,1,2,2,122
17570.0,16,1,100.0,4,2,1,421
17571.0,177,1,205.23999999999998,1,2,1,121
17572.0,8,7,496.26000000000005,4,4,2,442
17575.0,302,1,171.7,1,2,1,121
17576.0,0,23,5266.77,4,4,4,444
17577.0,280,2,348.75,1,2,2,122
17578.0,109,6,903.87,2,4,3,243
17579.0,213,1,304.38,1,2,1,121
17580.0,11,2,325.3,4,2,2,422
17581.0,7,20,7712.71,4,4,4,444
17582.0,81,4,1271.68,2,3,3,233
17583.0,195,1,135.95,1,2,1,121
17584.0,102,4,4067.12,2,3,4,234
17585.0,80,3,948.03,2,3,3,233
17586.0,254,1,167.4,1,2,1,121
17587.0,263,1,176.71,1,2,1,121
17588.0,31,4,1699.35,3,3,3,333
17589.0,20,14,11433.77,3,4,4,344
17591.0,2,2,519.95,4,2,2,422
17592.0,373,1,148.3,1,2,1,121
17593.0,44,6,4168.46,3,4,4,344
17594.0,84,2,1504.7,2,2,3,223
17596.0,3,7,2075.7400000000002,4,4,4,444
17597.0,53,4,1439.72,2,3,3,233
17598.0,16,1,409.98,4,2,2,422
17599.0,112,1,52.05,2,2,1,221
17601.0,15,1,297.07,4,2,1,421
17602.0,107,8,2300.01,2,4,4,244
17603.0,252,3,1393.66,1,3,3,133
17604.0,57,4,633.02,2,3,2,232
17605.0,225,1,160.75,1,2,1,121
17606.0,372,1,87.30000000000001,1,2,1,121
17607.0,11,1,333.81,4,2,2,422
17608.0,84,2,296.07,2,2,1,221
17609.0,37,6,782.12,3,4,3,343
17610.0,175,5,1511.94,1,4,3,143
17611.0,56,13,4376.41,2,4,4,244
17612.0,14,12,3346.41,4,4,4,444
17615.0,22,3,392.2,3,3,2,332
17616.0,2,2,489.59999999999997,4,2,2,422
17617.0,193,1,385.19,1,2,2,122
17618.0,18,8,3071.36,3,4,4,344
17621.0,39,3,1795.22,3,3,4,334
17622.0,232,2,1130.21,1,2,3,123
17623.0,44,6,1838.72,3,4,4,344
17624.0,72,2,725.15,2,2,3,223
17625.0,81,4,3958.5,2,3,4,234
17626.0,237,1,254.0,1,2,1,121
17627.0,113,1,296.36,2,2,1,221
17629.0,23,2,641.4,3,2,2,322
17631.0,9,4,470.16,4,3,2,432
17633.0,14,3,732.55,4,3,3,433
17635.0,59,3,1265.58,2,3,3,233
17638.0,282,2,842.4000000000001,1,2,3,123
17639.0,22,5,506.67,3,4,2,342
17640.0,14,5,2547.28,4,4,4,444
17642.0,64,3,1112.2,2,3,3,233
17643.0,8,2,439.7,4,2,2,422
17644.0,29,9,3132.96,3,4,4,344
17646.0,0,10,3141.4,4,4,4,444
17647.0,304,2,198.6,1,2,1,121
17648.0,20,1,418.87,3,2,2,322
17649.0,104,2,710.4,2,2,3,223
17651.0,133,6,1758.52,2,4,4,244
17655.0,1,3,1013.54,4,3,3,433
17657.0,65,1,126.0,2,2,1,221
17659.0,7,3,835.33,4,3,3,433
17660.0,372,1,163.47,1,2,1,121
17662.0,296,2,412.92,1,2,2,122
17663.0,52,10,3372.92,3,4,4,344
17664.0,109,2,561.59,2,2,2,222
17665.0,128,1,563.1,2,2,2,222
17666.0,112,3,1319.6399999999999,2,3,3,233
17667.0,70,4,1895.19,2,3,4,234
17669.0,97,3,2735.63,2,3,4,234
17671.0,0,2,830.63,4,2,3,423
17672.0,52,5,2600.46,3,4,4,344
17673.0,10,7,2578.91,4,4,4,444
17674.0,3,1,300.66,4,2,1,421
17675.0,2,40,17885.32,4,4,4,444
17676.0,1,5,1378.16,4,4,3,443
17677.0,1,28,20329.68,4,4,4,444
17678.0,238,1,301.65,1,2,1,121
17679.0,156,5,1585.5,1,4,3,143
17680.0,18,2,313.05,3,2,2,322
17681.0,232,5,731.2,1,4,3,143
17682.0,3,6,1982.45,4,4,4,444
17683.0,20,3,819.01,3,3,3,333
17685.0,7,6,2751.64,4,4,4,444
17686.0,58,2,2557.35,2,2,4,224
17687.0,55,1,432.68,2,2,2,222
17688.0,28,1,304.2,3,2,1,321
17689.0,23,2,317.08,3,2,2,322
17690.0,1,8,2685.2,4,4,4,444
17691.0,3,3,489.65000000000003,4,3,2,432
17692.0,31,8,2234.86,3,4,4,344
17694.0,146,2,1412.85,1,2,3,123
17695.0,29,3,980.6999999999999,3,3,3,333
17696.0,17,19,5393.88,4,4,4,444
17699.0,111,2,442.0,2,2,2,222
17700.0,16,10,4145.33,4,4,4,444
17702.0,18,2,1319.67,3,2,3,323
17703.0,53,1,296.1,2,2,1,221
17705.0,90,2,260.38,2,3,1,231
17706.0,1,17,10245.49,4,4,4,444
17707.0,11,6,456.9,4,4,2,442
17708.0,37,2,620.85,3,3,2,332
17709.0,105,4,533.5600000000001,2,3,2,232
17710.0,58,1,293.5,2,2,1,221
17713.0,17,4,1198.09,4,3,3,433
17714.0,59,4,1257.18,2,3,3,233
17715.0,227,1,163.2,1,2,1,121
17716.0,31,13,10300.98,3,4,4,344
17717.0,56,1,376.92,2,2,2,222
17718.0,279,1,299.83,1,2,1,121
17720.0,2,7,1572.97,4,4,3,443
17721.0,294,1,307.21000000000004,1,2,2,122
17722.0,1,2,2006.32,4,3,4,434
17723.0,10,1,102.0,4,2,1,421
17726.0,30,7,1092.06,3,4,3,343
17728.0,39,2,1362.75,3,3,3,333
17729.0,231,1,438.65000000000003,1,2,2,122
17730.0,17,7,2475.32,4,4,4,444
17731.0,256,2,468.88,1,3,2,132
17732.0,7,8,2166.42,4,4,4,444
17734.0,160,3,741.69,1,3,3,133
17735.0,2,8,4134.91,4,4,4,444
17738.0,30,9,2304.51,3,4,4,344
17739.0,9,11,4939.24,4,4,4,444
17740.0,24,6,426.90000000000003,3,4,2,342
17741.0,41,2,101.1,3,3,1,331
17742.0,63,9,1743.3700000000001,2,4,4,244
17743.0,83,1,229.2,2,2,1,221
17744.0,15,1,326.74,4,2,2,422
17745.0,112,2,600.34,2,3,2,232
17746.0,106,3,793.9300000000001,2,3,3,233
17748.0,162,1,358.15,1,2,2,122
17749.0,181,1,351.66,1,2,2,122
17751.0,56,1,157.85999999999999,2,2,1,221
17753.0,99,4,382.06,2,3,2,232
17754.0,9,8,2786.57,4,4,4,444
17756.0,10,3,728.75,4,3,3,433
17757.0,3,28,3773.11,4,4,4,444
17758.0,62,4,1555.83,2,3,3,233
17759.0,28,2,441.92,3,3,2,332
17760.0,8,5,631.34,4,4,2,442
17762.0,91,1,129.75,2,2,1,221
17763.0,288,3,71.15,1,3,1,131
17764.0,37,3,741.02,3,3,3,333
17765.0,83,1,156.37,2,2,1,221
17766.0,16,2,299.61,4,3,1,431
17767.0,45,1,141.85,3,2,1,321
17768.0,22,4,1210.83,3,3,3,333
17769.0,18,7,3095.95,3,4,4,344
17771.0,71,2,141.6,2,3,1,231
17772.0,27,1,187.3,3,2,1,321
17773.0,149,2,575.37,1,3,2,132
17774.0,32,5,2060.1,3,4,4,344
17776.0,21,2,330.56,3,3,2,332
17778.0,296,1,197.70000000000002,1,2,1,121
17780.0,302,3,346.56,1,3,2,132
17782.0,17,2,679.02,4,3,2,432
17783.0,147,1,93.49,1,2,1,121
17784.0,185,1,112.86,1,2,1,121
17785.0,80,2,271.44,2,3,1,231
17787.0,6,1,736.28,4,2,3,423
17789.0,296,1,171.25,1,2,1,121
17790.0,13,6,815.11,4,4,3,443
17792.0,102,2,368.35,2,3,2,232
17794.0,321,2,147.3,1,3,1,131
17796.0,4,4,661.04,4,3,2,432
17797.0,30,5,1191.44,3,4,3,343
17798.0,216,1,178.07,1,2,1,121
17799.0,24,10,3207.76,3,4,4,344
17801.0,86,3,770.03,2,3,3,233
17802.0,7,8,3761.38,4,4,4,444
17803.0,27,1,184.66,3,2,1,321
17804.0,11,3,383.78000000000003,4,3,2,432
17805.0,245,1,414.72,1,2,2,122
17807.0,30,3,437.87,3,3,2,332
17808.0,183,4,262.64,1,3,1,131
17809.0,6,11,5925.4800000000005,4,4,4,444
17810.0,303,2,373.16,1,3,2,132
17811.0,9,8,1757.98,4,4,4,444
17812.0,3,4,405.48,4,3,2,432
17814.0,10,2,1609.37,4,3,3,433
17815.0,28,1,591.96,3,2,2,322
17816.0,0,3,75.75999999999999,4,3,1,431
17817.0,13,3,400.46999999999997,4,3,2,432
17818.0,372,1,124.78,1,2,1,121
17819.0,6,6,2907.65,4,4,4,444
17820.0,9,1,180.60999999999999,4,2,1,421
17821.0,41,1,334.62,3,2,2,322
17822.0,55,5,2162.93,2,4,4,244
17823.0,56,2,449.25,2,3,2,232
17825.0,233,4,701.96,1,3,3,133
17826.0,9,1,133.34,4,2,1,421
17827.0,256,1,388.84,1,2,2,122
17829.0,44,4,3867.5,3,3,4,334
17833.0,358,1,338.46000000000004,1,2,2,122
17834.0,49,2,689.6700000000001,3,3,2,332
17838.0,0,10,3786.7000000000003,4,4,4,444
17840.0,78,1,175.9,2,2,1,221
17841.0,0,91,29562.02,4,4,4,444
17842.0,237,1,430.69,1,2,2,122
17843.0,46,1,114.92,3,2,1,321
17845.0,190,4,596.09,1,3,2,132
17847.0,150,2,129.69,1,3,1,131
17848.0,52,21,2657.91,3,4,4,344
17849.0,115,4,457.96000000000004,2,3,2,232
17850.0,7,155,51208.87,4,4,4,444
17851.0,57,6,1552.35,2,4,3,243
17852.0,23,3,543.47,3,3,2,332
17853.0,42,3,1596.29,3,3,3,333
17854.0,97,4,757.24,2,3,3,233
17855.0,7,1,208.97,4,2,1,421
17857.0,0,2,1803.2,4,3,4,434
17858.0,4,19,7614.24,4,4,4,444
17860.0,3,4,717.39,4,3,3,433
17861.0,20,10,2990.41,3,4,4,344
17862.0,20,3,923.99,3,3,3,333
17863.0,4,7,2585.2,4,4,4,444
17864.0,20,2,321.72,3,3,2,332
17865.0,10,26,15785.87,4,4,4,444
17866.0,119,2,805.3000000000001,2,3,3,233
17867.0,45,9,424.18,3,4,2,342
17868.0,21,1,227.15,3,2,1,321
17869.0,3,3,599.78,4,3,2,432
17870.0,1,2,1213.8,4,3,3,433
17871.0,32,4,913.05,3,3,3,333
17872.0,16,1,235.87,4,2,1,421
17873.0,8,14,4621.320000000001,4,4,4,444
17875.0,323,1,167.1,1,2,1,121
17876.0,34,3,3424.02,3,3,4,334
17878.0,30,2,999.48,3,3,3,333
17880.0,274,2,366.0,1,3,2,132
17882.0,14,2,291.56,4,3,1,431
17883.0,174,3,324.08,1,3,2,132
17884.0,3,18,2325.92,4,4,4,444
17886.0,72,3,703.27,2,3,3,233
17888.0,9,17,1091.44,4,4,3,443
17889.0,9,5,545.05,4,4,2,442
17894.0,1,11,1292.39,4,4,3,443
17897.0,2,8,1968.75,4,4,4,444
17898.0,87,2,147.12,2,3,1,231
17901.0,156,2,149.7,1,3,1,131
17902.0,181,1,216.4,1,2,1,121
17903.0,29,1,381.09000000000003,3,2,2,322
17905.0,8,10,1580.38,4,4,3,443
17907.0,275,1,291.76,1,2,1,121
17908.0,8,5,1142.47,4,4,3,443
17909.0,372,1,110.05,1,2,1,121
17910.0,361,1,261.7,1,2,1,121
17912.0,10,1,64.49,4,2,1,421
17913.0,35,12,3020.64,3,4,4,344
17915.0,186,1,225.78,1,2,1,121
17916.0,263,2,43.87,1,3,1,131
17918.0,135,3,396.39,2,3,2,232
17919.0,73,1,536.28,2,2,2,222
17920.0,3,39,20137.24,4,4,4,444
17921.0,14,6,1574.13,4,4,3,443
17922.0,178,1,170.4,1,2,1,121
17923.0,162,2,289.5,1,3,1,131
17924.0,8,2,574.2,4,3,2,432
17925.0,7,1,244.08,4,2,1,421
17926.0,79,3,638.2,2,3,2,232
17927.0,356,1,294.0,1,2,1,121
17928.0,206,1,128.7,1,2,1,121
17929.0,22,8,2239.1,3,4,4,344
17930.0,28,8,2534.7400000000002,3,4,4,344
17931.0,32,12,2993.88,3,4,4,344
17933.0,267,1,114.69,1,2,1,121
17934.0,41,1,344.90000000000003,3,2,2,322
17935.0,35,5,540.35,3,4,2,342
17938.0,55,1,144.29,2,2,1,221
17940.0,80,6,26286.75,2,4,4,244
17941.0,225,3,1128.72,1,3,3,133
17944.0,58,1,74.99,2,2,1,221
17945.0,331,3,360.35,1,3,2,132
17949.0,6,74,60117.6,4,4,4,444
17950.0,0,6,947.26,4,4,3,443
17951.0,8,2,627.5400000000001,4,3,2,432
17952.0,13,4,788.46,4,3,3,433
17953.0,175,1,159.17000000000002,1,2,1,121
17954.0,2,9,1618.93,4,4,3,443
17955.0,290,2,392.6,1,3,2,132
17958.0,363,1,465.41999999999996,1,2,2,122
17959.0,227,1,140.75,1,2,1,121
17960.0,157,2,61.300000000000004,1,3,1,131
17961.0,7,62,1697.85,4,4,3,443
17962.0,184,3,564.55,1,3,2,132
17963.0,106,4,643.16,2,3,2,232
17964.0,7,1,261.76,4,2,1,421
17965.0,0,17,4558.01,4,4,4,444
17966.0,226,5,865.49,1,4,3,143
17967.0,6,2,223.42,4,3,1,431
17968.0,8,4,590.44,4,3,2,432
17969.0,137,18,2126.09,1,4,4,144
17971.0,183,1,161.94,1,2,1,121
17974.0,16,3,1035.1,4,3,3,433
17975.0,1,12,2527.17,4,4,4,444
17976.0,7,1,321.79,4,2,2,422
17977.0,35,1,1223.31,3,2,3,323
17978.0,0,4,1159.99,4,3,3,433
17980.0,28,1,201.27,3,2,1,321
17981.0,45,1,239.12,3,2,1,321
17982.0,315,1,138.18,1,2,1,121
17983.0,30,1,171.71,3,2,1,321
17984.0,27,4,999.51,3,3,3,333
17987.0,11,4,766.87,4,3,3,433
17988.0,122,7,288.42,2,4,1,241
17989.0,14,1,207.33,4,2,1,421
17990.0,15,3,896.7700000000001,4,3,3,433
17991.0,226,1,206.95,1,2,1,121
17992.0,24,1,252.88,3,2,1,321
17993.0,252,1,225.99,1,2,1,121
17994.0,23,7,1595.1399999999999,3,4,3,343
17995.0,17,2,419.38,4,3,2,432
17996.0,14,3,482.33,4,3,2,432
17998.0,15,3,639.24,4,3,2,432
17999.0,1,2,338.41,4,3,2,432
18000.0,199,1,124.25,1,2,1,121
18001.0,84,4,509.01,2,3,2,232
18002.0,10,4,244.37,4,3,1,431
18003.0,11,1,353.51,4,2,2,422
18006.0,16,3,524.83,4,3,2,432
18007.0,27,1,215.22,3,2,1,321
18008.0,50,14,17642.89,3,4,4,344
18009.0,177,7,1896.84,1,4,4,144
18011.0,8,2,410.79,4,3,2,432
18012.0,358,1,115.3,1,2,1,121
18016.0,45,2,476.90000000000003,3,3,2,332
18017.0,66,1,165.0,2,2,1,221
18018.0,34,2,175.85,3,3,1,331
18020.0,178,1,190.48000000000002,1,2,1,121
18021.0,144,2,216.41,1,3,1,131
18022.0,20,4,894.53,3,3,3,333
18025.0,14,6,1177.72,4,4,3,443
18026.0,135,2,2074.07,2,3,4,234
18028.0,218,1,192.05,1,2,1,121
18029.0,277,1,433.77,1,2,2,122
18031.0,13,1,451.3,4,2,2,422
18034.0,10,1,335.52,4,2,2,422
18035.0,20,2,546.34,3,3,2,332
18036.0,20,8,1142.37,3,4,3,343
18037.0,56,9,97.39999999999999,2,4,1,241
18038.0,191,1,141.48,1,2,1,121
18039.0,9,4,548.22,4,3,2,432
18041.0,0,20,4536.29,4,4,4,444
18042.0,176,1,116.10000000000001,1,2,1,121
18043.0,1,1,287.91,4,2,1,421
18044.0,22,8,1417.01,3,4,3,343
18046.0,284,1,189.63,1,2,1,121
18047.0,16,2,326.09,4,3,2,432
18048.0,128,1,222.64000000000001,2,2,1,221
18049.0,72,2,500.92,2,3,2,232
18050.0,28,1,337.66,3,2,2,322
18051.0,269,7,2282.28,1,4,4,144
18052.0,199,1,10877.18,1,2,4,124
18053.0,160,2,271.05,1,3,1,131
18054.0,27,1,176.5,3,2,1,321
18055.0,2,6,4381.78,4,4,4,444
18056.0,253,1,190.95,1,2,1,121
18057.0,28,3,1188.46,3,3,3,333
18058.0,176,2,603.9,1,3,2,132
18060.0,43,2,1185.46,3,3,3,333
18061.0,1,19,4369.56,4,4,4,444
18062.0,21,3,912.15,3,3,3,333
18063.0,25,2,186.60000000000002,3,3,1,331
18064.0,81,9,3667.83,2,4,4,244
18065.0,23,15,3473.8,3,4,4,344
18066.0,21,2,1122.4,3,3,3,333
18069.0,18,6,2455.68,3,4,4,344
18070.0,304,1,314.1,1,2,2,122
18071.0,0,5,975.63,4,4,3,443
18074.0,8,2,1019.44,4,3,3,433
18075.0,9,10,3171.54,4,4,4,444
18076.0,15,1,151.49,4,2,1,421
18077.0,1,8,1699.25,4,4,3,443
18078.0,60,2,389.4,2,3,2,232
18079.0,126,1,590.78,2,2,2,222
18083.0,32,1,463.53,3,2,2,322
18084.0,18,2,704.75,3,3,3,333
18085.0,8,3,955.8000000000001,4,3,3,433
18087.0,14,15,10705.8,4,4,4,444
18089.0,81,1,428.45,2,2,2,222
18090.0,56,1,321.9,2,2,2,222
18091.0,228,1,360.85,1,2,2,122
18092.0,0,8,7111.18,4,4,4,444
18093.0,79,4,2346.19,2,3,4,234
18094.0,81,6,3374.22,2,4,4,244
18095.0,62,3,1723.04,2,3,4,234
18096.0,77,3,808.81,2,3,3,233
18097.0,20,5,1965.52,3,4,4,344
18098.0,31,1,527.94,3,2,2,322
18100.0,185,1,451.56,1,2,2,122
18101.0,9,3,399.61,4,3,2,432
18102.0,0,89,349164.35,4,4,4,444
18103.0,184,1,105.8,1,2,1,121
18106.0,111,5,1019.16,2,4,3,243
18107.0,77,1,165.88,2,2,1,221
18108.0,231,2,577.8100000000001,1,3,2,132
18109.0,4,13,1828.24,4,4,4,444
18110.0,46,1,193.48000000000002,3,2,1,321
18111.0,224,1,405.85,1,2,2,122
18112.0,53,2,420.66999999999996,2,3,2,232
18113.0,3,1,76.32000000000001,4,2,1,421
18115.0,332,1,9.700000000000001,1,2,1,121
18116.0,11,5,731.38,4,4,3,443
18118.0,4,4,1068.05,4,3,3,433
18119.0,2,1,180.7,4,2,1,421
18123.0,148,1,92.2,1,2,1,121
18124.0,107,1,102.65,2,2,1,221
18127.0,38,1,209.05,3,2,1,321
18128.0,172,1,399.29,1,2,2,122
18131.0,266,1,222.95999999999998,1,2,1,121
18132.0,139,1,220.13,1,2,1,121
18134.0,233,2,445.0,1,3,2,132
18135.0,27,5,567.71,3,4,2,342
18136.0,44,2,847.03,3,3,3,333
18137.0,186,2,145.99,1,3,1,131
18140.0,108,1,536.41,2,2,2,222
18141.0,36,2,882.47,3,3,3,333
18144.0,8,8,2169.25,4,4,4,444
18145.0,17,7,2748.19,4,4,4,444
18148.0,281,1,112.85000000000001,1,2,1,121
18149.0,39,4,941.88,3,3,3,333
18151.0,55,4,1226.09,2,3,3,233
18152.0,281,1,426.69,1,2,2,122
18153.0,294,1,246.22,1,2,1,121
18154.0,23,3,533.41,3,3,2,332
18156.0,4,1,186.88,4,2,1,421
18157.0,206,1,213.9,1,2,1,121
18160.0,21,1,365.82,3,2,2,322
18161.0,14,1,184.41,4,2,1,421
18162.0,367,1,371.51,1,2,2,122
18163.0,219,1,728.84,1,2,3,123
18166.0,258,1,175.5,1,2,1,121
18168.0,7,11,2538.7599999999998,4,4,4,444
18170.0,9,6,1897.69,4,4,4,444
18171.0,105,4,1206.0,2,3,3,233
18172.0,22,32,9905.56,3,4,4,344
18173.0,247,1,589.52,1,2,2,122
18174.0,238,1,58.5,1,2,1,121
18175.0,310,1,176.10000000000002,1,2,1,121
18177.0,195,3,875.45,1,3,3,133
18178.0,37,7,4512.93,3,4,4,344
18179.0,157,2,754.38,1,3,3,133
18181.0,35,4,821.49,3,3,3,333
18182.0,98,1,291.13,2,2,1,221
18186.0,357,1,329.58000000000004,1,2,2,122
18187.0,266,1,724.89,1,2,3,123
18188.0,65,3,1279.55,2,3,3,233
18189.0,260,1,313.49,1,2,2,122
18190.0,238,3,461.16,1,3,2,132
18191.0,112,1,321.6,2,2,2,222
18193.0,15,2,963.59,4,3,3,433
18194.0,73,5,3188.2,2,4,4,244
18195.0,22,1,101.16,3,2,1,321
18196.0,106,2,770.56,2,3,3,233
18197.0,210,1,230.1,1,2,1,121
18199.0,318,1,344.75,1,2,2,122
18201.0,357,1,447.53000000000003,1,2,2,122
18203.0,16,3,332.1,4,3,2,432
18206.0,188,1,314.65999999999997,1,2,2,122
18207.0,134,1,544.47,2,2,2,222
18208.0,200,1,360.08,1,2,2,122
18210.0,17,1,147.45,4,2,1,421
18212.0,312,1,298.3,1,2,1,121
18214.0,165,4,1780.34,1,3,4,134
18215.0,72,4,1933.15,2,3,4,234
18217.0,148,2,323.29,1,3,2,132
18218.0,231,2,479.91999999999996,1,3,2,132
18219.0,3,8,1493.1200000000001,4,4,3,443
18220.0,29,5,1616.48,3,4,3,343
18221.0,25,1,383.33,3,2,2,322
18223.0,22,12,7516.31,3,4,4,344
18225.0,0,15,7539.84,4,4,4,444
18226.0,13,15,6650.83,4,4,4,444
18227.0,119,1,295.0,2,2,1,221
18229.0,1,10,3526.81,4,4,4,444
18230.0,13,2,1480.8600000000001,4,3,3,433
18231.0,41,23,4782.400000000001,3,4,4,344
18234.0,186,1,179.6,1,2,1,121
18236.0,23,6,913.11,3,4,3,343
18238.0,150,1,270.92,1,2,1,121
18239.0,7,2,588.75,4,3,2,432
18241.0,50,4,913.9,3,3,3,333
18242.0,80,4,1372.72,2,3,3,233
18243.0,49,1,515.78,3,2,2,322
18244.0,65,2,568.64,2,3,2,232
18245.0,14,13,3757.92,4,4,4,444
18246.0,244,1,162.72,1,2,1,121
18247.0,49,3,839.73,3,3,3,333
18251.0,80,8,21964.14,2,4,4,244
18252.0,183,5,1015.42,1,4,3,143
18253.0,277,1,317.88,1,2,2,122
18254.0,216,1,267.9,1,2,1,121
18255.0,91,1,199.85,2,2,1,221
18256.0,22,1,110.69999999999999,3,2,1,321
18257.0,81,4,2262.52,2,3,4,234
18258.0,99,6,2059.67,2,4,4,244
18259.0,1,5,1979.6000000000001,4,4,4,444
18260.0,9,17,7318.91,4,4,4,444
18262.0,28,2,428.06,3,3,2,332
18264.0,133,1,603.25,2,2,2,222
18266.0,69,1,251.1,2,2,1,221
18267.0,307,1,269.37,1,2,1,121
18268.0,226,5,1464.73,1,4,3,143
18269.0,1,1,168.60000000000002,4,2,1,421
18270.0,67,1,161.4,2,2,1,221
18271.0,244,2,680.85,1,3,2,132
18272.0,183,3,1307.4,1,3,3,133
18273.0,225,1,153.0,1,2,1,121
18275.0,213,2,741.85,1,3,3,133
18276.0,27,5,1320.66,3,4,3,343
18277.0,32,4,1069.67,3,3,3,333
18278.0,39,1,240.3,3,2,1,321
18279.0,154,1,231.34,1,2,1,121
18280.0,29,1,307.55,3,2,2,322
18281.0,212,1,120.32,1,2,1,121
18283.0,17,6,619.37,4,4,2,442
18284.0,66,1,461.68,2,2,2,222
18285.0,295,1,427.0,1,2,2,122
18286.0,111,2,1296.43,2,3,3,233
18287.0,17,4,2345.71,4,3,4,434
